Technology,Plan,Year,Capacity_MW
Batteries,PDP8,2000,NA
Batteries,PDP8,2001,NA
Batteries,PDP8,2002,NA
Batteries,PDP8,2003,NA
Batteries,PDP8,2004,NA
Batteries,PDP8,2005,NA
Batteries,PDP8,2006,NA
Batteries,PDP8,2007,NA
Batteries,PDP8,2008,NA
Batteries,PDP8,2009,NA
Batteries,PDP8,2010,NA
Batteries,PDP8,2011,NA
Batteries,PDP8,2012,NA
Batteries,PDP8,2013,NA
Batteries,PDP8,2014,NA
Batteries,PDP8,2015,NA
Batteries,PDP8,2016,NA
Batteries,PDP8,2017,NA
Batteries,PDP8,2018,NA
Batteries,PDP8,2019,NA
Batteries,PDP8,2020,NA
Batteries,PDP8,2021,NA
Batteries,PDP8,2022,NA
Batteries,PDP8,2023,NA
Batteries,PDP8,2024,NA
Batteries,PDP8,2025,0
Batteries,PDP8,2026,60
Batteries,PDP8,2027,120
Batteries,PDP8,2028,180
Batteries,PDP8,2029,240
Batteries,PDP8,2030,300
Batteries,PDP8,2031,1562.5
Batteries,PDP8,2032,2825
Batteries,PDP8,2033,4087.5
Batteries,PDP8,2034,5350
Batteries,PDP8,2035,6612.5
Batteries,PDP8,2036,7875
Batteries,PDP8,2037,9137.5
Batteries,PDP8,2038,10400
Batteries,PDP8,2039,11662.5
Batteries,PDP8,2040,12925
Batteries,PDP8,2041,14187.500000000002
Batteries,PDP8,2042,15450
Batteries,PDP8,2043,16712.5
Batteries,PDP8,2044,17975
Batteries,PDP8,2045,19237.5
Batteries,PDP8,2046,20500
Batteries,PDP8,2047,21762.5
Batteries,PDP8,2048,23025
Batteries,PDP8,2049,24287.5
Batteries,PDP8,2050,25550
Bioenergy,PDP8,2000,130
Bioenergy,PDP8,2001,130
Bioenergy,PDP8,2002,130
Bioenergy,PDP8,2003,130
Bioenergy,PDP8,2004,130
Bioenergy,PDP8,2005,130
Bioenergy,PDP8,2006,130
Bioenergy,PDP8,2007,130
Bioenergy,PDP8,2008,130
Bioenergy,PDP8,2009,130
Bioenergy,PDP8,2010,130
Bioenergy,PDP8,2011,130
Bioenergy,PDP8,2012,130
Bioenergy,PDP8,2013,130
Bioenergy,PDP8,2014,200
Bioenergy,PDP8,2015,220
Bioenergy,PDP8,2016,260
Bioenergy,PDP8,2017,270
Bioenergy,PDP8,2018,380
Bioenergy,PDP8,2019,380
Bioenergy,PDP8,2020,390
Bioenergy,PDP8,2021,370
Bioenergy,PDP8,2022,380
Bioenergy,PDP8,2023,380
Bioenergy,PDP8,2024,420
Bioenergy,PDP8,2025,NA
Bioenergy,PDP8,2026,NA
Bioenergy,PDP8,2027,NA
Bioenergy,PDP8,2028,NA
Bioenergy,PDP8,2029,NA
Bioenergy,PDP8,2030,NA
Bioenergy,PDP8,2031,NA
Bioenergy,PDP8,2032,NA
Bioenergy,PDP8,2033,NA
Bioenergy,PDP8,2034,NA
Bioenergy,PDP8,2035,NA
Bioenergy,PDP8,2036,NA
Bioenergy,PDP8,2037,NA
Bioenergy,PDP8,2038,NA
Bioenergy,PDP8,2039,NA
Bioenergy,PDP8,2040,NA
Bioenergy,PDP8,2041,NA
Bioenergy,PDP8,2042,NA
Bioenergy,PDP8,2043,NA
Bioenergy,PDP8,2044,NA
Bioenergy,PDP8,2045,NA
Bioenergy,PDP8,2046,NA
Bioenergy,PDP8,2047,NA
Bioenergy,PDP8,2048,NA
Bioenergy,PDP8,2049,NA
Bioenergy,PDP8,2050,NA
Biomass,PDP8,2000,NA
Biomass,PDP8,2001,NA
Biomass,PDP8,2002,NA
Biomass,PDP8,2003,NA
Biomass,PDP8,2004,NA
Biomass,PDP8,2005,NA
Biomass,PDP8,2006,NA
Biomass,PDP8,2007,NA
Biomass,PDP8,2008,NA
Biomass,PDP8,2009,NA
Biomass,PDP8,2010,NA
Biomass,PDP8,2011,NA
Biomass,PDP8,2012,NA
Biomass,PDP8,2013,NA
Biomass,PDP8,2014,NA
Biomass,PDP8,2015,NA
Biomass,PDP8,2016,NA
Biomass,PDP8,2017,NA
Biomass,PDP8,2018,NA
Biomass,PDP8,2019,NA
Biomass,PDP8,2020,NA
Biomass,PDP8,2021,NA
Biomass,PDP8,2022,NA
Biomass,PDP8,2023,NA
Biomass,PDP8,2024,NA
Biomass,PDP8,2025,276
Biomass,PDP8,2026,674.8
Biomass,PDP8,2027,1073.6
Biomass,PDP8,2028,1472.3999999999999
Biomass,PDP8,2029,1871.2
Biomass,PDP8,2030,2270
Biomass,PDP8,2031,2457.25
Biomass,PDP8,2032,2644.5
Biomass,PDP8,2033,2831.75
Biomass,PDP8,2034,3019
Biomass,PDP8,2035,3206.25
Biomass,PDP8,2036,3393.5
Biomass,PDP8,2037,3580.75
Biomass,PDP8,2038,3768
Biomass,PDP8,2039,3955.25
Biomass,PDP8,2040,4142.5
Biomass,PDP8,2041,4329.75
Biomass,PDP8,2042,4517
Biomass,PDP8,2043,4704.25
Biomass,PDP8,2044,4891.5
Biomass,PDP8,2045,5078.75
Biomass,PDP8,2046,5266
Biomass,PDP8,2047,5453.25
Biomass,PDP8,2048,5640.5
Biomass,PDP8,2049,5827.75
Biomass,PDP8,2050,6015
Coal,PDP8,2000,NA
Coal,PDP8,2001,NA
Coal,PDP8,2002,NA
Coal,PDP8,2003,NA
Coal,PDP8,2004,NA
Coal,PDP8,2005,NA
Coal,PDP8,2006,NA
Coal,PDP8,2007,NA
Coal,PDP8,2008,NA
Coal,PDP8,2009,NA
Coal,PDP8,2010,NA
Coal,PDP8,2011,NA
Coal,PDP8,2012,NA
Coal,PDP8,2013,NA
Coal,PDP8,2014,NA
Coal,PDP8,2015,NA
Coal,PDP8,2016,NA
Coal,PDP8,2017,NA
Coal,PDP8,2018,NA
Coal,PDP8,2019,NA
Coal,PDP8,2020,NA
Coal,PDP8,2021,NA
Coal,PDP8,2022,NA
Coal,PDP8,2023,NA
Coal,PDP8,2024,NA
Coal,PDP8,2025,29539
Coal,PDP8,2026,29671
Coal,PDP8,2027,29803
Coal,PDP8,2028,29935
Coal,PDP8,2029,30067
Coal,PDP8,2030,30199
Coal,PDP8,2031,28689.05
Coal,PDP8,2032,27179.1
Coal,PDP8,2033,25669.15
Coal,PDP8,2034,24159.2
Coal,PDP8,2035,22649.25
Coal,PDP8,2036,21139.300000000003
Coal,PDP8,2037,19629.35
Coal,PDP8,2038,18119.4
Coal,PDP8,2039,16609.449999999997
Coal,PDP8,2040,15099.5
Coal,PDP8,2041,13589.55
Coal,PDP8,2042,12079.600000000002
Coal,PDP8,2043,10569.649999999998
Coal,PDP8,2044,9059.7
Coal,PDP8,2045,7549.75
Coal,PDP8,2046,6039.799999999999
Coal,PDP8,2047,4529.850000000002
Coal,PDP8,2048,3019.899999999998
Coal,PDP8,2049,1509.9500000000007
Coal,PDP8,2050,0
Coal_CFB,PDP8,2000,0
Coal_CFB,PDP8,2001,0
Coal_CFB,PDP8,2002,0
Coal_CFB,PDP8,2003,0
Coal_CFB,PDP8,2004,0
Coal_CFB,PDP8,2005,111
Coal_CFB,PDP8,2006,111
Coal_CFB,PDP8,2007,226
Coal_CFB,PDP8,2008,226
Coal_CFB,PDP8,2009,446
Coal_CFB,PDP8,2010,1116
Coal_CFB,PDP8,2011,1116
Coal_CFB,PDP8,2012,1556
Coal_CFB,PDP8,2013,1556
Coal_CFB,PDP8,2014,1556
Coal_CFB,PDP8,2015,1676
Coal_CFB,PDP8,2016,2756
Coal_CFB,PDP8,2017,2756
Coal_CFB,PDP8,2018,3376
Coal_CFB,PDP8,2019,3376
Coal_CFB,PDP8,2020,3376
Coal_CFB,PDP8,2021,3376
Coal_CFB,PDP8,2022,3376
Coal_CFB,PDP8,2023,3376
Coal_CFB,PDP8,2024,3376
Coal_CFB,PDP8,2025,3376
Coal_CFB,PDP8,2026,3528
Coal_CFB,PDP8,2027,3680
Coal_CFB,PDP8,2028,3832
Coal_CFB,PDP8,2029,3984
Coal_CFB,PDP8,2030,4136
Coal_CFB,PDP8,2031,3929.2
Coal_CFB,PDP8,2032,3722.4
Coal_CFB,PDP8,2033,3515.6
Coal_CFB,PDP8,2034,3308.8
Coal_CFB,PDP8,2035,3102
Coal_CFB,PDP8,2036,2895.2
Coal_CFB,PDP8,2037,2688.4
Coal_CFB,PDP8,2038,2481.6
Coal_CFB,PDP8,2039,2274.8
Coal_CFB,PDP8,2040,2068
Coal_CFB,PDP8,2041,1861.1999999999998
Coal_CFB,PDP8,2042,1654.4
Coal_CFB,PDP8,2043,1447.6
Coal_CFB,PDP8,2044,1240.8000000000002
Coal_CFB,PDP8,2045,1034
Coal_CFB,PDP8,2046,827.1999999999998
Coal_CFB,PDP8,2047,620.4000000000001
Coal_CFB,PDP8,2048,413.5999999999999
Coal_CFB,PDP8,2049,206.80000000000018
Coal_CFB,PDP8,2050,0
Coal_conv_biomassNH3,PDP8,2000,NA
Coal_conv_biomassNH3,PDP8,2001,NA
Coal_conv_biomassNH3,PDP8,2002,NA
Coal_conv_biomassNH3,PDP8,2003,NA
Coal_conv_biomassNH3,PDP8,2004,NA
Coal_conv_biomassNH3,PDP8,2005,NA
Coal_conv_biomassNH3,PDP8,2006,NA
Coal_conv_biomassNH3,PDP8,2007,NA
Coal_conv_biomassNH3,PDP8,2008,NA
Coal_conv_biomassNH3,PDP8,2009,NA
Coal_conv_biomassNH3,PDP8,2010,NA
Coal_conv_biomassNH3,PDP8,2011,NA
Coal_conv_biomassNH3,PDP8,2012,NA
Coal_conv_biomassNH3,PDP8,2013,NA
Coal_conv_biomassNH3,PDP8,2014,NA
Coal_conv_biomassNH3,PDP8,2015,NA
Coal_conv_biomassNH3,PDP8,2016,NA
Coal_conv_biomassNH3,PDP8,2017,NA
Coal_conv_biomassNH3,PDP8,2018,NA
Coal_conv_biomassNH3,PDP8,2019,NA
Coal_conv_biomassNH3,PDP8,2020,NA
Coal_conv_biomassNH3,PDP8,2021,NA
Coal_conv_biomassNH3,PDP8,2022,NA
Coal_conv_biomassNH3,PDP8,2023,NA
Coal_conv_biomassNH3,PDP8,2024,NA
Coal_conv_biomassNH3,PDP8,2025,0
Coal_conv_biomassNH3,PDP8,2026,0
Coal_conv_biomassNH3,PDP8,2027,0
Coal_conv_biomassNH3,PDP8,2028,0
Coal_conv_biomassNH3,PDP8,2029,0
Coal_conv_biomassNH3,PDP8,2030,0
Coal_conv_biomassNH3,PDP8,2031,0
Coal_conv_biomassNH3,PDP8,2032,0
Coal_conv_biomassNH3,PDP8,2033,0
Coal_conv_biomassNH3,PDP8,2034,0
Coal_conv_biomassNH3,PDP8,2035,0
Coal_conv_biomassNH3,PDP8,2036,0
Coal_conv_biomassNH3,PDP8,2037,0
Coal_conv_biomassNH3,PDP8,2038,0
Coal_conv_biomassNH3,PDP8,2039,0
Coal_conv_biomassNH3,PDP8,2040,0
Coal_conv_biomassNH3,PDP8,2041,0
Coal_conv_biomassNH3,PDP8,2042,0
Coal_conv_biomassNH3,PDP8,2043,0
Coal_conv_biomassNH3,PDP8,2044,0
Coal_conv_biomassNH3,PDP8,2045,0
Coal_conv_biomassNH3,PDP8,2046,0
Coal_conv_biomassNH3,PDP8,2047,0
Coal_conv_biomassNH3,PDP8,2048,0
Coal_conv_biomassNH3,PDP8,2049,0
Coal_conv_biomassNH3,PDP8,2050,0
Coal_conv_biomassNH3_CFB,PDP8,2000,NA
Coal_conv_biomassNH3_CFB,PDP8,2001,NA
Coal_conv_biomassNH3_CFB,PDP8,2002,NA
Coal_conv_biomassNH3_CFB,PDP8,2003,NA
Coal_conv_biomassNH3_CFB,PDP8,2004,NA
Coal_conv_biomassNH3_CFB,PDP8,2005,NA
Coal_conv_biomassNH3_CFB,PDP8,2006,NA
Coal_conv_biomassNH3_CFB,PDP8,2007,NA
Coal_conv_biomassNH3_CFB,PDP8,2008,NA
Coal_conv_biomassNH3_CFB,PDP8,2009,NA
Coal_conv_biomassNH3_CFB,PDP8,2010,NA
Coal_conv_biomassNH3_CFB,PDP8,2011,NA
Coal_conv_biomassNH3_CFB,PDP8,2012,NA
Coal_conv_biomassNH3_CFB,PDP8,2013,NA
Coal_conv_biomassNH3_CFB,PDP8,2014,NA
Coal_conv_biomassNH3_CFB,PDP8,2015,NA
Coal_conv_biomassNH3_CFB,PDP8,2016,NA
Coal_conv_biomassNH3_CFB,PDP8,2017,NA
Coal_conv_biomassNH3_CFB,PDP8,2018,NA
Coal_conv_biomassNH3_CFB,PDP8,2019,NA
Coal_conv_biomassNH3_CFB,PDP8,2020,NA
Coal_conv_biomassNH3_CFB,PDP8,2021,NA
Coal_conv_biomassNH3_CFB,PDP8,2022,NA
Coal_conv_biomassNH3_CFB,PDP8,2023,NA
Coal_conv_biomassNH3_CFB,PDP8,2024,NA
Coal_conv_biomassNH3_CFB,PDP8,2025,0
Coal_conv_biomassNH3_CFB,PDP8,2026,0
Coal_conv_biomassNH3_CFB,PDP8,2027,0
Coal_conv_biomassNH3_CFB,PDP8,2028,0
Coal_conv_biomassNH3_CFB,PDP8,2029,0
Coal_conv_biomassNH3_CFB,PDP8,2030,0
Coal_conv_biomassNH3_CFB,PDP8,2031,0
Coal_conv_biomassNH3_CFB,PDP8,2032,0
Coal_conv_biomassNH3_CFB,PDP8,2033,0
Coal_conv_biomassNH3_CFB,PDP8,2034,0
Coal_conv_biomassNH3_CFB,PDP8,2035,0
Coal_conv_biomassNH3_CFB,PDP8,2036,0
Coal_conv_biomassNH3_CFB,PDP8,2037,0
Coal_conv_biomassNH3_CFB,PDP8,2038,0
Coal_conv_biomassNH3_CFB,PDP8,2039,0
Coal_conv_biomassNH3_CFB,PDP8,2040,0
Coal_conv_biomassNH3_CFB,PDP8,2041,0
Coal_conv_biomassNH3_CFB,PDP8,2042,0
Coal_conv_biomassNH3_CFB,PDP8,2043,0
Coal_conv_biomassNH3_CFB,PDP8,2044,0
Coal_conv_biomassNH3_CFB,PDP8,2045,0
Coal_conv_biomassNH3_CFB,PDP8,2046,0
Coal_conv_biomassNH3_CFB,PDP8,2047,0
Coal_conv_biomassNH3_CFB,PDP8,2048,0
Coal_conv_biomassNH3_CFB,PDP8,2049,0
Coal_conv_biomassNH3_CFB,PDP8,2050,0
Coal_conv_biomassNH3_PVC,PDP8,2000,NA
Coal_conv_biomassNH3_PVC,PDP8,2001,NA
Coal_conv_biomassNH3_PVC,PDP8,2002,NA
Coal_conv_biomassNH3_PVC,PDP8,2003,NA
Coal_conv_biomassNH3_PVC,PDP8,2004,NA
Coal_conv_biomassNH3_PVC,PDP8,2005,NA
Coal_conv_biomassNH3_PVC,PDP8,2006,NA
Coal_conv_biomassNH3_PVC,PDP8,2007,NA
Coal_conv_biomassNH3_PVC,PDP8,2008,NA
Coal_conv_biomassNH3_PVC,PDP8,2009,NA
Coal_conv_biomassNH3_PVC,PDP8,2010,NA
Coal_conv_biomassNH3_PVC,PDP8,2011,NA
Coal_conv_biomassNH3_PVC,PDP8,2012,NA
Coal_conv_biomassNH3_PVC,PDP8,2013,NA
Coal_conv_biomassNH3_PVC,PDP8,2014,NA
Coal_conv_biomassNH3_PVC,PDP8,2015,NA
Coal_conv_biomassNH3_PVC,PDP8,2016,NA
Coal_conv_biomassNH3_PVC,PDP8,2017,NA
Coal_conv_biomassNH3_PVC,PDP8,2018,NA
Coal_conv_biomassNH3_PVC,PDP8,2019,NA
Coal_conv_biomassNH3_PVC,PDP8,2020,NA
Coal_conv_biomassNH3_PVC,PDP8,2021,NA
Coal_conv_biomassNH3_PVC,PDP8,2022,NA
Coal_conv_biomassNH3_PVC,PDP8,2023,NA
Coal_conv_biomassNH3_PVC,PDP8,2024,NA
Coal_conv_biomassNH3_PVC,PDP8,2025,0
Coal_conv_biomassNH3_PVC,PDP8,2026,0
Coal_conv_biomassNH3_PVC,PDP8,2027,0
Coal_conv_biomassNH3_PVC,PDP8,2028,0
Coal_conv_biomassNH3_PVC,PDP8,2029,0
Coal_conv_biomassNH3_PVC,PDP8,2030,0
Coal_conv_biomassNH3_PVC,PDP8,2031,0
Coal_conv_biomassNH3_PVC,PDP8,2032,0
Coal_conv_biomassNH3_PVC,PDP8,2033,0
Coal_conv_biomassNH3_PVC,PDP8,2034,0
Coal_conv_biomassNH3_PVC,PDP8,2035,0
Coal_conv_biomassNH3_PVC,PDP8,2036,0
Coal_conv_biomassNH3_PVC,PDP8,2037,0
Coal_conv_biomassNH3_PVC,PDP8,2038,0
Coal_conv_biomassNH3_PVC,PDP8,2039,0
Coal_conv_biomassNH3_PVC,PDP8,2040,0
Coal_conv_biomassNH3_PVC,PDP8,2041,0
Coal_conv_biomassNH3_PVC,PDP8,2042,0
Coal_conv_biomassNH3_PVC,PDP8,2043,0
Coal_conv_biomassNH3_PVC,PDP8,2044,0
Coal_conv_biomassNH3_PVC,PDP8,2045,0
Coal_conv_biomassNH3_PVC,PDP8,2046,0
Coal_conv_biomassNH3_PVC,PDP8,2047,0
Coal_conv_biomassNH3_PVC,PDP8,2048,0
Coal_conv_biomassNH3_PVC,PDP8,2049,0
Coal_conv_biomassNH3_PVC,PDP8,2050,0
Coal_PVC,PDP8,2000,550
Coal_PVC,PDP8,2001,550
Coal_PVC,PDP8,2002,1140
Coal_PVC,PDP8,2003,1140
Coal_PVC,PDP8,2004,1390
Coal_PVC,PDP8,2005,1279
Coal_PVC,PDP8,2006,1399
Coal_PVC,PDP8,2007,1584
Coal_PVC,PDP8,2008,1584
Coal_PVC,PDP8,2009,1884
Coal_PVC,PDP8,2010,1514
Coal_PVC,PDP8,2011,2794
Coal_PVC,PDP8,2012,2804
Coal_PVC,PDP8,2013,3844
Coal_PVC,PDP8,2014,6944
Coal_PVC,PDP8,2015,11304
Coal_PVC,PDP8,2016,10524
Coal_PVC,PDP8,2017,12814
Coal_PVC,PDP8,2018,14424
Coal_PVC,PDP8,2019,15624
Coal_PVC,PDP8,2020,16914
Coal_PVC,PDP8,2021,19314
Coal_PVC,PDP8,2022,21234
Coal_PVC,PDP8,2023,23144
Coal_PVC,PDP8,2024,23864
Coal_PVC,PDP8,2025,26163
Coal_PVC,PDP8,2026,26143
Coal_PVC,PDP8,2027,26123
Coal_PVC,PDP8,2028,26103
Coal_PVC,PDP8,2029,26083
Coal_PVC,PDP8,2030,26063
Coal_PVC,PDP8,2031,24759.85
Coal_PVC,PDP8,2032,23456.7
Coal_PVC,PDP8,2033,22153.55
Coal_PVC,PDP8,2034,20850.4
Coal_PVC,PDP8,2035,19547.25
Coal_PVC,PDP8,2036,18244.1
Coal_PVC,PDP8,2037,16940.95
Coal_PVC,PDP8,2038,15637.8
Coal_PVC,PDP8,2039,14334.65
Coal_PVC,PDP8,2040,13031.5
Coal_PVC,PDP8,2041,11728.349999999999
Coal_PVC,PDP8,2042,10425.2
Coal_PVC,PDP8,2043,9122.05
Coal_PVC,PDP8,2044,7818.9000000000015
Coal_PVC,PDP8,2045,6515.75
Coal_PVC,PDP8,2046,5212.5999999999985
Coal_PVC,PDP8,2047,3909.4500000000007
Coal_PVC,PDP8,2048,2606.2999999999993
Coal_PVC,PDP8,2049,1303.1500000000015
Coal_PVC,PDP8,2050,0
Export,PDP8,2000,NA
Export,PDP8,2001,NA
Export,PDP8,2002,NA
Export,PDP8,2003,NA
Export,PDP8,2004,NA
Export,PDP8,2005,NA
Export,PDP8,2006,NA
Export,PDP8,2007,NA
Export,PDP8,2008,NA
Export,PDP8,2009,NA
Export,PDP8,2010,NA
Export,PDP8,2011,NA
Export,PDP8,2012,NA
Export,PDP8,2013,NA
Export,PDP8,2014,NA
Export,PDP8,2015,NA
Export,PDP8,2016,NA
Export,PDP8,2017,NA
Export,PDP8,2018,NA
Export,PDP8,2019,NA
Export,PDP8,2020,NA
Export,PDP8,2021,NA
Export,PDP8,2022,NA
Export,PDP8,2023,NA
Export,PDP8,2024,NA
Export,PDP8,2025,0
Export,PDP8,2026,0
Export,PDP8,2027,0
Export,PDP8,2028,0
Export,PDP8,2029,0
Export,PDP8,2030,0
Export,PDP8,2031,0
Export,PDP8,2032,0
Export,PDP8,2033,0
Export,PDP8,2034,0
Export,PDP8,2035,0
Export,PDP8,2036,0
Export,PDP8,2037,0
Export,PDP8,2038,0
Export,PDP8,2039,0
Export,PDP8,2040,0
Export,PDP8,2041,0
Export,PDP8,2042,0
Export,PDP8,2043,0
Export,PDP8,2044,0
Export,PDP8,2045,0
Export,PDP8,2046,0
Export,PDP8,2047,0
Export,PDP8,2048,0
Export,PDP8,2049,0
Export,PDP8,2050,0
Gas,PDP8,2000,1880
Gas,PDP8,2001,1880
Gas,PDP8,2002,1880
Gas,PDP8,2003,2360
Gas,PDP8,2004,3570
Gas,PDP8,2005,4300
Gas,PDP8,2006,4300
Gas,PDP8,2007,4770
Gas,PDP8,2008,6270
Gas,PDP8,2009,7070
Gas,PDP8,2010,7070
Gas,PDP8,2011,7820
Gas,PDP8,2012,7820
Gas,PDP8,2013,7820
Gas,PDP8,2014,7820
Gas,PDP8,2015,8150
Gas,PDP8,2016,8150
Gas,PDP8,2017,8150
Gas,PDP8,2018,8150
Gas,PDP8,2019,8150
Gas,PDP8,2020,8150
Gas,PDP8,2021,8150
Gas,PDP8,2022,8150
Gas,PDP8,2023,8150
Gas,PDP8,2024,8150
Gas,PDP8,2025,8921
Gas,PDP8,2026,10186.8
Gas,PDP8,2027,11452.6
Gas,PDP8,2028,12718.4
Gas,PDP8,2029,13984.2
Gas,PDP8,2030,15250
Gas,PDP8,2031,17192.5
Gas,PDP8,2032,19135
Gas,PDP8,2033,21077.5
Gas,PDP8,2034,23020
Gas,PDP8,2035,24962.5
Gas,PDP8,2036,26905
Gas,PDP8,2037,28847.5
Gas,PDP8,2038,30790
Gas,PDP8,2039,32732.5
Gas,PDP8,2040,34675
Gas,PDP8,2041,36617.5
Gas,PDP8,2042,38560
Gas,PDP8,2043,40502.5
Gas,PDP8,2044,42445
Gas,PDP8,2045,44387.5
Gas,PDP8,2046,46330
Gas,PDP8,2047,48272.5
Gas,PDP8,2048,50215
Gas,PDP8,2049,52157.5
Gas,PDP8,2050,54100
GAS_H2,PDP8,2000,NA
GAS_H2,PDP8,2001,NA
GAS_H2,PDP8,2002,NA
GAS_H2,PDP8,2003,NA
GAS_H2,PDP8,2004,NA
GAS_H2,PDP8,2005,NA
GAS_H2,PDP8,2006,NA
GAS_H2,PDP8,2007,NA
GAS_H2,PDP8,2008,NA
GAS_H2,PDP8,2009,NA
GAS_H2,PDP8,2010,NA
GAS_H2,PDP8,2011,NA
GAS_H2,PDP8,2012,NA
GAS_H2,PDP8,2013,NA
GAS_H2,PDP8,2014,NA
GAS_H2,PDP8,2015,NA
GAS_H2,PDP8,2016,NA
GAS_H2,PDP8,2017,NA
GAS_H2,PDP8,2018,NA
GAS_H2,PDP8,2019,NA
GAS_H2,PDP8,2020,NA
GAS_H2,PDP8,2021,NA
GAS_H2,PDP8,2022,NA
GAS_H2,PDP8,2023,NA
GAS_H2,PDP8,2024,NA
GAS_H2,PDP8,2025,0
GAS_H2,PDP8,2026,0
GAS_H2,PDP8,2027,0
GAS_H2,PDP8,2028,0
GAS_H2,PDP8,2029,0
GAS_H2,PDP8,2030,0
GAS_H2,PDP8,2031,0
GAS_H2,PDP8,2032,0
GAS_H2,PDP8,2033,0
GAS_H2,PDP8,2034,0
GAS_H2,PDP8,2035,0
GAS_H2,PDP8,2036,0
GAS_H2,PDP8,2037,0
GAS_H2,PDP8,2038,0
GAS_H2,PDP8,2039,0
GAS_H2,PDP8,2040,0
GAS_H2,PDP8,2041,0
GAS_H2,PDP8,2042,0
GAS_H2,PDP8,2043,0
GAS_H2,PDP8,2044,0
GAS_H2,PDP8,2045,0
GAS_H2,PDP8,2046,0
GAS_H2,PDP8,2047,0
GAS_H2,PDP8,2048,0
GAS_H2,PDP8,2049,0
GAS_H2,PDP8,2050,0
Hydro,PDP8,2000,3270
Hydro,PDP8,2001,3810
Hydro,PDP8,2002,4120
Hydro,PDP8,2003,4170
Hydro,PDP8,2004,4210
Hydro,PDP8,2005,4270
Hydro,PDP8,2006,4510
Hydro,PDP8,2007,4910
Hydro,PDP8,2008,5910
Hydro,PDP8,2009,7180
Hydro,PDP8,2010,8650
Hydro,PDP8,2011,10080
Hydro,PDP8,2012,13550
Hydro,PDP8,2013,14720
Hydro,PDP8,2014,15750
Hydro,PDP8,2015,16630
Hydro,PDP8,2016,17850
Hydro,PDP8,2017,17810
Hydro,PDP8,2018,17990
Hydro,PDP8,2019,20330
Hydro,PDP8,2020,20820
Hydro,PDP8,2021,21850
Hydro,PDP8,2022,22530
Hydro,PDP8,2023,22920
Hydro,PDP8,2024,23710
Hydro,PDP8,2025,24600
Hydro,PDP8,2026,25549.2
Hydro,PDP8,2027,26498.4
Hydro,PDP8,2028,27447.6
Hydro,PDP8,2029,28396.8
Hydro,PDP8,2030,29346
Hydro,PDP8,2031,29675.8
Hydro,PDP8,2032,30005.6
Hydro,PDP8,2033,30335.4
Hydro,PDP8,2034,30665.2
Hydro,PDP8,2035,30995
Hydro,PDP8,2036,31324.8
Hydro,PDP8,2037,31654.6
Hydro,PDP8,2038,31984.4
Hydro,PDP8,2039,32314.2
Hydro,PDP8,2040,32644
Hydro,PDP8,2041,32973.8
Hydro,PDP8,2042,33303.6
Hydro,PDP8,2043,33633.4
Hydro,PDP8,2044,33963.2
Hydro,PDP8,2045,34293
Hydro,PDP8,2046,34622.8
Hydro,PDP8,2047,34952.6
Hydro,PDP8,2048,35282.4
Hydro,PDP8,2049,35612.2
Hydro,PDP8,2050,35942
Import,PDP8,2000,NA
Import,PDP8,2001,NA
Import,PDP8,2002,NA
Import,PDP8,2003,NA
Import,PDP8,2004,NA
Import,PDP8,2005,NA
Import,PDP8,2006,NA
Import,PDP8,2007,NA
Import,PDP8,2008,NA
Import,PDP8,2009,NA
Import,PDP8,2010,NA
Import,PDP8,2011,NA
Import,PDP8,2012,NA
Import,PDP8,2013,NA
Import,PDP8,2014,NA
Import,PDP8,2015,NA
Import,PDP8,2016,NA
Import,PDP8,2017,NA
Import,PDP8,2018,NA
Import,PDP8,2019,NA
Import,PDP8,2020,NA
Import,PDP8,2021,NA
Import,PDP8,2022,NA
Import,PDP8,2023,NA
Import,PDP8,2024,NA
Import,PDP8,2025,1222
Import,PDP8,2026,1977.6
Import,PDP8,2027,2733.2
Import,PDP8,2028,3488.7999999999997
Import,PDP8,2029,4244.4
Import,PDP8,2030,5000
Import,PDP8,2031,5270.6
Import,PDP8,2032,5541.2
Import,PDP8,2033,5811.8
Import,PDP8,2034,6082.4
Import,PDP8,2035,6353
Import,PDP8,2036,6623.6
Import,PDP8,2037,6894.2
Import,PDP8,2038,7164.8
Import,PDP8,2039,7435.4
Import,PDP8,2040,7706
Import,PDP8,2041,7976.6
Import,PDP8,2042,8247.2
Import,PDP8,2043,8517.8
Import,PDP8,2044,8788.4
Import,PDP8,2045,9059
Import,PDP8,2046,9329.6
Import,PDP8,2047,9600.2
Import,PDP8,2048,9870.8
Import,PDP8,2049,10141.4
Import,PDP8,2050,10412
LNG,PDP8,2000,NA
LNG,PDP8,2001,NA
LNG,PDP8,2002,NA
LNG,PDP8,2003,NA
LNG,PDP8,2004,NA
LNG,PDP8,2005,NA
LNG,PDP8,2006,NA
LNG,PDP8,2007,NA
LNG,PDP8,2008,NA
LNG,PDP8,2009,NA
LNG,PDP8,2010,NA
LNG,PDP8,2011,NA
LNG,PDP8,2012,NA
LNG,PDP8,2013,NA
LNG,PDP8,2014,NA
LNG,PDP8,2015,NA
LNG,PDP8,2016,NA
LNG,PDP8,2017,NA
LNG,PDP8,2018,NA
LNG,PDP8,2019,NA
LNG,PDP8,2020,NA
LNG,PDP8,2021,NA
LNG,PDP8,2022,NA
LNG,PDP8,2023,NA
LNG,PDP8,2024,NA
LNG,PDP8,2025,0
LNG,PDP8,2026,4480
LNG,PDP8,2027,8960
LNG,PDP8,2028,13440
LNG,PDP8,2029,17920
LNG,PDP8,2030,22400
LNG,PDP8,2031,22550
LNG,PDP8,2032,22700
LNG,PDP8,2033,22850
LNG,PDP8,2034,23000
LNG,PDP8,2035,23150
LNG,PDP8,2036,23300
LNG,PDP8,2037,23450
LNG,PDP8,2038,23600
LNG,PDP8,2039,23750
LNG,PDP8,2040,23900
LNG,PDP8,2041,24050
LNG,PDP8,2042,24200
LNG,PDP8,2043,24350
LNG,PDP8,2044,24500
LNG,PDP8,2045,24650
LNG,PDP8,2046,24800
LNG,PDP8,2047,24950
LNG,PDP8,2048,25100
LNG,PDP8,2049,25250
LNG,PDP8,2050,25400
LNG_CCS,PDP8,2000,NA
LNG_CCS,PDP8,2001,NA
LNG_CCS,PDP8,2002,NA
LNG_CCS,PDP8,2003,NA
LNG_CCS,PDP8,2004,NA
LNG_CCS,PDP8,2005,NA
LNG_CCS,PDP8,2006,NA
LNG_CCS,PDP8,2007,NA
LNG_CCS,PDP8,2008,NA
LNG_CCS,PDP8,2009,NA
LNG_CCS,PDP8,2010,NA
LNG_CCS,PDP8,2011,NA
LNG_CCS,PDP8,2012,NA
LNG_CCS,PDP8,2013,NA
LNG_CCS,PDP8,2014,NA
LNG_CCS,PDP8,2015,NA
LNG_CCS,PDP8,2016,NA
LNG_CCS,PDP8,2017,NA
LNG_CCS,PDP8,2018,NA
LNG_CCS,PDP8,2019,NA
LNG_CCS,PDP8,2020,NA
LNG_CCS,PDP8,2021,NA
LNG_CCS,PDP8,2022,NA
LNG_CCS,PDP8,2023,NA
LNG_CCS,PDP8,2024,NA
LNG_CCS,PDP8,2025,0
LNG_CCS,PDP8,2026,0
LNG_CCS,PDP8,2027,0
LNG_CCS,PDP8,2028,0
LNG_CCS,PDP8,2029,0
LNG_CCS,PDP8,2030,0
LNG_CCS,PDP8,2031,0
LNG_CCS,PDP8,2032,0
LNG_CCS,PDP8,2033,0
LNG_CCS,PDP8,2034,0
LNG_CCS,PDP8,2035,0
LNG_CCS,PDP8,2036,0
LNG_CCS,PDP8,2037,0
LNG_CCS,PDP8,2038,0
LNG_CCS,PDP8,2039,0
LNG_CCS,PDP8,2040,0
LNG_CCS,PDP8,2041,0
LNG_CCS,PDP8,2042,0
LNG_CCS,PDP8,2043,0
LNG_CCS,PDP8,2044,0
LNG_CCS,PDP8,2045,0
LNG_CCS,PDP8,2046,0
LNG_CCS,PDP8,2047,0
LNG_CCS,PDP8,2048,0
LNG_CCS,PDP8,2049,0
LNG_CCS,PDP8,2050,0
LNG_GH2,PDP8,2000,NA
LNG_GH2,PDP8,2001,NA
LNG_GH2,PDP8,2002,NA
LNG_GH2,PDP8,2003,NA
LNG_GH2,PDP8,2004,NA
LNG_GH2,PDP8,2005,NA
LNG_GH2,PDP8,2006,NA
LNG_GH2,PDP8,2007,NA
LNG_GH2,PDP8,2008,NA
LNG_GH2,PDP8,2009,NA
LNG_GH2,PDP8,2010,NA
LNG_GH2,PDP8,2011,NA
LNG_GH2,PDP8,2012,NA
LNG_GH2,PDP8,2013,NA
LNG_GH2,PDP8,2014,NA
LNG_GH2,PDP8,2015,NA
LNG_GH2,PDP8,2016,NA
LNG_GH2,PDP8,2017,NA
LNG_GH2,PDP8,2018,NA
LNG_GH2,PDP8,2019,NA
LNG_GH2,PDP8,2020,NA
LNG_GH2,PDP8,2021,NA
LNG_GH2,PDP8,2022,NA
LNG_GH2,PDP8,2023,NA
LNG_GH2,PDP8,2024,NA
LNG_GH2,PDP8,2025,0
LNG_GH2,PDP8,2026,0
LNG_GH2,PDP8,2027,0
LNG_GH2,PDP8,2028,0
LNG_GH2,PDP8,2029,0
LNG_GH2,PDP8,2030,0
LNG_GH2,PDP8,2031,0
LNG_GH2,PDP8,2032,0
LNG_GH2,PDP8,2033,0
LNG_GH2,PDP8,2034,0
LNG_GH2,PDP8,2035,0
LNG_GH2,PDP8,2036,0
LNG_GH2,PDP8,2037,0
LNG_GH2,PDP8,2038,0
LNG_GH2,PDP8,2039,0
LNG_GH2,PDP8,2040,0
LNG_GH2,PDP8,2041,0
LNG_GH2,PDP8,2042,0
LNG_GH2,PDP8,2043,0
LNG_GH2,PDP8,2044,0
LNG_GH2,PDP8,2045,0
LNG_GH2,PDP8,2046,0
LNG_GH2,PDP8,2047,0
LNG_GH2,PDP8,2048,0
LNG_GH2,PDP8,2049,0
LNG_GH2,PDP8,2050,0
LNG_H2,PDP8,2000,NA
LNG_H2,PDP8,2001,NA
LNG_H2,PDP8,2002,NA
LNG_H2,PDP8,2003,NA
LNG_H2,PDP8,2004,NA
LNG_H2,PDP8,2005,NA
LNG_H2,PDP8,2006,NA
LNG_H2,PDP8,2007,NA
LNG_H2,PDP8,2008,NA
LNG_H2,PDP8,2009,NA
LNG_H2,PDP8,2010,NA
LNG_H2,PDP8,2011,NA
LNG_H2,PDP8,2012,NA
LNG_H2,PDP8,2013,NA
LNG_H2,PDP8,2014,NA
LNG_H2,PDP8,2015,NA
LNG_H2,PDP8,2016,NA
LNG_H2,PDP8,2017,NA
LNG_H2,PDP8,2018,NA
LNG_H2,PDP8,2019,NA
LNG_H2,PDP8,2020,NA
LNG_H2,PDP8,2021,NA
LNG_H2,PDP8,2022,NA
LNG_H2,PDP8,2023,NA
LNG_H2,PDP8,2024,NA
LNG_H2,PDP8,2025,0
LNG_H2,PDP8,2026,0
LNG_H2,PDP8,2027,0
LNG_H2,PDP8,2028,0
LNG_H2,PDP8,2029,0
LNG_H2,PDP8,2030,0
LNG_H2,PDP8,2031,0
LNG_H2,PDP8,2032,0
LNG_H2,PDP8,2033,0
LNG_H2,PDP8,2034,0
LNG_H2,PDP8,2035,0
LNG_H2,PDP8,2036,0
LNG_H2,PDP8,2037,0
LNG_H2,PDP8,2038,0
LNG_H2,PDP8,2039,0
LNG_H2,PDP8,2040,0
LNG_H2,PDP8,2041,0
LNG_H2,PDP8,2042,0
LNG_H2,PDP8,2043,0
LNG_H2,PDP8,2044,0
LNG_H2,PDP8,2045,0
LNG_H2,PDP8,2046,0
LNG_H2,PDP8,2047,0
LNG_H2,PDP8,2048,0
LNG_H2,PDP8,2049,0
LNG_H2,PDP8,2050,0
Nuclear,PDP8,2000,NA
Nuclear,PDP8,2001,NA
Nuclear,PDP8,2002,NA
Nuclear,PDP8,2003,NA
Nuclear,PDP8,2004,NA
Nuclear,PDP8,2005,NA
Nuclear,PDP8,2006,NA
Nuclear,PDP8,2007,NA
Nuclear,PDP8,2008,NA
Nuclear,PDP8,2009,NA
Nuclear,PDP8,2010,NA
Nuclear,PDP8,2011,NA
Nuclear,PDP8,2012,NA
Nuclear,PDP8,2013,NA
Nuclear,PDP8,2014,NA
Nuclear,PDP8,2015,NA
Nuclear,PDP8,2016,NA
Nuclear,PDP8,2017,NA
Nuclear,PDP8,2018,NA
Nuclear,PDP8,2019,NA
Nuclear,PDP8,2020,NA
Nuclear,PDP8,2021,NA
Nuclear,PDP8,2022,NA
Nuclear,PDP8,2023,NA
Nuclear,PDP8,2024,NA
Nuclear,PDP8,2025,0
Nuclear,PDP8,2026,0
Nuclear,PDP8,2027,0
Nuclear,PDP8,2028,0
Nuclear,PDP8,2029,0
Nuclear,PDP8,2030,0
Nuclear,PDP8,2031,0
Nuclear,PDP8,2032,0
Nuclear,PDP8,2033,0
Nuclear,PDP8,2034,0
Nuclear,PDP8,2035,0
Nuclear,PDP8,2036,0
Nuclear,PDP8,2037,0
Nuclear,PDP8,2038,0
Nuclear,PDP8,2039,0
Nuclear,PDP8,2040,0
Nuclear,PDP8,2041,0
Nuclear,PDP8,2042,0
Nuclear,PDP8,2043,0
Nuclear,PDP8,2044,0
Nuclear,PDP8,2045,0
Nuclear,PDP8,2046,0
Nuclear,PDP8,2047,0
Nuclear,PDP8,2048,0
Nuclear,PDP8,2049,0
Nuclear,PDP8,2050,0
Pumped_Hydro,PDP8,2000,NA
Pumped_Hydro,PDP8,2001,NA
Pumped_Hydro,PDP8,2002,NA
Pumped_Hydro,PDP8,2003,NA
Pumped_Hydro,PDP8,2004,NA
Pumped_Hydro,PDP8,2005,NA
Pumped_Hydro,PDP8,2006,NA
Pumped_Hydro,PDP8,2007,NA
Pumped_Hydro,PDP8,2008,NA
Pumped_Hydro,PDP8,2009,NA
Pumped_Hydro,PDP8,2010,NA
Pumped_Hydro,PDP8,2011,NA
Pumped_Hydro,PDP8,2012,NA
Pumped_Hydro,PDP8,2013,NA
Pumped_Hydro,PDP8,2014,NA
Pumped_Hydro,PDP8,2015,NA
Pumped_Hydro,PDP8,2016,NA
Pumped_Hydro,PDP8,2017,NA
Pumped_Hydro,PDP8,2018,NA
Pumped_Hydro,PDP8,2019,NA
Pumped_Hydro,PDP8,2020,NA
Pumped_Hydro,PDP8,2021,NA
Pumped_Hydro,PDP8,2022,NA
Pumped_Hydro,PDP8,2023,NA
Pumped_Hydro,PDP8,2024,NA
Pumped_Hydro,PDP8,2025,0
Pumped_Hydro,PDP8,2026,480
Pumped_Hydro,PDP8,2027,960
Pumped_Hydro,PDP8,2028,1440
Pumped_Hydro,PDP8,2029,1920
Pumped_Hydro,PDP8,2030,2400
Pumped_Hydro,PDP8,2031,3280
Pumped_Hydro,PDP8,2032,4160
Pumped_Hydro,PDP8,2033,5040
Pumped_Hydro,PDP8,2034,5920
Pumped_Hydro,PDP8,2035,6800
Pumped_Hydro,PDP8,2036,7680
Pumped_Hydro,PDP8,2037,8560
Pumped_Hydro,PDP8,2038,9440
Pumped_Hydro,PDP8,2039,10320
Pumped_Hydro,PDP8,2040,11200
Pumped_Hydro,PDP8,2041,12080
Pumped_Hydro,PDP8,2042,12960
Pumped_Hydro,PDP8,2043,13840
Pumped_Hydro,PDP8,2044,14720
Pumped_Hydro,PDP8,2045,15600
Pumped_Hydro,PDP8,2046,16480
Pumped_Hydro,PDP8,2047,17360
Pumped_Hydro,PDP8,2048,18240
Pumped_Hydro,PDP8,2049,19120
Pumped_Hydro,PDP8,2050,20000
Pumped_storagehydro_BESS,PDP8,2000,NA
Pumped_storagehydro_BESS,PDP8,2001,NA
Pumped_storagehydro_BESS,PDP8,2002,NA
Pumped_storagehydro_BESS,PDP8,2003,NA
Pumped_storagehydro_BESS,PDP8,2004,NA
Pumped_storagehydro_BESS,PDP8,2005,NA
Pumped_storagehydro_BESS,PDP8,2006,NA
Pumped_storagehydro_BESS,PDP8,2007,NA
Pumped_storagehydro_BESS,PDP8,2008,NA
Pumped_storagehydro_BESS,PDP8,2009,NA
Pumped_storagehydro_BESS,PDP8,2010,NA
Pumped_storagehydro_BESS,PDP8,2011,NA
Pumped_storagehydro_BESS,PDP8,2012,NA
Pumped_storagehydro_BESS,PDP8,2013,NA
Pumped_storagehydro_BESS,PDP8,2014,NA
Pumped_storagehydro_BESS,PDP8,2015,NA
Pumped_storagehydro_BESS,PDP8,2016,NA
Pumped_storagehydro_BESS,PDP8,2017,NA
Pumped_storagehydro_BESS,PDP8,2018,NA
Pumped_storagehydro_BESS,PDP8,2019,NA
Pumped_storagehydro_BESS,PDP8,2020,NA
Pumped_storagehydro_BESS,PDP8,2021,NA
Pumped_storagehydro_BESS,PDP8,2022,NA
Pumped_storagehydro_BESS,PDP8,2023,NA
Pumped_storagehydro_BESS,PDP8,2024,NA
Pumped_storagehydro_BESS,PDP8,2025,0
Pumped_storagehydro_BESS,PDP8,2026,540
Pumped_storagehydro_BESS,PDP8,2027,1080
Pumped_storagehydro_BESS,PDP8,2028,1620
Pumped_storagehydro_BESS,PDP8,2029,2160
Pumped_storagehydro_BESS,PDP8,2030,2700
Pumped_storagehydro_BESS,PDP8,2031,4842.5
Pumped_storagehydro_BESS,PDP8,2032,6985
Pumped_storagehydro_BESS,PDP8,2033,9127.5
Pumped_storagehydro_BESS,PDP8,2034,11270
Pumped_storagehydro_BESS,PDP8,2035,13412.5
Pumped_storagehydro_BESS,PDP8,2036,15555
Pumped_storagehydro_BESS,PDP8,2037,17697.5
Pumped_storagehydro_BESS,PDP8,2038,19840
Pumped_storagehydro_BESS,PDP8,2039,21982.5
Pumped_storagehydro_BESS,PDP8,2040,24125
Pumped_storagehydro_BESS,PDP8,2041,26267.500000000004
Pumped_storagehydro_BESS,PDP8,2042,28410
Pumped_storagehydro_BESS,PDP8,2043,30552.5
Pumped_storagehydro_BESS,PDP8,2044,32694.999999999996
Pumped_storagehydro_BESS,PDP8,2045,34837.5
Pumped_storagehydro_BESS,PDP8,2046,36980
Pumped_storagehydro_BESS,PDP8,2047,39122.5
Pumped_storagehydro_BESS,PDP8,2048,41265
Pumped_storagehydro_BESS,PDP8,2049,43407.5
Pumped_storagehydro_BESS,PDP8,2050,45550
PV,PDP8,2000,0
PV,PDP8,2001,0
PV,PDP8,2002,0
PV,PDP8,2003,0
PV,PDP8,2004,0
PV,PDP8,2005,0
PV,PDP8,2006,0
PV,PDP8,2007,0
PV,PDP8,2008,0
PV,PDP8,2009,0
PV,PDP8,2010,0
PV,PDP8,2011,0
PV,PDP8,2012,0
PV,PDP8,2013,0
PV,PDP8,2014,10
PV,PDP8,2015,10
PV,PDP8,2016,10
PV,PDP8,2017,10
PV,PDP8,2018,100
PV,PDP8,2019,4990
PV,PDP8,2020,16660
PV,PDP8,2021,16660
PV,PDP8,2022,16700
PV,PDP8,2023,18590
PV,PDP8,2024,18670
PV,PDP8,2025,16919
PV,PDP8,2026,17653.4
PV,PDP8,2027,18387.8
PV,PDP8,2028,19122.2
PV,PDP8,2029,19856.6
PV,PDP8,2030,20591
PV,PDP8,2031,29026.15
PV,PDP8,2032,37461.3
PV,PDP8,2033,45896.45
PV,PDP8,2034,54331.6
PV,PDP8,2035,62766.75
PV,PDP8,2036,71201.9
PV,PDP8,2037,79637.04999999999
PV,PDP8,2038,88072.2
PV,PDP8,2039,96507.35
PV,PDP8,2040,104942.5
PV,PDP8,2041,113377.65000000001
PV,PDP8,2042,121812.8
PV,PDP8,2043,130247.95
PV,PDP8,2044,138683.09999999998
PV,PDP8,2045,147118.25
PV,PDP8,2046,155553.4
PV,PDP8,2047,163988.55
PV,PDP8,2048,172423.7
PV,PDP8,2049,180858.85
PV,PDP8,2050,189294
TOTAL,PDP8,2000,NA
TOTAL,PDP8,2001,NA
TOTAL,PDP8,2002,NA
TOTAL,PDP8,2003,NA
TOTAL,PDP8,2004,NA
TOTAL,PDP8,2005,NA
TOTAL,PDP8,2006,NA
TOTAL,PDP8,2007,NA
TOTAL,PDP8,2008,NA
TOTAL,PDP8,2009,NA
TOTAL,PDP8,2010,NA
TOTAL,PDP8,2011,NA
TOTAL,PDP8,2012,NA
TOTAL,PDP8,2013,NA
TOTAL,PDP8,2014,NA
TOTAL,PDP8,2015,NA
TOTAL,PDP8,2016,NA
TOTAL,PDP8,2017,NA
TOTAL,PDP8,2018,NA
TOTAL,PDP8,2019,NA
TOTAL,PDP8,2020,NA
TOTAL,PDP8,2021,NA
TOTAL,PDP8,2022,NA
TOTAL,PDP8,2023,NA
TOTAL,PDP8,2024,NA
TOTAL,PDP8,2025,89402
TOTAL,PDP8,2026,102648.8
TOTAL,PDP8,2027,115895.6
TOTAL,PDP8,2028,129142.4
TOTAL,PDP8,2029,142389.2
TOTAL,PDP8,2030,155636
TOTAL,PDP8,2031,176250.45
TOTAL,PDP8,2032,196864.9
TOTAL,PDP8,2033,217479.35
TOTAL,PDP8,2034,238093.8
TOTAL,PDP8,2035,258708.25
TOTAL,PDP8,2036,279322.7
TOTAL,PDP8,2037,299937.15
TOTAL,PDP8,2038,320551.6
TOTAL,PDP8,2039,341166.05000000005
TOTAL,PDP8,2040,361780.5
TOTAL,PDP8,2041,382394.95
TOTAL,PDP8,2042,403009.4
TOTAL,PDP8,2043,423623.85000000003
TOTAL,PDP8,2044,444238.3
TOTAL,PDP8,2045,464852.75
TOTAL,PDP8,2046,485467.2
TOTAL,PDP8,2047,506081.64999999997
TOTAL,PDP8,2048,526696.1000000001
TOTAL,PDP8,2049,547310.55
TOTAL,PDP8,2050,567925
Total capacity,PDP8,2000,5830
Total capacity,PDP8,2001,6370
Total capacity,PDP8,2002,7270
Total capacity,PDP8,2003,7800
Total capacity,PDP8,2004,9300
Total capacity,PDP8,2005,10090
Total capacity,PDP8,2006,10450
Total capacity,PDP8,2007,11620
Total capacity,PDP8,2008,14120
Total capacity,PDP8,2009,16720
Total capacity,PDP8,2010,18510
Total capacity,PDP8,2011,21970
Total capacity,PDP8,2012,25890
Total capacity,PDP8,2013,28120
Total capacity,PDP8,2014,32330
Total capacity,PDP8,2015,38130
Total capacity,PDP8,2016,39710
Total capacity,PDP8,2017,42010
Total capacity,PDP8,2018,44660
Total capacity,PDP8,2019,53220
Total capacity,PDP8,2020,66830
Total capacity,PDP8,2021,73840
Total capacity,PDP8,2022,77440
Total capacity,PDP8,2023,82450
Total capacity,PDP8,2024,84370
Total capacity,PDP8,2025,NA
Total capacity,PDP8,2026,NA
Total capacity,PDP8,2027,NA
Total capacity,PDP8,2028,NA
Total capacity,PDP8,2029,NA
Total capacity,PDP8,2030,NA
Total capacity,PDP8,2031,NA
Total capacity,PDP8,2032,NA
Total capacity,PDP8,2033,NA
Total capacity,PDP8,2034,NA
Total capacity,PDP8,2035,NA
Total capacity,PDP8,2036,NA
Total capacity,PDP8,2037,NA
Total capacity,PDP8,2038,NA
Total capacity,PDP8,2039,NA
Total capacity,PDP8,2040,NA
Total capacity,PDP8,2041,NA
Total capacity,PDP8,2042,NA
Total capacity,PDP8,2043,NA
Total capacity,PDP8,2044,NA
Total capacity,PDP8,2045,NA
Total capacity,PDP8,2046,NA
Total capacity,PDP8,2047,NA
Total capacity,PDP8,2048,NA
Total capacity,PDP8,2049,NA
Total capacity,PDP8,2050,NA
Wind,PDP8,2000,0
Wind,PDP8,2001,0
Wind,PDP8,2002,0
Wind,PDP8,2003,0
Wind,PDP8,2004,0
Wind,PDP8,2005,0
Wind,PDP8,2006,0
Wind,PDP8,2007,0
Wind,PDP8,2008,0
Wind,PDP8,2009,10
Wind,PDP8,2010,30
Wind,PDP8,2011,30
Wind,PDP8,2012,30
Wind,PDP8,2013,50
Wind,PDP8,2014,50
Wind,PDP8,2015,140
Wind,PDP8,2016,160
Wind,PDP8,2017,200
Wind,PDP8,2018,240
Wind,PDP8,2019,370
Wind,PDP8,2020,520
Wind,PDP8,2021,4120
Wind,PDP8,2022,5070
Wind,PDP8,2023,5890
Wind,PDP8,2024,6180
Wind,PDP8,2025,6774
Wind,PDP8,2026,9795.2
Wind,PDP8,2027,12816.400000000001
Wind,PDP8,2028,15837.6
Wind,PDP8,2029,18858.800000000003
Wind,PDP8,2030,21880
Wind,PDP8,2031,24638.5
Wind,PDP8,2032,27397
Wind,PDP8,2033,30155.5
Wind,PDP8,2034,32914
Wind,PDP8,2035,35672.5
Wind,PDP8,2036,38431
Wind,PDP8,2037,41189.5
Wind,PDP8,2038,43948
Wind,PDP8,2039,46706.5
Wind,PDP8,2040,49465
Wind,PDP8,2041,52223.5
Wind,PDP8,2042,54982
Wind,PDP8,2043,57740.5
Wind,PDP8,2044,60499
Wind,PDP8,2045,63257.5
Wind,PDP8,2046,66016
Wind,PDP8,2047,68774.5
Wind,PDP8,2048,71533
Wind,PDP8,2049,74291.5
Wind,PDP8,2050,77050
Wind_offshore,PDP8,2000,NA
Wind_offshore,PDP8,2001,NA
Wind_offshore,PDP8,2002,NA
Wind_offshore,PDP8,2003,NA
Wind_offshore,PDP8,2004,NA
Wind_offshore,PDP8,2005,NA
Wind_offshore,PDP8,2006,NA
Wind_offshore,PDP8,2007,NA
Wind_offshore,PDP8,2008,NA
Wind_offshore,PDP8,2009,NA
Wind_offshore,PDP8,2010,NA
Wind_offshore,PDP8,2011,NA
Wind_offshore,PDP8,2012,NA
Wind_offshore,PDP8,2013,NA
Wind_offshore,PDP8,2014,NA
Wind_offshore,PDP8,2015,NA
Wind_offshore,PDP8,2016,NA
Wind_offshore,PDP8,2017,NA
Wind_offshore,PDP8,2018,NA
Wind_offshore,PDP8,2019,NA
Wind_offshore,PDP8,2020,NA
Wind_offshore,PDP8,2021,NA
Wind_offshore,PDP8,2022,NA
Wind_offshore,PDP8,2023,NA
Wind_offshore,PDP8,2024,NA
Wind_offshore,PDP8,2025,0
Wind_offshore,PDP8,2026,1200
Wind_offshore,PDP8,2027,2400
Wind_offshore,PDP8,2028,3600
Wind_offshore,PDP8,2029,4800
Wind_offshore,PDP8,2030,6000
Wind_offshore,PDP8,2031,10275
Wind_offshore,PDP8,2032,14550
Wind_offshore,PDP8,2033,18825
Wind_offshore,PDP8,2034,23100
Wind_offshore,PDP8,2035,27375
Wind_offshore,PDP8,2036,31650
Wind_offshore,PDP8,2037,35925
Wind_offshore,PDP8,2038,40200
Wind_offshore,PDP8,2039,44475
Wind_offshore,PDP8,2040,48750
Wind_offshore,PDP8,2041,53025.00000000001
Wind_offshore,PDP8,2042,57300
Wind_offshore,PDP8,2043,61575
Wind_offshore,PDP8,2044,65850
Wind_offshore,PDP8,2045,70125
Wind_offshore,PDP8,2046,74400
Wind_offshore,PDP8,2047,78675
Wind_offshore,PDP8,2048,82950
Wind_offshore,PDP8,2049,87225
Wind_offshore,PDP8,2050,91500
Batteries,PDP8_rev_low,2000,NA
Batteries,PDP8_rev_low,2001,NA
Batteries,PDP8_rev_low,2002,NA
Batteries,PDP8_rev_low,2003,NA
Batteries,PDP8_rev_low,2004,NA
Batteries,PDP8_rev_low,2005,NA
Batteries,PDP8_rev_low,2006,NA
Batteries,PDP8_rev_low,2007,NA
Batteries,PDP8_rev_low,2008,NA
Batteries,PDP8_rev_low,2009,NA
Batteries,PDP8_rev_low,2010,NA
Batteries,PDP8_rev_low,2011,NA
Batteries,PDP8_rev_low,2012,NA
Batteries,PDP8_rev_low,2013,NA
Batteries,PDP8_rev_low,2014,NA
Batteries,PDP8_rev_low,2015,NA
Batteries,PDP8_rev_low,2016,NA
Batteries,PDP8_rev_low,2017,NA
Batteries,PDP8_rev_low,2018,NA
Batteries,PDP8_rev_low,2019,NA
Batteries,PDP8_rev_low,2020,NA
Batteries,PDP8_rev_low,2021,NA
Batteries,PDP8_rev_low,2022,NA
Batteries,PDP8_rev_low,2023,NA
Batteries,PDP8_rev_low,2024,NA
Batteries,PDP8_rev_low,2025,0
Batteries,PDP8_rev_low,2026,2000
Batteries,PDP8_rev_low,2027,4000
Batteries,PDP8_rev_low,2028,6000
Batteries,PDP8_rev_low,2029,8000
Batteries,PDP8_rev_low,2030,10000
Batteries,PDP8_rev_low,2031,14299.150000000001
Batteries,PDP8_rev_low,2032,18598.300000000003
Batteries,PDP8_rev_low,2033,22897.449999999997
Batteries,PDP8_rev_low,2034,27196.600000000002
Batteries,PDP8_rev_low,2035,31495.75
Batteries,PDP8_rev_low,2036,35794.899999999994
Batteries,PDP8_rev_low,2037,40094.05
Batteries,PDP8_rev_low,2038,44393.200000000004
Batteries,PDP8_rev_low,2039,48692.35
Batteries,PDP8_rev_low,2040,52991.5
Batteries,PDP8_rev_low,2041,57290.65
Batteries,PDP8_rev_low,2042,61589.799999999996
Batteries,PDP8_rev_low,2043,65888.95000000001
Batteries,PDP8_rev_low,2044,70188.1
Batteries,PDP8_rev_low,2045,74487.25
Batteries,PDP8_rev_low,2046,78786.40000000001
Batteries,PDP8_rev_low,2047,83085.55
Batteries,PDP8_rev_low,2048,87384.7
Batteries,PDP8_rev_low,2049,91683.84999999999
Batteries,PDP8_rev_low,2050,95983
Bioenergy,PDP8_rev_low,2000,130
Bioenergy,PDP8_rev_low,2001,130
Bioenergy,PDP8_rev_low,2002,130
Bioenergy,PDP8_rev_low,2003,130
Bioenergy,PDP8_rev_low,2004,130
Bioenergy,PDP8_rev_low,2005,130
Bioenergy,PDP8_rev_low,2006,130
Bioenergy,PDP8_rev_low,2007,130
Bioenergy,PDP8_rev_low,2008,130
Bioenergy,PDP8_rev_low,2009,130
Bioenergy,PDP8_rev_low,2010,130
Bioenergy,PDP8_rev_low,2011,130
Bioenergy,PDP8_rev_low,2012,130
Bioenergy,PDP8_rev_low,2013,130
Bioenergy,PDP8_rev_low,2014,200
Bioenergy,PDP8_rev_low,2015,220
Bioenergy,PDP8_rev_low,2016,260
Bioenergy,PDP8_rev_low,2017,270
Bioenergy,PDP8_rev_low,2018,380
Bioenergy,PDP8_rev_low,2019,380
Bioenergy,PDP8_rev_low,2020,390
Bioenergy,PDP8_rev_low,2021,370
Bioenergy,PDP8_rev_low,2022,380
Bioenergy,PDP8_rev_low,2023,380
Bioenergy,PDP8_rev_low,2024,420
Bioenergy,PDP8_rev_low,2025,NA
Bioenergy,PDP8_rev_low,2026,NA
Bioenergy,PDP8_rev_low,2027,NA
Bioenergy,PDP8_rev_low,2028,NA
Bioenergy,PDP8_rev_low,2029,NA
Bioenergy,PDP8_rev_low,2030,NA
Bioenergy,PDP8_rev_low,2031,NA
Bioenergy,PDP8_rev_low,2032,NA
Bioenergy,PDP8_rev_low,2033,NA
Bioenergy,PDP8_rev_low,2034,NA
Bioenergy,PDP8_rev_low,2035,NA
Bioenergy,PDP8_rev_low,2036,NA
Bioenergy,PDP8_rev_low,2037,NA
Bioenergy,PDP8_rev_low,2038,NA
Bioenergy,PDP8_rev_low,2039,NA
Bioenergy,PDP8_rev_low,2040,NA
Bioenergy,PDP8_rev_low,2041,NA
Bioenergy,PDP8_rev_low,2042,NA
Bioenergy,PDP8_rev_low,2043,NA
Bioenergy,PDP8_rev_low,2044,NA
Bioenergy,PDP8_rev_low,2045,NA
Bioenergy,PDP8_rev_low,2046,NA
Bioenergy,PDP8_rev_low,2047,NA
Bioenergy,PDP8_rev_low,2048,NA
Bioenergy,PDP8_rev_low,2049,NA
Bioenergy,PDP8_rev_low,2050,NA
Biomass,PDP8_rev_low,2000,NA
Biomass,PDP8_rev_low,2001,NA
Biomass,PDP8_rev_low,2002,NA
Biomass,PDP8_rev_low,2003,NA
Biomass,PDP8_rev_low,2004,NA
Biomass,PDP8_rev_low,2005,NA
Biomass,PDP8_rev_low,2006,NA
Biomass,PDP8_rev_low,2007,NA
Biomass,PDP8_rev_low,2008,NA
Biomass,PDP8_rev_low,2009,NA
Biomass,PDP8_rev_low,2010,NA
Biomass,PDP8_rev_low,2011,NA
Biomass,PDP8_rev_low,2012,NA
Biomass,PDP8_rev_low,2013,NA
Biomass,PDP8_rev_low,2014,NA
Biomass,PDP8_rev_low,2015,NA
Biomass,PDP8_rev_low,2016,NA
Biomass,PDP8_rev_low,2017,NA
Biomass,PDP8_rev_low,2018,NA
Biomass,PDP8_rev_low,2019,NA
Biomass,PDP8_rev_low,2020,NA
Biomass,PDP8_rev_low,2021,NA
Biomass,PDP8_rev_low,2022,NA
Biomass,PDP8_rev_low,2023,NA
Biomass,PDP8_rev_low,2024,NA
Biomass,PDP8_rev_low,2025,276
Biomass,PDP8_rev_low,2026,828.6
Biomass,PDP8_rev_low,2027,1381.2
Biomass,PDP8_rev_low,2028,1933.8
Biomass,PDP8_rev_low,2029,2486.4
Biomass,PDP8_rev_low,2030,3039
Biomass,PDP8_rev_low,2031,3240.7
Biomass,PDP8_rev_low,2032,3442.4
Biomass,PDP8_rev_low,2033,3644.1
Biomass,PDP8_rev_low,2034,3845.8
Biomass,PDP8_rev_low,2035,4047.5
Biomass,PDP8_rev_low,2036,4249.2
Biomass,PDP8_rev_low,2037,4450.9
Biomass,PDP8_rev_low,2038,4652.6
Biomass,PDP8_rev_low,2039,4854.3
Biomass,PDP8_rev_low,2040,5056
Biomass,PDP8_rev_low,2041,5257.700000000001
Biomass,PDP8_rev_low,2042,5459.4
Biomass,PDP8_rev_low,2043,5661.1
Biomass,PDP8_rev_low,2044,5862.799999999999
Biomass,PDP8_rev_low,2045,6064.5
Biomass,PDP8_rev_low,2046,6266.200000000001
Biomass,PDP8_rev_low,2047,6467.9
Biomass,PDP8_rev_low,2048,6669.6
Biomass,PDP8_rev_low,2049,6871.299999999999
Biomass,PDP8_rev_low,2050,7073
Coal,PDP8_rev_low,2000,NA
Coal,PDP8_rev_low,2001,NA
Coal,PDP8_rev_low,2002,NA
Coal,PDP8_rev_low,2003,NA
Coal,PDP8_rev_low,2004,NA
Coal,PDP8_rev_low,2005,NA
Coal,PDP8_rev_low,2006,NA
Coal,PDP8_rev_low,2007,NA
Coal,PDP8_rev_low,2008,NA
Coal,PDP8_rev_low,2009,NA
Coal,PDP8_rev_low,2010,NA
Coal,PDP8_rev_low,2011,NA
Coal,PDP8_rev_low,2012,NA
Coal,PDP8_rev_low,2013,NA
Coal,PDP8_rev_low,2014,NA
Coal,PDP8_rev_low,2015,NA
Coal,PDP8_rev_low,2016,NA
Coal,PDP8_rev_low,2017,NA
Coal,PDP8_rev_low,2018,NA
Coal,PDP8_rev_low,2019,NA
Coal,PDP8_rev_low,2020,NA
Coal,PDP8_rev_low,2021,NA
Coal,PDP8_rev_low,2022,NA
Coal,PDP8_rev_low,2023,NA
Coal,PDP8_rev_low,2024,NA
Coal,PDP8_rev_low,2025,29539
Coal,PDP8_rev_low,2026,29842.2
Coal,PDP8_rev_low,2027,30145.4
Coal,PDP8_rev_low,2028,30448.6
Coal,PDP8_rev_low,2029,30751.8
Coal,PDP8_rev_low,2030,31055
Coal,PDP8_rev_low,2031,29502.25
Coal,PDP8_rev_low,2032,27949.5
Coal,PDP8_rev_low,2033,26396.75
Coal,PDP8_rev_low,2034,24844
Coal,PDP8_rev_low,2035,23291.25
Coal,PDP8_rev_low,2036,21738.5
Coal,PDP8_rev_low,2037,20185.75
Coal,PDP8_rev_low,2038,18633
Coal,PDP8_rev_low,2039,17080.25
Coal,PDP8_rev_low,2040,15527.5
Coal,PDP8_rev_low,2041,13974.75
Coal,PDP8_rev_low,2042,12422
Coal,PDP8_rev_low,2043,10869.25
Coal,PDP8_rev_low,2044,9316.5
Coal,PDP8_rev_low,2045,7763.75
Coal,PDP8_rev_low,2046,6211
Coal,PDP8_rev_low,2047,4658.25
Coal,PDP8_rev_low,2048,3105.5
Coal,PDP8_rev_low,2049,1552.75
Coal,PDP8_rev_low,2050,0
Coal_CFB,PDP8_rev_low,2000,0
Coal_CFB,PDP8_rev_low,2001,0
Coal_CFB,PDP8_rev_low,2002,0
Coal_CFB,PDP8_rev_low,2003,0
Coal_CFB,PDP8_rev_low,2004,0
Coal_CFB,PDP8_rev_low,2005,111
Coal_CFB,PDP8_rev_low,2006,111
Coal_CFB,PDP8_rev_low,2007,226
Coal_CFB,PDP8_rev_low,2008,226
Coal_CFB,PDP8_rev_low,2009,446
Coal_CFB,PDP8_rev_low,2010,1116
Coal_CFB,PDP8_rev_low,2011,1116
Coal_CFB,PDP8_rev_low,2012,1556
Coal_CFB,PDP8_rev_low,2013,1556
Coal_CFB,PDP8_rev_low,2014,1556
Coal_CFB,PDP8_rev_low,2015,1676
Coal_CFB,PDP8_rev_low,2016,2756
Coal_CFB,PDP8_rev_low,2017,2756
Coal_CFB,PDP8_rev_low,2018,3376
Coal_CFB,PDP8_rev_low,2019,3376
Coal_CFB,PDP8_rev_low,2020,3376
Coal_CFB,PDP8_rev_low,2021,3376
Coal_CFB,PDP8_rev_low,2022,3376
Coal_CFB,PDP8_rev_low,2023,3376
Coal_CFB,PDP8_rev_low,2024,3376
Coal_CFB,PDP8_rev_low,2025,3376
Coal_CFB,PDP8_rev_low,2026,3528
Coal_CFB,PDP8_rev_low,2027,3680
Coal_CFB,PDP8_rev_low,2028,3832
Coal_CFB,PDP8_rev_low,2029,3984
Coal_CFB,PDP8_rev_low,2030,4136
Coal_CFB,PDP8_rev_low,2031,3929.2
Coal_CFB,PDP8_rev_low,2032,3722.4
Coal_CFB,PDP8_rev_low,2033,3515.6
Coal_CFB,PDP8_rev_low,2034,3308.8
Coal_CFB,PDP8_rev_low,2035,3102
Coal_CFB,PDP8_rev_low,2036,2895.2
Coal_CFB,PDP8_rev_low,2037,2688.4
Coal_CFB,PDP8_rev_low,2038,2481.6
Coal_CFB,PDP8_rev_low,2039,2274.8
Coal_CFB,PDP8_rev_low,2040,2068
Coal_CFB,PDP8_rev_low,2041,1861.1999999999998
Coal_CFB,PDP8_rev_low,2042,1654.4
Coal_CFB,PDP8_rev_low,2043,1447.6
Coal_CFB,PDP8_rev_low,2044,1240.8000000000002
Coal_CFB,PDP8_rev_low,2045,1034
Coal_CFB,PDP8_rev_low,2046,827.1999999999998
Coal_CFB,PDP8_rev_low,2047,620.4000000000001
Coal_CFB,PDP8_rev_low,2048,413.5999999999999
Coal_CFB,PDP8_rev_low,2049,206.80000000000018
Coal_CFB,PDP8_rev_low,2050,0
Coal_conv_biomassNH3,PDP8_rev_low,2000,NA
Coal_conv_biomassNH3,PDP8_rev_low,2001,NA
Coal_conv_biomassNH3,PDP8_rev_low,2002,NA
Coal_conv_biomassNH3,PDP8_rev_low,2003,NA
Coal_conv_biomassNH3,PDP8_rev_low,2004,NA
Coal_conv_biomassNH3,PDP8_rev_low,2005,NA
Coal_conv_biomassNH3,PDP8_rev_low,2006,NA
Coal_conv_biomassNH3,PDP8_rev_low,2007,NA
Coal_conv_biomassNH3,PDP8_rev_low,2008,NA
Coal_conv_biomassNH3,PDP8_rev_low,2009,NA
Coal_conv_biomassNH3,PDP8_rev_low,2010,NA
Coal_conv_biomassNH3,PDP8_rev_low,2011,NA
Coal_conv_biomassNH3,PDP8_rev_low,2012,NA
Coal_conv_biomassNH3,PDP8_rev_low,2013,NA
Coal_conv_biomassNH3,PDP8_rev_low,2014,NA
Coal_conv_biomassNH3,PDP8_rev_low,2015,NA
Coal_conv_biomassNH3,PDP8_rev_low,2016,NA
Coal_conv_biomassNH3,PDP8_rev_low,2017,NA
Coal_conv_biomassNH3,PDP8_rev_low,2018,NA
Coal_conv_biomassNH3,PDP8_rev_low,2019,NA
Coal_conv_biomassNH3,PDP8_rev_low,2020,NA
Coal_conv_biomassNH3,PDP8_rev_low,2021,NA
Coal_conv_biomassNH3,PDP8_rev_low,2022,NA
Coal_conv_biomassNH3,PDP8_rev_low,2023,NA
Coal_conv_biomassNH3,PDP8_rev_low,2024,NA
Coal_conv_biomassNH3,PDP8_rev_low,2025,0
Coal_conv_biomassNH3,PDP8_rev_low,2026,0
Coal_conv_biomassNH3,PDP8_rev_low,2027,0
Coal_conv_biomassNH3,PDP8_rev_low,2028,0
Coal_conv_biomassNH3,PDP8_rev_low,2029,0
Coal_conv_biomassNH3,PDP8_rev_low,2030,0
Coal_conv_biomassNH3,PDP8_rev_low,2031,1289.9
Coal_conv_biomassNH3,PDP8_rev_low,2032,2579.8
Coal_conv_biomassNH3,PDP8_rev_low,2033,3869.7
Coal_conv_biomassNH3,PDP8_rev_low,2034,5159.6
Coal_conv_biomassNH3,PDP8_rev_low,2035,6449.5
Coal_conv_biomassNH3,PDP8_rev_low,2036,7739.4
Coal_conv_biomassNH3,PDP8_rev_low,2037,9029.3
Coal_conv_biomassNH3,PDP8_rev_low,2038,10319.2
Coal_conv_biomassNH3,PDP8_rev_low,2039,11609.1
Coal_conv_biomassNH3,PDP8_rev_low,2040,12899
Coal_conv_biomassNH3,PDP8_rev_low,2041,14188.900000000001
Coal_conv_biomassNH3,PDP8_rev_low,2042,15478.8
Coal_conv_biomassNH3,PDP8_rev_low,2043,16768.7
Coal_conv_biomassNH3,PDP8_rev_low,2044,18058.6
Coal_conv_biomassNH3,PDP8_rev_low,2045,19348.5
Coal_conv_biomassNH3,PDP8_rev_low,2046,20638.4
Coal_conv_biomassNH3,PDP8_rev_low,2047,21928.3
Coal_conv_biomassNH3,PDP8_rev_low,2048,23218.2
Coal_conv_biomassNH3,PDP8_rev_low,2049,24508.1
Coal_conv_biomassNH3,PDP8_rev_low,2050,25798
Coal_conv_biomassNH3_CFB,PDP8_rev_low,2000,NA
Coal_conv_biomassNH3_CFB,PDP8_rev_low,2001,NA
Coal_conv_biomassNH3_CFB,PDP8_rev_low,2002,NA
Coal_conv_biomassNH3_CFB,PDP8_rev_low,2003,NA
Coal_conv_biomassNH3_CFB,PDP8_rev_low,2004,NA
Coal_conv_biomassNH3_CFB,PDP8_rev_low,2005,NA
Coal_conv_biomassNH3_CFB,PDP8_rev_low,2006,NA
Coal_conv_biomassNH3_CFB,PDP8_rev_low,2007,NA
Coal_conv_biomassNH3_CFB,PDP8_rev_low,2008,NA
Coal_conv_biomassNH3_CFB,PDP8_rev_low,2009,NA
Coal_conv_biomassNH3_CFB,PDP8_rev_low,2010,NA
Coal_conv_biomassNH3_CFB,PDP8_rev_low,2011,NA
Coal_conv_biomassNH3_CFB,PDP8_rev_low,2012,NA
Coal_conv_biomassNH3_CFB,PDP8_rev_low,2013,NA
Coal_conv_biomassNH3_CFB,PDP8_rev_low,2014,NA
Coal_conv_biomassNH3_CFB,PDP8_rev_low,2015,NA
Coal_conv_biomassNH3_CFB,PDP8_rev_low,2016,NA
Coal_conv_biomassNH3_CFB,PDP8_rev_low,2017,NA
Coal_conv_biomassNH3_CFB,PDP8_rev_low,2018,NA
Coal_conv_biomassNH3_CFB,PDP8_rev_low,2019,NA
Coal_conv_biomassNH3_CFB,PDP8_rev_low,2020,NA
Coal_conv_biomassNH3_CFB,PDP8_rev_low,2021,NA
Coal_conv_biomassNH3_CFB,PDP8_rev_low,2022,NA
Coal_conv_biomassNH3_CFB,PDP8_rev_low,2023,NA
Coal_conv_biomassNH3_CFB,PDP8_rev_low,2024,NA
Coal_conv_biomassNH3_CFB,PDP8_rev_low,2025,0
Coal_conv_biomassNH3_CFB,PDP8_rev_low,2026,0
Coal_conv_biomassNH3_CFB,PDP8_rev_low,2027,0
Coal_conv_biomassNH3_CFB,PDP8_rev_low,2028,0
Coal_conv_biomassNH3_CFB,PDP8_rev_low,2029,0
Coal_conv_biomassNH3_CFB,PDP8_rev_low,2030,0
Coal_conv_biomassNH3_CFB,PDP8_rev_low,2031,206.8
Coal_conv_biomassNH3_CFB,PDP8_rev_low,2032,413.6
Coal_conv_biomassNH3_CFB,PDP8_rev_low,2033,620.4
Coal_conv_biomassNH3_CFB,PDP8_rev_low,2034,827.2
Coal_conv_biomassNH3_CFB,PDP8_rev_low,2035,1034
Coal_conv_biomassNH3_CFB,PDP8_rev_low,2036,1240.8
Coal_conv_biomassNH3_CFB,PDP8_rev_low,2037,1447.6
Coal_conv_biomassNH3_CFB,PDP8_rev_low,2038,1654.4
Coal_conv_biomassNH3_CFB,PDP8_rev_low,2039,1861.2
Coal_conv_biomassNH3_CFB,PDP8_rev_low,2040,2068
Coal_conv_biomassNH3_CFB,PDP8_rev_low,2041,2274.8
Coal_conv_biomassNH3_CFB,PDP8_rev_low,2042,2481.6
Coal_conv_biomassNH3_CFB,PDP8_rev_low,2043,2688.4
Coal_conv_biomassNH3_CFB,PDP8_rev_low,2044,2895.2
Coal_conv_biomassNH3_CFB,PDP8_rev_low,2045,3102
Coal_conv_biomassNH3_CFB,PDP8_rev_low,2046,3308.8
Coal_conv_biomassNH3_CFB,PDP8_rev_low,2047,3515.6
Coal_conv_biomassNH3_CFB,PDP8_rev_low,2048,3722.4
Coal_conv_biomassNH3_CFB,PDP8_rev_low,2049,3929.2
Coal_conv_biomassNH3_CFB,PDP8_rev_low,2050,4136
Coal_conv_biomassNH3_PVC,PDP8_rev_low,2000,NA
Coal_conv_biomassNH3_PVC,PDP8_rev_low,2001,NA
Coal_conv_biomassNH3_PVC,PDP8_rev_low,2002,NA
Coal_conv_biomassNH3_PVC,PDP8_rev_low,2003,NA
Coal_conv_biomassNH3_PVC,PDP8_rev_low,2004,NA
Coal_conv_biomassNH3_PVC,PDP8_rev_low,2005,NA
Coal_conv_biomassNH3_PVC,PDP8_rev_low,2006,NA
Coal_conv_biomassNH3_PVC,PDP8_rev_low,2007,NA
Coal_conv_biomassNH3_PVC,PDP8_rev_low,2008,NA
Coal_conv_biomassNH3_PVC,PDP8_rev_low,2009,NA
Coal_conv_biomassNH3_PVC,PDP8_rev_low,2010,NA
Coal_conv_biomassNH3_PVC,PDP8_rev_low,2011,NA
Coal_conv_biomassNH3_PVC,PDP8_rev_low,2012,NA
Coal_conv_biomassNH3_PVC,PDP8_rev_low,2013,NA
Coal_conv_biomassNH3_PVC,PDP8_rev_low,2014,NA
Coal_conv_biomassNH3_PVC,PDP8_rev_low,2015,NA
Coal_conv_biomassNH3_PVC,PDP8_rev_low,2016,NA
Coal_conv_biomassNH3_PVC,PDP8_rev_low,2017,NA
Coal_conv_biomassNH3_PVC,PDP8_rev_low,2018,NA
Coal_conv_biomassNH3_PVC,PDP8_rev_low,2019,NA
Coal_conv_biomassNH3_PVC,PDP8_rev_low,2020,NA
Coal_conv_biomassNH3_PVC,PDP8_rev_low,2021,NA
Coal_conv_biomassNH3_PVC,PDP8_rev_low,2022,NA
Coal_conv_biomassNH3_PVC,PDP8_rev_low,2023,NA
Coal_conv_biomassNH3_PVC,PDP8_rev_low,2024,NA
Coal_conv_biomassNH3_PVC,PDP8_rev_low,2025,0
Coal_conv_biomassNH3_PVC,PDP8_rev_low,2026,0
Coal_conv_biomassNH3_PVC,PDP8_rev_low,2027,0
Coal_conv_biomassNH3_PVC,PDP8_rev_low,2028,0
Coal_conv_biomassNH3_PVC,PDP8_rev_low,2029,0
Coal_conv_biomassNH3_PVC,PDP8_rev_low,2030,0
Coal_conv_biomassNH3_PVC,PDP8_rev_low,2031,1083.1000000000001
Coal_conv_biomassNH3_PVC,PDP8_rev_low,2032,2166.2000000000003
Coal_conv_biomassNH3_PVC,PDP8_rev_low,2033,3249.2999999999997
Coal_conv_biomassNH3_PVC,PDP8_rev_low,2034,4332.4000000000005
Coal_conv_biomassNH3_PVC,PDP8_rev_low,2035,5415.5
Coal_conv_biomassNH3_PVC,PDP8_rev_low,2036,6498.5999999999995
Coal_conv_biomassNH3_PVC,PDP8_rev_low,2037,7581.7
Coal_conv_biomassNH3_PVC,PDP8_rev_low,2038,8664.800000000001
Coal_conv_biomassNH3_PVC,PDP8_rev_low,2039,9747.9
Coal_conv_biomassNH3_PVC,PDP8_rev_low,2040,10831
Coal_conv_biomassNH3_PVC,PDP8_rev_low,2041,11914.1
Coal_conv_biomassNH3_PVC,PDP8_rev_low,2042,12997.199999999999
Coal_conv_biomassNH3_PVC,PDP8_rev_low,2043,14080.300000000001
Coal_conv_biomassNH3_PVC,PDP8_rev_low,2044,15163.4
Coal_conv_biomassNH3_PVC,PDP8_rev_low,2045,16246.5
Coal_conv_biomassNH3_PVC,PDP8_rev_low,2046,17329.600000000002
Coal_conv_biomassNH3_PVC,PDP8_rev_low,2047,18412.7
Coal_conv_biomassNH3_PVC,PDP8_rev_low,2048,19495.8
Coal_conv_biomassNH3_PVC,PDP8_rev_low,2049,20578.899999999998
Coal_conv_biomassNH3_PVC,PDP8_rev_low,2050,21662
Coal_PVC,PDP8_rev_low,2000,550
Coal_PVC,PDP8_rev_low,2001,550
Coal_PVC,PDP8_rev_low,2002,1140
Coal_PVC,PDP8_rev_low,2003,1140
Coal_PVC,PDP8_rev_low,2004,1390
Coal_PVC,PDP8_rev_low,2005,1279
Coal_PVC,PDP8_rev_low,2006,1399
Coal_PVC,PDP8_rev_low,2007,1584
Coal_PVC,PDP8_rev_low,2008,1584
Coal_PVC,PDP8_rev_low,2009,1884
Coal_PVC,PDP8_rev_low,2010,1514
Coal_PVC,PDP8_rev_low,2011,2794
Coal_PVC,PDP8_rev_low,2012,2804
Coal_PVC,PDP8_rev_low,2013,3844
Coal_PVC,PDP8_rev_low,2014,6944
Coal_PVC,PDP8_rev_low,2015,11304
Coal_PVC,PDP8_rev_low,2016,10524
Coal_PVC,PDP8_rev_low,2017,12814
Coal_PVC,PDP8_rev_low,2018,14424
Coal_PVC,PDP8_rev_low,2019,15624
Coal_PVC,PDP8_rev_low,2020,16914
Coal_PVC,PDP8_rev_low,2021,19314
Coal_PVC,PDP8_rev_low,2022,21234
Coal_PVC,PDP8_rev_low,2023,23144
Coal_PVC,PDP8_rev_low,2024,23864
Coal_PVC,PDP8_rev_low,2025,26163
Coal_PVC,PDP8_rev_low,2026,26314.2
Coal_PVC,PDP8_rev_low,2027,26465.4
Coal_PVC,PDP8_rev_low,2028,26616.6
Coal_PVC,PDP8_rev_low,2029,26767.8
Coal_PVC,PDP8_rev_low,2030,26919
Coal_PVC,PDP8_rev_low,2031,25573.05
Coal_PVC,PDP8_rev_low,2032,24227.1
Coal_PVC,PDP8_rev_low,2033,22881.15
Coal_PVC,PDP8_rev_low,2034,21535.2
Coal_PVC,PDP8_rev_low,2035,20189.25
Coal_PVC,PDP8_rev_low,2036,18843.3
Coal_PVC,PDP8_rev_low,2037,17497.35
Coal_PVC,PDP8_rev_low,2038,16151.4
Coal_PVC,PDP8_rev_low,2039,14805.449999999999
Coal_PVC,PDP8_rev_low,2040,13459.5
Coal_PVC,PDP8_rev_low,2041,12113.55
Coal_PVC,PDP8_rev_low,2042,10767.6
Coal_PVC,PDP8_rev_low,2043,9421.649999999998
Coal_PVC,PDP8_rev_low,2044,8075.700000000001
Coal_PVC,PDP8_rev_low,2045,6729.75
Coal_PVC,PDP8_rev_low,2046,5383.799999999999
Coal_PVC,PDP8_rev_low,2047,4037.850000000002
Coal_PVC,PDP8_rev_low,2048,2691.899999999998
Coal_PVC,PDP8_rev_low,2049,1345.9500000000007
Coal_PVC,PDP8_rev_low,2050,0
Export,PDP8_rev_low,2000,NA
Export,PDP8_rev_low,2001,NA
Export,PDP8_rev_low,2002,NA
Export,PDP8_rev_low,2003,NA
Export,PDP8_rev_low,2004,NA
Export,PDP8_rev_low,2005,NA
Export,PDP8_rev_low,2006,NA
Export,PDP8_rev_low,2007,NA
Export,PDP8_rev_low,2008,NA
Export,PDP8_rev_low,2009,NA
Export,PDP8_rev_low,2010,NA
Export,PDP8_rev_low,2011,NA
Export,PDP8_rev_low,2012,NA
Export,PDP8_rev_low,2013,NA
Export,PDP8_rev_low,2014,NA
Export,PDP8_rev_low,2015,NA
Export,PDP8_rev_low,2016,NA
Export,PDP8_rev_low,2017,NA
Export,PDP8_rev_low,2018,NA
Export,PDP8_rev_low,2019,NA
Export,PDP8_rev_low,2020,NA
Export,PDP8_rev_low,2021,NA
Export,PDP8_rev_low,2022,NA
Export,PDP8_rev_low,2023,NA
Export,PDP8_rev_low,2024,NA
Export,PDP8_rev_low,2025,0
Export,PDP8_rev_low,2026,1000
Export,PDP8_rev_low,2027,2000
Export,PDP8_rev_low,2028,3000
Export,PDP8_rev_low,2029,4000
Export,PDP8_rev_low,2030,5000
Export,PDP8_rev_low,2031,5250
Export,PDP8_rev_low,2032,5500
Export,PDP8_rev_low,2033,5750
Export,PDP8_rev_low,2034,6000
Export,PDP8_rev_low,2035,6250
Export,PDP8_rev_low,2036,6500
Export,PDP8_rev_low,2037,6750
Export,PDP8_rev_low,2038,7000
Export,PDP8_rev_low,2039,7250
Export,PDP8_rev_low,2040,7500
Export,PDP8_rev_low,2041,7750
Export,PDP8_rev_low,2042,8000
Export,PDP8_rev_low,2043,8250
Export,PDP8_rev_low,2044,8500
Export,PDP8_rev_low,2045,8750
Export,PDP8_rev_low,2046,9000
Export,PDP8_rev_low,2047,9250
Export,PDP8_rev_low,2048,9500
Export,PDP8_rev_low,2049,9750
Export,PDP8_rev_low,2050,10000
Gas,PDP8_rev_low,2000,1880
Gas,PDP8_rev_low,2001,1880
Gas,PDP8_rev_low,2002,1880
Gas,PDP8_rev_low,2003,2360
Gas,PDP8_rev_low,2004,3570
Gas,PDP8_rev_low,2005,4300
Gas,PDP8_rev_low,2006,4300
Gas,PDP8_rev_low,2007,4770
Gas,PDP8_rev_low,2008,6270
Gas,PDP8_rev_low,2009,7070
Gas,PDP8_rev_low,2010,7070
Gas,PDP8_rev_low,2011,7820
Gas,PDP8_rev_low,2012,7820
Gas,PDP8_rev_low,2013,7820
Gas,PDP8_rev_low,2014,7820
Gas,PDP8_rev_low,2015,8150
Gas,PDP8_rev_low,2016,8150
Gas,PDP8_rev_low,2017,8150
Gas,PDP8_rev_low,2018,8150
Gas,PDP8_rev_low,2019,8150
Gas,PDP8_rev_low,2020,8150
Gas,PDP8_rev_low,2021,8150
Gas,PDP8_rev_low,2022,8150
Gas,PDP8_rev_low,2023,8150
Gas,PDP8_rev_low,2024,8150
Gas,PDP8_rev_low,2025,8921
Gas,PDP8_rev_low,2026,9709
Gas,PDP8_rev_low,2027,10497
Gas,PDP8_rev_low,2028,11285
Gas,PDP8_rev_low,2029,12073
Gas,PDP8_rev_low,2030,12861
Gas,PDP8_rev_low,2031,13679.6
Gas,PDP8_rev_low,2032,14498.2
Gas,PDP8_rev_low,2033,15316.8
Gas,PDP8_rev_low,2034,16135.4
Gas,PDP8_rev_low,2035,16954
Gas,PDP8_rev_low,2036,17772.6
Gas,PDP8_rev_low,2037,18591.2
Gas,PDP8_rev_low,2038,19409.8
Gas,PDP8_rev_low,2039,20228.4
Gas,PDP8_rev_low,2040,21047
Gas,PDP8_rev_low,2041,21865.6
Gas,PDP8_rev_low,2042,22684.199999999997
Gas,PDP8_rev_low,2043,23502.800000000003
Gas,PDP8_rev_low,2044,24321.4
Gas,PDP8_rev_low,2045,25140
Gas,PDP8_rev_low,2046,25958.6
Gas,PDP8_rev_low,2047,26777.199999999997
Gas,PDP8_rev_low,2048,27595.800000000003
Gas,PDP8_rev_low,2049,28414.4
Gas,PDP8_rev_low,2050,29233
GAS_H2,PDP8_rev_low,2000,NA
GAS_H2,PDP8_rev_low,2001,NA
GAS_H2,PDP8_rev_low,2002,NA
GAS_H2,PDP8_rev_low,2003,NA
GAS_H2,PDP8_rev_low,2004,NA
GAS_H2,PDP8_rev_low,2005,NA
GAS_H2,PDP8_rev_low,2006,NA
GAS_H2,PDP8_rev_low,2007,NA
GAS_H2,PDP8_rev_low,2008,NA
GAS_H2,PDP8_rev_low,2009,NA
GAS_H2,PDP8_rev_low,2010,NA
GAS_H2,PDP8_rev_low,2011,NA
GAS_H2,PDP8_rev_low,2012,NA
GAS_H2,PDP8_rev_low,2013,NA
GAS_H2,PDP8_rev_low,2014,NA
GAS_H2,PDP8_rev_low,2015,NA
GAS_H2,PDP8_rev_low,2016,NA
GAS_H2,PDP8_rev_low,2017,NA
GAS_H2,PDP8_rev_low,2018,NA
GAS_H2,PDP8_rev_low,2019,NA
GAS_H2,PDP8_rev_low,2020,NA
GAS_H2,PDP8_rev_low,2021,NA
GAS_H2,PDP8_rev_low,2022,NA
GAS_H2,PDP8_rev_low,2023,NA
GAS_H2,PDP8_rev_low,2024,NA
GAS_H2,PDP8_rev_low,2025,0
GAS_H2,PDP8_rev_low,2026,0
GAS_H2,PDP8_rev_low,2027,0
GAS_H2,PDP8_rev_low,2028,0
GAS_H2,PDP8_rev_low,2029,0
GAS_H2,PDP8_rev_low,2030,0
GAS_H2,PDP8_rev_low,2031,351.5
GAS_H2,PDP8_rev_low,2032,703
GAS_H2,PDP8_rev_low,2033,1054.5
GAS_H2,PDP8_rev_low,2034,1406
GAS_H2,PDP8_rev_low,2035,1757.5
GAS_H2,PDP8_rev_low,2036,2109
GAS_H2,PDP8_rev_low,2037,2460.5
GAS_H2,PDP8_rev_low,2038,2812
GAS_H2,PDP8_rev_low,2039,3163.5
GAS_H2,PDP8_rev_low,2040,3515
GAS_H2,PDP8_rev_low,2041,3866.5000000000005
GAS_H2,PDP8_rev_low,2042,4218
GAS_H2,PDP8_rev_low,2043,4569.5
GAS_H2,PDP8_rev_low,2044,4921
GAS_H2,PDP8_rev_low,2045,5272.5
GAS_H2,PDP8_rev_low,2046,5624
GAS_H2,PDP8_rev_low,2047,5975.5
GAS_H2,PDP8_rev_low,2048,6327
GAS_H2,PDP8_rev_low,2049,6678.5
GAS_H2,PDP8_rev_low,2050,7030
Hydro,PDP8_rev_low,2000,3270
Hydro,PDP8_rev_low,2001,3810
Hydro,PDP8_rev_low,2002,4120
Hydro,PDP8_rev_low,2003,4170
Hydro,PDP8_rev_low,2004,4210
Hydro,PDP8_rev_low,2005,4270
Hydro,PDP8_rev_low,2006,4510
Hydro,PDP8_rev_low,2007,4910
Hydro,PDP8_rev_low,2008,5910
Hydro,PDP8_rev_low,2009,7180
Hydro,PDP8_rev_low,2010,8650
Hydro,PDP8_rev_low,2011,10080
Hydro,PDP8_rev_low,2012,13550
Hydro,PDP8_rev_low,2013,14720
Hydro,PDP8_rev_low,2014,15750
Hydro,PDP8_rev_low,2015,16630
Hydro,PDP8_rev_low,2016,17850
Hydro,PDP8_rev_low,2017,17810
Hydro,PDP8_rev_low,2018,17990
Hydro,PDP8_rev_low,2019,20330
Hydro,PDP8_rev_low,2020,20820
Hydro,PDP8_rev_low,2021,21850
Hydro,PDP8_rev_low,2022,22530
Hydro,PDP8_rev_low,2023,22920
Hydro,PDP8_rev_low,2024,23710
Hydro,PDP8_rev_low,2025,24600
Hydro,PDP8_rev_low,2026,26338.8
Hydro,PDP8_rev_low,2027,28077.6
Hydro,PDP8_rev_low,2028,29816.4
Hydro,PDP8_rev_low,2029,31555.2
Hydro,PDP8_rev_low,2030,33294
Hydro,PDP8_rev_low,2031,33660.5
Hydro,PDP8_rev_low,2032,34027
Hydro,PDP8_rev_low,2033,34393.5
Hydro,PDP8_rev_low,2034,34760
Hydro,PDP8_rev_low,2035,35126.5
Hydro,PDP8_rev_low,2036,35493
Hydro,PDP8_rev_low,2037,35859.5
Hydro,PDP8_rev_low,2038,36226
Hydro,PDP8_rev_low,2039,36592.5
Hydro,PDP8_rev_low,2040,36959
Hydro,PDP8_rev_low,2041,37325.5
Hydro,PDP8_rev_low,2042,37692
Hydro,PDP8_rev_low,2043,38058.5
Hydro,PDP8_rev_low,2044,38425
Hydro,PDP8_rev_low,2045,38791.5
Hydro,PDP8_rev_low,2046,39158
Hydro,PDP8_rev_low,2047,39524.5
Hydro,PDP8_rev_low,2048,39891
Hydro,PDP8_rev_low,2049,40257.5
Hydro,PDP8_rev_low,2050,40624
Import,PDP8_rev_low,2000,NA
Import,PDP8_rev_low,2001,NA
Import,PDP8_rev_low,2002,NA
Import,PDP8_rev_low,2003,NA
Import,PDP8_rev_low,2004,NA
Import,PDP8_rev_low,2005,NA
Import,PDP8_rev_low,2006,NA
Import,PDP8_rev_low,2007,NA
Import,PDP8_rev_low,2008,NA
Import,PDP8_rev_low,2009,NA
Import,PDP8_rev_low,2010,NA
Import,PDP8_rev_low,2011,NA
Import,PDP8_rev_low,2012,NA
Import,PDP8_rev_low,2013,NA
Import,PDP8_rev_low,2014,NA
Import,PDP8_rev_low,2015,NA
Import,PDP8_rev_low,2016,NA
Import,PDP8_rev_low,2017,NA
Import,PDP8_rev_low,2018,NA
Import,PDP8_rev_low,2019,NA
Import,PDP8_rev_low,2020,NA
Import,PDP8_rev_low,2021,NA
Import,PDP8_rev_low,2022,NA
Import,PDP8_rev_low,2023,NA
Import,PDP8_rev_low,2024,NA
Import,PDP8_rev_low,2025,1222
Import,PDP8_rev_low,2026,2849.6000000000004
Import,PDP8_rev_low,2027,4477.200000000001
Import,PDP8_rev_low,2028,6104.8
Import,PDP8_rev_low,2029,7732.4000000000005
Import,PDP8_rev_low,2030,9360
Import,PDP8_rev_low,2031,9626.4
Import,PDP8_rev_low,2032,9892.8
Import,PDP8_rev_low,2033,10159.2
Import,PDP8_rev_low,2034,10425.6
Import,PDP8_rev_low,2035,10692
Import,PDP8_rev_low,2036,10958.4
Import,PDP8_rev_low,2037,11224.8
Import,PDP8_rev_low,2038,11491.2
Import,PDP8_rev_low,2039,11757.6
Import,PDP8_rev_low,2040,12024
Import,PDP8_rev_low,2041,12290.4
Import,PDP8_rev_low,2042,12556.8
Import,PDP8_rev_low,2043,12823.2
Import,PDP8_rev_low,2044,13089.6
Import,PDP8_rev_low,2045,13356
Import,PDP8_rev_low,2046,13622.400000000001
Import,PDP8_rev_low,2047,13888.8
Import,PDP8_rev_low,2048,14155.2
Import,PDP8_rev_low,2049,14421.599999999999
Import,PDP8_rev_low,2050,14688
LNG,PDP8_rev_low,2000,NA
LNG,PDP8_rev_low,2001,NA
LNG,PDP8_rev_low,2002,NA
LNG,PDP8_rev_low,2003,NA
LNG,PDP8_rev_low,2004,NA
LNG,PDP8_rev_low,2005,NA
LNG,PDP8_rev_low,2006,NA
LNG,PDP8_rev_low,2007,NA
LNG,PDP8_rev_low,2008,NA
LNG,PDP8_rev_low,2009,NA
LNG,PDP8_rev_low,2010,NA
LNG,PDP8_rev_low,2011,NA
LNG,PDP8_rev_low,2012,NA
LNG,PDP8_rev_low,2013,NA
LNG,PDP8_rev_low,2014,NA
LNG,PDP8_rev_low,2015,NA
LNG,PDP8_rev_low,2016,NA
LNG,PDP8_rev_low,2017,NA
LNG,PDP8_rev_low,2018,NA
LNG,PDP8_rev_low,2019,NA
LNG,PDP8_rev_low,2020,NA
LNG,PDP8_rev_low,2021,NA
LNG,PDP8_rev_low,2022,NA
LNG,PDP8_rev_low,2023,NA
LNG,PDP8_rev_low,2024,NA
LNG,PDP8_rev_low,2025,0
LNG,PDP8_rev_low,2026,4504.8
LNG,PDP8_rev_low,2027,9009.6
LNG,PDP8_rev_low,2028,13514.4
LNG,PDP8_rev_low,2029,18019.2
LNG,PDP8_rev_low,2030,22524
LNG,PDP8_rev_low,2031,21397.8
LNG,PDP8_rev_low,2032,20271.6
LNG,PDP8_rev_low,2033,19145.4
LNG,PDP8_rev_low,2034,18019.2
LNG,PDP8_rev_low,2035,16893
LNG,PDP8_rev_low,2036,15766.8
LNG,PDP8_rev_low,2037,14640.6
LNG,PDP8_rev_low,2038,13514.4
LNG,PDP8_rev_low,2039,12388.199999999999
LNG,PDP8_rev_low,2040,11262
LNG,PDP8_rev_low,2041,10135.8
LNG,PDP8_rev_low,2042,9009.6
LNG,PDP8_rev_low,2043,7883.4
LNG,PDP8_rev_low,2044,6757.200000000001
LNG,PDP8_rev_low,2045,5631
LNG,PDP8_rev_low,2046,4504.799999999999
LNG,PDP8_rev_low,2047,3378.600000000002
LNG,PDP8_rev_low,2048,2252.399999999998
LNG,PDP8_rev_low,2049,1126.2000000000007
LNG,PDP8_rev_low,2050,0
LNG_CCS,PDP8_rev_low,2000,NA
LNG_CCS,PDP8_rev_low,2001,NA
LNG_CCS,PDP8_rev_low,2002,NA
LNG_CCS,PDP8_rev_low,2003,NA
LNG_CCS,PDP8_rev_low,2004,NA
LNG_CCS,PDP8_rev_low,2005,NA
LNG_CCS,PDP8_rev_low,2006,NA
LNG_CCS,PDP8_rev_low,2007,NA
LNG_CCS,PDP8_rev_low,2008,NA
LNG_CCS,PDP8_rev_low,2009,NA
LNG_CCS,PDP8_rev_low,2010,NA
LNG_CCS,PDP8_rev_low,2011,NA
LNG_CCS,PDP8_rev_low,2012,NA
LNG_CCS,PDP8_rev_low,2013,NA
LNG_CCS,PDP8_rev_low,2014,NA
LNG_CCS,PDP8_rev_low,2015,NA
LNG_CCS,PDP8_rev_low,2016,NA
LNG_CCS,PDP8_rev_low,2017,NA
LNG_CCS,PDP8_rev_low,2018,NA
LNG_CCS,PDP8_rev_low,2019,NA
LNG_CCS,PDP8_rev_low,2020,NA
LNG_CCS,PDP8_rev_low,2021,NA
LNG_CCS,PDP8_rev_low,2022,NA
LNG_CCS,PDP8_rev_low,2023,NA
LNG_CCS,PDP8_rev_low,2024,NA
LNG_CCS,PDP8_rev_low,2025,0
LNG_CCS,PDP8_rev_low,2026,0
LNG_CCS,PDP8_rev_low,2027,0
LNG_CCS,PDP8_rev_low,2028,0
LNG_CCS,PDP8_rev_low,2029,0
LNG_CCS,PDP8_rev_low,2030,0
LNG_CCS,PDP8_rev_low,2031,94.35000000000001
LNG_CCS,PDP8_rev_low,2032,188.70000000000002
LNG_CCS,PDP8_rev_low,2033,283.05
LNG_CCS,PDP8_rev_low,2034,377.40000000000003
LNG_CCS,PDP8_rev_low,2035,471.75
LNG_CCS,PDP8_rev_low,2036,566.1
LNG_CCS,PDP8_rev_low,2037,660.4499999999999
LNG_CCS,PDP8_rev_low,2038,754.8000000000001
LNG_CCS,PDP8_rev_low,2039,849.15
LNG_CCS,PDP8_rev_low,2040,943.5
LNG_CCS,PDP8_rev_low,2041,1037.8500000000001
LNG_CCS,PDP8_rev_low,2042,1132.2
LNG_CCS,PDP8_rev_low,2043,1226.55
LNG_CCS,PDP8_rev_low,2044,1320.8999999999999
LNG_CCS,PDP8_rev_low,2045,1415.25
LNG_CCS,PDP8_rev_low,2046,1509.6000000000001
LNG_CCS,PDP8_rev_low,2047,1603.95
LNG_CCS,PDP8_rev_low,2048,1698.3
LNG_CCS,PDP8_rev_low,2049,1792.6499999999999
LNG_CCS,PDP8_rev_low,2050,1887
LNG_GH2,PDP8_rev_low,2000,NA
LNG_GH2,PDP8_rev_low,2001,NA
LNG_GH2,PDP8_rev_low,2002,NA
LNG_GH2,PDP8_rev_low,2003,NA
LNG_GH2,PDP8_rev_low,2004,NA
LNG_GH2,PDP8_rev_low,2005,NA
LNG_GH2,PDP8_rev_low,2006,NA
LNG_GH2,PDP8_rev_low,2007,NA
LNG_GH2,PDP8_rev_low,2008,NA
LNG_GH2,PDP8_rev_low,2009,NA
LNG_GH2,PDP8_rev_low,2010,NA
LNG_GH2,PDP8_rev_low,2011,NA
LNG_GH2,PDP8_rev_low,2012,NA
LNG_GH2,PDP8_rev_low,2013,NA
LNG_GH2,PDP8_rev_low,2014,NA
LNG_GH2,PDP8_rev_low,2015,NA
LNG_GH2,PDP8_rev_low,2016,NA
LNG_GH2,PDP8_rev_low,2017,NA
LNG_GH2,PDP8_rev_low,2018,NA
LNG_GH2,PDP8_rev_low,2019,NA
LNG_GH2,PDP8_rev_low,2020,NA
LNG_GH2,PDP8_rev_low,2021,NA
LNG_GH2,PDP8_rev_low,2022,NA
LNG_GH2,PDP8_rev_low,2023,NA
LNG_GH2,PDP8_rev_low,2024,NA
LNG_GH2,PDP8_rev_low,2025,0
LNG_GH2,PDP8_rev_low,2026,0
LNG_GH2,PDP8_rev_low,2027,0
LNG_GH2,PDP8_rev_low,2028,0
LNG_GH2,PDP8_rev_low,2029,0
LNG_GH2,PDP8_rev_low,2030,0
LNG_GH2,PDP8_rev_low,2031,910
LNG_GH2,PDP8_rev_low,2032,1820
LNG_GH2,PDP8_rev_low,2033,2730
LNG_GH2,PDP8_rev_low,2034,3640
LNG_GH2,PDP8_rev_low,2035,4550
LNG_GH2,PDP8_rev_low,2036,5460
LNG_GH2,PDP8_rev_low,2037,6370
LNG_GH2,PDP8_rev_low,2038,7280
LNG_GH2,PDP8_rev_low,2039,8190
LNG_GH2,PDP8_rev_low,2040,9100
LNG_GH2,PDP8_rev_low,2041,10010
LNG_GH2,PDP8_rev_low,2042,10920
LNG_GH2,PDP8_rev_low,2043,11830
LNG_GH2,PDP8_rev_low,2044,12740
LNG_GH2,PDP8_rev_low,2045,13650
LNG_GH2,PDP8_rev_low,2046,14560
LNG_GH2,PDP8_rev_low,2047,15470
LNG_GH2,PDP8_rev_low,2048,16380
LNG_GH2,PDP8_rev_low,2049,17290
LNG_GH2,PDP8_rev_low,2050,18200
LNG_H2,PDP8_rev_low,2000,NA
LNG_H2,PDP8_rev_low,2001,NA
LNG_H2,PDP8_rev_low,2002,NA
LNG_H2,PDP8_rev_low,2003,NA
LNG_H2,PDP8_rev_low,2004,NA
LNG_H2,PDP8_rev_low,2005,NA
LNG_H2,PDP8_rev_low,2006,NA
LNG_H2,PDP8_rev_low,2007,NA
LNG_H2,PDP8_rev_low,2008,NA
LNG_H2,PDP8_rev_low,2009,NA
LNG_H2,PDP8_rev_low,2010,NA
LNG_H2,PDP8_rev_low,2011,NA
LNG_H2,PDP8_rev_low,2012,NA
LNG_H2,PDP8_rev_low,2013,NA
LNG_H2,PDP8_rev_low,2014,NA
LNG_H2,PDP8_rev_low,2015,NA
LNG_H2,PDP8_rev_low,2016,NA
LNG_H2,PDP8_rev_low,2017,NA
LNG_H2,PDP8_rev_low,2018,NA
LNG_H2,PDP8_rev_low,2019,NA
LNG_H2,PDP8_rev_low,2020,NA
LNG_H2,PDP8_rev_low,2021,NA
LNG_H2,PDP8_rev_low,2022,NA
LNG_H2,PDP8_rev_low,2023,NA
LNG_H2,PDP8_rev_low,2024,NA
LNG_H2,PDP8_rev_low,2025,0
LNG_H2,PDP8_rev_low,2026,0
LNG_H2,PDP8_rev_low,2027,0
LNG_H2,PDP8_rev_low,2028,0
LNG_H2,PDP8_rev_low,2029,0
LNG_H2,PDP8_rev_low,2030,0
LNG_H2,PDP8_rev_low,2031,428.8
LNG_H2,PDP8_rev_low,2032,857.6
LNG_H2,PDP8_rev_low,2033,1286.3999999999999
LNG_H2,PDP8_rev_low,2034,1715.2
LNG_H2,PDP8_rev_low,2035,2144
LNG_H2,PDP8_rev_low,2036,2572.7999999999997
LNG_H2,PDP8_rev_low,2037,3001.6
LNG_H2,PDP8_rev_low,2038,3430.4
LNG_H2,PDP8_rev_low,2039,3859.2000000000003
LNG_H2,PDP8_rev_low,2040,4288
LNG_H2,PDP8_rev_low,2041,4716.8
LNG_H2,PDP8_rev_low,2042,5145.5999999999995
LNG_H2,PDP8_rev_low,2043,5574.4000000000005
LNG_H2,PDP8_rev_low,2044,6003.2
LNG_H2,PDP8_rev_low,2045,6432
LNG_H2,PDP8_rev_low,2046,6860.8
LNG_H2,PDP8_rev_low,2047,7289.5999999999995
LNG_H2,PDP8_rev_low,2048,7718.4000000000005
LNG_H2,PDP8_rev_low,2049,8147.2
LNG_H2,PDP8_rev_low,2050,8576
Nuclear,PDP8_rev_low,2000,NA
Nuclear,PDP8_rev_low,2001,NA
Nuclear,PDP8_rev_low,2002,NA
Nuclear,PDP8_rev_low,2003,NA
Nuclear,PDP8_rev_low,2004,NA
Nuclear,PDP8_rev_low,2005,NA
Nuclear,PDP8_rev_low,2006,NA
Nuclear,PDP8_rev_low,2007,NA
Nuclear,PDP8_rev_low,2008,NA
Nuclear,PDP8_rev_low,2009,NA
Nuclear,PDP8_rev_low,2010,NA
Nuclear,PDP8_rev_low,2011,NA
Nuclear,PDP8_rev_low,2012,NA
Nuclear,PDP8_rev_low,2013,NA
Nuclear,PDP8_rev_low,2014,NA
Nuclear,PDP8_rev_low,2015,NA
Nuclear,PDP8_rev_low,2016,NA
Nuclear,PDP8_rev_low,2017,NA
Nuclear,PDP8_rev_low,2018,NA
Nuclear,PDP8_rev_low,2019,NA
Nuclear,PDP8_rev_low,2020,NA
Nuclear,PDP8_rev_low,2021,NA
Nuclear,PDP8_rev_low,2022,NA
Nuclear,PDP8_rev_low,2023,NA
Nuclear,PDP8_rev_low,2024,NA
Nuclear,PDP8_rev_low,2025,0
Nuclear,PDP8_rev_low,2026,800
Nuclear,PDP8_rev_low,2027,1600
Nuclear,PDP8_rev_low,2028,2400
Nuclear,PDP8_rev_low,2029,3200
Nuclear,PDP8_rev_low,2030,4000
Nuclear,PDP8_rev_low,2031,4400
Nuclear,PDP8_rev_low,2032,4800
Nuclear,PDP8_rev_low,2033,5200
Nuclear,PDP8_rev_low,2034,5600
Nuclear,PDP8_rev_low,2035,6000
Nuclear,PDP8_rev_low,2036,6400
Nuclear,PDP8_rev_low,2037,6800
Nuclear,PDP8_rev_low,2038,7200
Nuclear,PDP8_rev_low,2039,7600
Nuclear,PDP8_rev_low,2040,8000
Nuclear,PDP8_rev_low,2041,8400
Nuclear,PDP8_rev_low,2042,8800
Nuclear,PDP8_rev_low,2043,9200
Nuclear,PDP8_rev_low,2044,9600
Nuclear,PDP8_rev_low,2045,10000
Nuclear,PDP8_rev_low,2046,10400
Nuclear,PDP8_rev_low,2047,10800
Nuclear,PDP8_rev_low,2048,11200
Nuclear,PDP8_rev_low,2049,11600
Nuclear,PDP8_rev_low,2050,12000
Pumped_Hydro,PDP8_rev_low,2000,NA
Pumped_Hydro,PDP8_rev_low,2001,NA
Pumped_Hydro,PDP8_rev_low,2002,NA
Pumped_Hydro,PDP8_rev_low,2003,NA
Pumped_Hydro,PDP8_rev_low,2004,NA
Pumped_Hydro,PDP8_rev_low,2005,NA
Pumped_Hydro,PDP8_rev_low,2006,NA
Pumped_Hydro,PDP8_rev_low,2007,NA
Pumped_Hydro,PDP8_rev_low,2008,NA
Pumped_Hydro,PDP8_rev_low,2009,NA
Pumped_Hydro,PDP8_rev_low,2010,NA
Pumped_Hydro,PDP8_rev_low,2011,NA
Pumped_Hydro,PDP8_rev_low,2012,NA
Pumped_Hydro,PDP8_rev_low,2013,NA
Pumped_Hydro,PDP8_rev_low,2014,NA
Pumped_Hydro,PDP8_rev_low,2015,NA
Pumped_Hydro,PDP8_rev_low,2016,NA
Pumped_Hydro,PDP8_rev_low,2017,NA
Pumped_Hydro,PDP8_rev_low,2018,NA
Pumped_Hydro,PDP8_rev_low,2019,NA
Pumped_Hydro,PDP8_rev_low,2020,NA
Pumped_Hydro,PDP8_rev_low,2021,NA
Pumped_Hydro,PDP8_rev_low,2022,NA
Pumped_Hydro,PDP8_rev_low,2023,NA
Pumped_Hydro,PDP8_rev_low,2024,NA
Pumped_Hydro,PDP8_rev_low,2025,0
Pumped_Hydro,PDP8_rev_low,2026,480
Pumped_Hydro,PDP8_rev_low,2027,960
Pumped_Hydro,PDP8_rev_low,2028,1440
Pumped_Hydro,PDP8_rev_low,2029,1920
Pumped_Hydro,PDP8_rev_low,2030,2400
Pumped_Hydro,PDP8_rev_low,2031,3314.55
Pumped_Hydro,PDP8_rev_low,2032,4229.1
Pumped_Hydro,PDP8_rev_low,2033,5143.65
Pumped_Hydro,PDP8_rev_low,2034,6058.200000000001
Pumped_Hydro,PDP8_rev_low,2035,6972.75
Pumped_Hydro,PDP8_rev_low,2036,7887.3
Pumped_Hydro,PDP8_rev_low,2037,8801.849999999999
Pumped_Hydro,PDP8_rev_low,2038,9716.400000000001
Pumped_Hydro,PDP8_rev_low,2039,10630.95
Pumped_Hydro,PDP8_rev_low,2040,11545.5
Pumped_Hydro,PDP8_rev_low,2041,12460.050000000001
Pumped_Hydro,PDP8_rev_low,2042,13374.6
Pumped_Hydro,PDP8_rev_low,2043,14289.15
Pumped_Hydro,PDP8_rev_low,2044,15203.699999999999
Pumped_Hydro,PDP8_rev_low,2045,16118.25
Pumped_Hydro,PDP8_rev_low,2046,17032.800000000003
Pumped_Hydro,PDP8_rev_low,2047,17947.35
Pumped_Hydro,PDP8_rev_low,2048,18861.9
Pumped_Hydro,PDP8_rev_low,2049,19776.45
Pumped_Hydro,PDP8_rev_low,2050,20691
Pumped_storagehydro_BESS,PDP8_rev_low,2000,NA
Pumped_storagehydro_BESS,PDP8_rev_low,2001,NA
Pumped_storagehydro_BESS,PDP8_rev_low,2002,NA
Pumped_storagehydro_BESS,PDP8_rev_low,2003,NA
Pumped_storagehydro_BESS,PDP8_rev_low,2004,NA
Pumped_storagehydro_BESS,PDP8_rev_low,2005,NA
Pumped_storagehydro_BESS,PDP8_rev_low,2006,NA
Pumped_storagehydro_BESS,PDP8_rev_low,2007,NA
Pumped_storagehydro_BESS,PDP8_rev_low,2008,NA
Pumped_storagehydro_BESS,PDP8_rev_low,2009,NA
Pumped_storagehydro_BESS,PDP8_rev_low,2010,NA
Pumped_storagehydro_BESS,PDP8_rev_low,2011,NA
Pumped_storagehydro_BESS,PDP8_rev_low,2012,NA
Pumped_storagehydro_BESS,PDP8_rev_low,2013,NA
Pumped_storagehydro_BESS,PDP8_rev_low,2014,NA
Pumped_storagehydro_BESS,PDP8_rev_low,2015,NA
Pumped_storagehydro_BESS,PDP8_rev_low,2016,NA
Pumped_storagehydro_BESS,PDP8_rev_low,2017,NA
Pumped_storagehydro_BESS,PDP8_rev_low,2018,NA
Pumped_storagehydro_BESS,PDP8_rev_low,2019,NA
Pumped_storagehydro_BESS,PDP8_rev_low,2020,NA
Pumped_storagehydro_BESS,PDP8_rev_low,2021,NA
Pumped_storagehydro_BESS,PDP8_rev_low,2022,NA
Pumped_storagehydro_BESS,PDP8_rev_low,2023,NA
Pumped_storagehydro_BESS,PDP8_rev_low,2024,NA
Pumped_storagehydro_BESS,PDP8_rev_low,2025,0
Pumped_storagehydro_BESS,PDP8_rev_low,2026,2480
Pumped_storagehydro_BESS,PDP8_rev_low,2027,4960
Pumped_storagehydro_BESS,PDP8_rev_low,2028,7440
Pumped_storagehydro_BESS,PDP8_rev_low,2029,9920
Pumped_storagehydro_BESS,PDP8_rev_low,2030,12400
Pumped_storagehydro_BESS,PDP8_rev_low,2031,17613.7
Pumped_storagehydro_BESS,PDP8_rev_low,2032,22827.4
Pumped_storagehydro_BESS,PDP8_rev_low,2033,28041.1
Pumped_storagehydro_BESS,PDP8_rev_low,2034,33254.8
Pumped_storagehydro_BESS,PDP8_rev_low,2035,38468.5
Pumped_storagehydro_BESS,PDP8_rev_low,2036,43682.2
Pumped_storagehydro_BESS,PDP8_rev_low,2037,48895.899999999994
Pumped_storagehydro_BESS,PDP8_rev_low,2038,54109.600000000006
Pumped_storagehydro_BESS,PDP8_rev_low,2039,59323.3
Pumped_storagehydro_BESS,PDP8_rev_low,2040,64537
Pumped_storagehydro_BESS,PDP8_rev_low,2041,69750.70000000001
Pumped_storagehydro_BESS,PDP8_rev_low,2042,74964.4
Pumped_storagehydro_BESS,PDP8_rev_low,2043,80178.1
Pumped_storagehydro_BESS,PDP8_rev_low,2044,85391.79999999999
Pumped_storagehydro_BESS,PDP8_rev_low,2045,90605.5
Pumped_storagehydro_BESS,PDP8_rev_low,2046,95819.20000000001
Pumped_storagehydro_BESS,PDP8_rev_low,2047,101032.9
Pumped_storagehydro_BESS,PDP8_rev_low,2048,106246.6
Pumped_storagehydro_BESS,PDP8_rev_low,2049,111460.29999999999
Pumped_storagehydro_BESS,PDP8_rev_low,2050,116674
PV,PDP8_rev_low,2000,0
PV,PDP8_rev_low,2001,0
PV,PDP8_rev_low,2002,0
PV,PDP8_rev_low,2003,0
PV,PDP8_rev_low,2004,0
PV,PDP8_rev_low,2005,0
PV,PDP8_rev_low,2006,0
PV,PDP8_rev_low,2007,0
PV,PDP8_rev_low,2008,0
PV,PDP8_rev_low,2009,0
PV,PDP8_rev_low,2010,0
PV,PDP8_rev_low,2011,0
PV,PDP8_rev_low,2012,0
PV,PDP8_rev_low,2013,0
PV,PDP8_rev_low,2014,10
PV,PDP8_rev_low,2015,10
PV,PDP8_rev_low,2016,10
PV,PDP8_rev_low,2017,10
PV,PDP8_rev_low,2018,100
PV,PDP8_rev_low,2019,4990
PV,PDP8_rev_low,2020,16660
PV,PDP8_rev_low,2021,16660
PV,PDP8_rev_low,2022,16700
PV,PDP8_rev_low,2023,18590
PV,PDP8_rev_low,2024,18670
PV,PDP8_rev_low,2025,16919
PV,PDP8_rev_low,2026,22827
PV,PDP8_rev_low,2027,28735
PV,PDP8_rev_low,2028,34643
PV,PDP8_rev_low,2029,40551
PV,PDP8_rev_low,2030,46459
PV,PDP8_rev_low,2031,58790.45
PV,PDP8_rev_low,2032,71121.9
PV,PDP8_rev_low,2033,83453.35
PV,PDP8_rev_low,2034,95784.8
PV,PDP8_rev_low,2035,108116.25
PV,PDP8_rev_low,2036,120447.7
PV,PDP8_rev_low,2037,132779.15
PV,PDP8_rev_low,2038,145110.6
PV,PDP8_rev_low,2039,157442.05
PV,PDP8_rev_low,2040,169773.5
PV,PDP8_rev_low,2041,182104.95
PV,PDP8_rev_low,2042,194436.4
PV,PDP8_rev_low,2043,206767.85
PV,PDP8_rev_low,2044,219099.3
PV,PDP8_rev_low,2045,231430.75
PV,PDP8_rev_low,2046,243762.2
PV,PDP8_rev_low,2047,256093.65
PV,PDP8_rev_low,2048,268425.1
PV,PDP8_rev_low,2049,280756.55
PV,PDP8_rev_low,2050,293088
TOTAL,PDP8_rev_low,2000,NA
TOTAL,PDP8_rev_low,2001,NA
TOTAL,PDP8_rev_low,2002,NA
TOTAL,PDP8_rev_low,2003,NA
TOTAL,PDP8_rev_low,2004,NA
TOTAL,PDP8_rev_low,2005,NA
TOTAL,PDP8_rev_low,2006,NA
TOTAL,PDP8_rev_low,2007,NA
TOTAL,PDP8_rev_low,2008,NA
TOTAL,PDP8_rev_low,2009,NA
TOTAL,PDP8_rev_low,2010,NA
TOTAL,PDP8_rev_low,2011,NA
TOTAL,PDP8_rev_low,2012,NA
TOTAL,PDP8_rev_low,2013,NA
TOTAL,PDP8_rev_low,2014,NA
TOTAL,PDP8_rev_low,2015,NA
TOTAL,PDP8_rev_low,2016,NA
TOTAL,PDP8_rev_low,2017,NA
TOTAL,PDP8_rev_low,2018,NA
TOTAL,PDP8_rev_low,2019,NA
TOTAL,PDP8_rev_low,2020,NA
TOTAL,PDP8_rev_low,2021,NA
TOTAL,PDP8_rev_low,2022,NA
TOTAL,PDP8_rev_low,2023,NA
TOTAL,PDP8_rev_low,2024,NA
TOTAL,PDP8_rev_low,2025,89402
TOTAL,PDP8_rev_low,2026,108179.8
TOTAL,PDP8_rev_low,2027,126957.6
TOTAL,PDP8_rev_low,2028,145735.4
TOTAL,PDP8_rev_low,2029,164513.2
TOTAL,PDP8_rev_low,2030,183291
TOTAL,PDP8_rev_low,2031,212851.6
TOTAL,PDP8_rev_low,2032,242412.2
TOTAL,PDP8_rev_low,2033,271972.8
TOTAL,PDP8_rev_low,2034,301533.4
TOTAL,PDP8_rev_low,2035,331094
TOTAL,PDP8_rev_low,2036,360654.6
TOTAL,PDP8_rev_low,2037,390215.19999999995
TOTAL,PDP8_rev_low,2038,419775.80000000005
TOTAL,PDP8_rev_low,2039,449336.4
TOTAL,PDP8_rev_low,2040,478897
TOTAL,PDP8_rev_low,2041,508457.60000000003
TOTAL,PDP8_rev_low,2042,538018.2
TOTAL,PDP8_rev_low,2043,567578.8
TOTAL,PDP8_rev_low,2044,597139.3999999999
TOTAL,PDP8_rev_low,2045,626700
TOTAL,PDP8_rev_low,2046,656260.6000000001
TOTAL,PDP8_rev_low,2047,685821.2
TOTAL,PDP8_rev_low,2048,715381.8
TOTAL,PDP8_rev_low,2049,744942.4
TOTAL,PDP8_rev_low,2050,774503
Total capacity,PDP8_rev_low,2000,5830
Total capacity,PDP8_rev_low,2001,6370
Total capacity,PDP8_rev_low,2002,7270
Total capacity,PDP8_rev_low,2003,7800
Total capacity,PDP8_rev_low,2004,9300
Total capacity,PDP8_rev_low,2005,10090
Total capacity,PDP8_rev_low,2006,10450
Total capacity,PDP8_rev_low,2007,11620
Total capacity,PDP8_rev_low,2008,14120
Total capacity,PDP8_rev_low,2009,16720
Total capacity,PDP8_rev_low,2010,18510
Total capacity,PDP8_rev_low,2011,21970
Total capacity,PDP8_rev_low,2012,25890
Total capacity,PDP8_rev_low,2013,28120
Total capacity,PDP8_rev_low,2014,32330
Total capacity,PDP8_rev_low,2015,38130
Total capacity,PDP8_rev_low,2016,39710
Total capacity,PDP8_rev_low,2017,42010
Total capacity,PDP8_rev_low,2018,44660
Total capacity,PDP8_rev_low,2019,53220
Total capacity,PDP8_rev_low,2020,66830
Total capacity,PDP8_rev_low,2021,73840
Total capacity,PDP8_rev_low,2022,77440
Total capacity,PDP8_rev_low,2023,82450
Total capacity,PDP8_rev_low,2024,84370
Total capacity,PDP8_rev_low,2025,NA
Total capacity,PDP8_rev_low,2026,NA
Total capacity,PDP8_rev_low,2027,NA
Total capacity,PDP8_rev_low,2028,NA
Total capacity,PDP8_rev_low,2029,NA
Total capacity,PDP8_rev_low,2030,NA
Total capacity,PDP8_rev_low,2031,NA
Total capacity,PDP8_rev_low,2032,NA
Total capacity,PDP8_rev_low,2033,NA
Total capacity,PDP8_rev_low,2034,NA
Total capacity,PDP8_rev_low,2035,NA
Total capacity,PDP8_rev_low,2036,NA
Total capacity,PDP8_rev_low,2037,NA
Total capacity,PDP8_rev_low,2038,NA
Total capacity,PDP8_rev_low,2039,NA
Total capacity,PDP8_rev_low,2040,NA
Total capacity,PDP8_rev_low,2041,NA
Total capacity,PDP8_rev_low,2042,NA
Total capacity,PDP8_rev_low,2043,NA
Total capacity,PDP8_rev_low,2044,NA
Total capacity,PDP8_rev_low,2045,NA
Total capacity,PDP8_rev_low,2046,NA
Total capacity,PDP8_rev_low,2047,NA
Total capacity,PDP8_rev_low,2048,NA
Total capacity,PDP8_rev_low,2049,NA
Total capacity,PDP8_rev_low,2050,NA
Wind,PDP8_rev_low,2000,0
Wind,PDP8_rev_low,2001,0
Wind,PDP8_rev_low,2002,0
Wind,PDP8_rev_low,2003,0
Wind,PDP8_rev_low,2004,0
Wind,PDP8_rev_low,2005,0
Wind,PDP8_rev_low,2006,0
Wind,PDP8_rev_low,2007,0
Wind,PDP8_rev_low,2008,0
Wind,PDP8_rev_low,2009,10
Wind,PDP8_rev_low,2010,30
Wind,PDP8_rev_low,2011,30
Wind,PDP8_rev_low,2012,30
Wind,PDP8_rev_low,2013,50
Wind,PDP8_rev_low,2014,50
Wind,PDP8_rev_low,2015,140
Wind,PDP8_rev_low,2016,160
Wind,PDP8_rev_low,2017,200
Wind,PDP8_rev_low,2018,240
Wind,PDP8_rev_low,2019,370
Wind,PDP8_rev_low,2020,520
Wind,PDP8_rev_low,2021,4120
Wind,PDP8_rev_low,2022,5070
Wind,PDP8_rev_low,2023,5890
Wind,PDP8_rev_low,2024,6180
Wind,PDP8_rev_low,2025,6774
Wind,PDP8_rev_low,2026,10632.4
Wind,PDP8_rev_low,2027,14490.8
Wind,PDP8_rev_low,2028,18349.199999999997
Wind,PDP8_rev_low,2029,22207.6
Wind,PDP8_rev_low,2030,26066
Wind,PDP8_rev_low,2031,28997.5
Wind,PDP8_rev_low,2032,31929
Wind,PDP8_rev_low,2033,34860.5
Wind,PDP8_rev_low,2034,37792
Wind,PDP8_rev_low,2035,40723.5
Wind,PDP8_rev_low,2036,43655
Wind,PDP8_rev_low,2037,46586.5
Wind,PDP8_rev_low,2038,49518
Wind,PDP8_rev_low,2039,52449.5
Wind,PDP8_rev_low,2040,55381
Wind,PDP8_rev_low,2041,58312.5
Wind,PDP8_rev_low,2042,61244
Wind,PDP8_rev_low,2043,64175.5
Wind,PDP8_rev_low,2044,67107
Wind,PDP8_rev_low,2045,70038.5
Wind,PDP8_rev_low,2046,72970
Wind,PDP8_rev_low,2047,75901.5
Wind,PDP8_rev_low,2048,78833
Wind,PDP8_rev_low,2049,81764.5
Wind,PDP8_rev_low,2050,84696
Wind_offshore,PDP8_rev_low,2000,NA
Wind_offshore,PDP8_rev_low,2001,NA
Wind_offshore,PDP8_rev_low,2002,NA
Wind_offshore,PDP8_rev_low,2003,NA
Wind_offshore,PDP8_rev_low,2004,NA
Wind_offshore,PDP8_rev_low,2005,NA
Wind_offshore,PDP8_rev_low,2006,NA
Wind_offshore,PDP8_rev_low,2007,NA
Wind_offshore,PDP8_rev_low,2008,NA
Wind_offshore,PDP8_rev_low,2009,NA
Wind_offshore,PDP8_rev_low,2010,NA
Wind_offshore,PDP8_rev_low,2011,NA
Wind_offshore,PDP8_rev_low,2012,NA
Wind_offshore,PDP8_rev_low,2013,NA
Wind_offshore,PDP8_rev_low,2014,NA
Wind_offshore,PDP8_rev_low,2015,NA
Wind_offshore,PDP8_rev_low,2016,NA
Wind_offshore,PDP8_rev_low,2017,NA
Wind_offshore,PDP8_rev_low,2018,NA
Wind_offshore,PDP8_rev_low,2019,NA
Wind_offshore,PDP8_rev_low,2020,NA
Wind_offshore,PDP8_rev_low,2021,NA
Wind_offshore,PDP8_rev_low,2022,NA
Wind_offshore,PDP8_rev_low,2023,NA
Wind_offshore,PDP8_rev_low,2024,NA
Wind_offshore,PDP8_rev_low,2025,0
Wind_offshore,PDP8_rev_low,2026,1200
Wind_offshore,PDP8_rev_low,2027,2400
Wind_offshore,PDP8_rev_low,2028,3600
Wind_offshore,PDP8_rev_low,2029,4800
Wind_offshore,PDP8_rev_low,2030,6000
Wind_offshore,PDP8_rev_low,2031,11375.150000000001
Wind_offshore,PDP8_rev_low,2032,16750.300000000003
Wind_offshore,PDP8_rev_low,2033,22125.449999999997
Wind_offshore,PDP8_rev_low,2034,27500.600000000002
Wind_offshore,PDP8_rev_low,2035,32875.75
Wind_offshore,PDP8_rev_low,2036,38250.899999999994
Wind_offshore,PDP8_rev_low,2037,43626.049999999996
Wind_offshore,PDP8_rev_low,2038,49001.200000000004
Wind_offshore,PDP8_rev_low,2039,54376.35
Wind_offshore,PDP8_rev_low,2040,59751.5
Wind_offshore,PDP8_rev_low,2041,65126.65
Wind_offshore,PDP8_rev_low,2042,70501.79999999999
Wind_offshore,PDP8_rev_low,2043,75876.95
Wind_offshore,PDP8_rev_low,2044,81252.09999999999
Wind_offshore,PDP8_rev_low,2045,86627.25
Wind_offshore,PDP8_rev_low,2046,92002.40000000001
Wind_offshore,PDP8_rev_low,2047,97377.55
Wind_offshore,PDP8_rev_low,2048,102752.7
Wind_offshore,PDP8_rev_low,2049,108127.84999999999
Wind_offshore,PDP8_rev_low,2050,113503
Batteries,PDP8_rev_high,2000,NA
Batteries,PDP8_rev_high,2001,NA
Batteries,PDP8_rev_high,2002,NA
Batteries,PDP8_rev_high,2003,NA
Batteries,PDP8_rev_high,2004,NA
Batteries,PDP8_rev_high,2005,NA
Batteries,PDP8_rev_high,2006,NA
Batteries,PDP8_rev_high,2007,NA
Batteries,PDP8_rev_high,2008,NA
Batteries,PDP8_rev_high,2009,NA
Batteries,PDP8_rev_high,2010,NA
Batteries,PDP8_rev_high,2011,NA
Batteries,PDP8_rev_high,2012,NA
Batteries,PDP8_rev_high,2013,NA
Batteries,PDP8_rev_high,2014,NA
Batteries,PDP8_rev_high,2015,NA
Batteries,PDP8_rev_high,2016,NA
Batteries,PDP8_rev_high,2017,NA
Batteries,PDP8_rev_high,2018,NA
Batteries,PDP8_rev_high,2019,NA
Batteries,PDP8_rev_high,2020,NA
Batteries,PDP8_rev_high,2021,NA
Batteries,PDP8_rev_high,2022,NA
Batteries,PDP8_rev_high,2023,NA
Batteries,PDP8_rev_high,2024,NA
Batteries,PDP8_rev_high,2025,0
Batteries,PDP8_rev_high,2026,3260
Batteries,PDP8_rev_high,2027,6520
Batteries,PDP8_rev_high,2028,9780
Batteries,PDP8_rev_high,2029,13040
Batteries,PDP8_rev_high,2030,16300
Batteries,PDP8_rev_high,2031,20291
Batteries,PDP8_rev_high,2032,24282
Batteries,PDP8_rev_high,2033,28273
Batteries,PDP8_rev_high,2034,32264
Batteries,PDP8_rev_high,2035,36255
Batteries,PDP8_rev_high,2036,40246
Batteries,PDP8_rev_high,2037,44237
Batteries,PDP8_rev_high,2038,48228
Batteries,PDP8_rev_high,2039,52219
Batteries,PDP8_rev_high,2040,56210
Batteries,PDP8_rev_high,2041,60201
Batteries,PDP8_rev_high,2042,64192
Batteries,PDP8_rev_high,2043,68183
Batteries,PDP8_rev_high,2044,72174
Batteries,PDP8_rev_high,2045,76165
Batteries,PDP8_rev_high,2046,80156
Batteries,PDP8_rev_high,2047,84147
Batteries,PDP8_rev_high,2048,88138
Batteries,PDP8_rev_high,2049,92129
Batteries,PDP8_rev_high,2050,96120
Bioenergy,PDP8_rev_high,2000,130
Bioenergy,PDP8_rev_high,2001,130
Bioenergy,PDP8_rev_high,2002,130
Bioenergy,PDP8_rev_high,2003,130
Bioenergy,PDP8_rev_high,2004,130
Bioenergy,PDP8_rev_high,2005,130
Bioenergy,PDP8_rev_high,2006,130
Bioenergy,PDP8_rev_high,2007,130
Bioenergy,PDP8_rev_high,2008,130
Bioenergy,PDP8_rev_high,2009,130
Bioenergy,PDP8_rev_high,2010,130
Bioenergy,PDP8_rev_high,2011,130
Bioenergy,PDP8_rev_high,2012,130
Bioenergy,PDP8_rev_high,2013,130
Bioenergy,PDP8_rev_high,2014,200
Bioenergy,PDP8_rev_high,2015,220
Bioenergy,PDP8_rev_high,2016,260
Bioenergy,PDP8_rev_high,2017,270
Bioenergy,PDP8_rev_high,2018,380
Bioenergy,PDP8_rev_high,2019,380
Bioenergy,PDP8_rev_high,2020,390
Bioenergy,PDP8_rev_high,2021,370
Bioenergy,PDP8_rev_high,2022,380
Bioenergy,PDP8_rev_high,2023,380
Bioenergy,PDP8_rev_high,2024,420
Bioenergy,PDP8_rev_high,2025,NA
Bioenergy,PDP8_rev_high,2026,NA
Bioenergy,PDP8_rev_high,2027,NA
Bioenergy,PDP8_rev_high,2028,NA
Bioenergy,PDP8_rev_high,2029,NA
Bioenergy,PDP8_rev_high,2030,NA
Bioenergy,PDP8_rev_high,2031,NA
Bioenergy,PDP8_rev_high,2032,NA
Bioenergy,PDP8_rev_high,2033,NA
Bioenergy,PDP8_rev_high,2034,NA
Bioenergy,PDP8_rev_high,2035,NA
Bioenergy,PDP8_rev_high,2036,NA
Bioenergy,PDP8_rev_high,2037,NA
Bioenergy,PDP8_rev_high,2038,NA
Bioenergy,PDP8_rev_high,2039,NA
Bioenergy,PDP8_rev_high,2040,NA
Bioenergy,PDP8_rev_high,2041,NA
Bioenergy,PDP8_rev_high,2042,NA
Bioenergy,PDP8_rev_high,2043,NA
Bioenergy,PDP8_rev_high,2044,NA
Bioenergy,PDP8_rev_high,2045,NA
Bioenergy,PDP8_rev_high,2046,NA
Bioenergy,PDP8_rev_high,2047,NA
Bioenergy,PDP8_rev_high,2048,NA
Bioenergy,PDP8_rev_high,2049,NA
Bioenergy,PDP8_rev_high,2050,NA
Biomass,PDP8_rev_high,2000,NA
Biomass,PDP8_rev_high,2001,NA
Biomass,PDP8_rev_high,2002,NA
Biomass,PDP8_rev_high,2003,NA
Biomass,PDP8_rev_high,2004,NA
Biomass,PDP8_rev_high,2005,NA
Biomass,PDP8_rev_high,2006,NA
Biomass,PDP8_rev_high,2007,NA
Biomass,PDP8_rev_high,2008,NA
Biomass,PDP8_rev_high,2009,NA
Biomass,PDP8_rev_high,2010,NA
Biomass,PDP8_rev_high,2011,NA
Biomass,PDP8_rev_high,2012,NA
Biomass,PDP8_rev_high,2013,NA
Biomass,PDP8_rev_high,2014,NA
Biomass,PDP8_rev_high,2015,NA
Biomass,PDP8_rev_high,2016,NA
Biomass,PDP8_rev_high,2017,NA
Biomass,PDP8_rev_high,2018,NA
Biomass,PDP8_rev_high,2019,NA
Biomass,PDP8_rev_high,2020,NA
Biomass,PDP8_rev_high,2021,NA
Biomass,PDP8_rev_high,2022,NA
Biomass,PDP8_rev_high,2023,NA
Biomass,PDP8_rev_high,2024,NA
Biomass,PDP8_rev_high,2025,276
Biomass,PDP8_rev_high,2026,1197
Biomass,PDP8_rev_high,2027,2118
Biomass,PDP8_rev_high,2028,3039
Biomass,PDP8_rev_high,2029,3960
Biomass,PDP8_rev_high,2030,4881
Biomass,PDP8_rev_high,2031,5115
Biomass,PDP8_rev_high,2032,5349
Biomass,PDP8_rev_high,2033,5583
Biomass,PDP8_rev_high,2034,5817
Biomass,PDP8_rev_high,2035,6051
Biomass,PDP8_rev_high,2036,6285
Biomass,PDP8_rev_high,2037,6519
Biomass,PDP8_rev_high,2038,6753
Biomass,PDP8_rev_high,2039,6987
Biomass,PDP8_rev_high,2040,7221
Biomass,PDP8_rev_high,2041,7455
Biomass,PDP8_rev_high,2042,7689
Biomass,PDP8_rev_high,2043,7923
Biomass,PDP8_rev_high,2044,8157
Biomass,PDP8_rev_high,2045,8391
Biomass,PDP8_rev_high,2046,8625
Biomass,PDP8_rev_high,2047,8859
Biomass,PDP8_rev_high,2048,9093
Biomass,PDP8_rev_high,2049,9327
Biomass,PDP8_rev_high,2050,9561
Coal,PDP8_rev_high,2000,NA
Coal,PDP8_rev_high,2001,NA
Coal,PDP8_rev_high,2002,NA
Coal,PDP8_rev_high,2003,NA
Coal,PDP8_rev_high,2004,NA
Coal,PDP8_rev_high,2005,NA
Coal,PDP8_rev_high,2006,NA
Coal,PDP8_rev_high,2007,NA
Coal,PDP8_rev_high,2008,NA
Coal,PDP8_rev_high,2009,NA
Coal,PDP8_rev_high,2010,NA
Coal,PDP8_rev_high,2011,NA
Coal,PDP8_rev_high,2012,NA
Coal,PDP8_rev_high,2013,NA
Coal,PDP8_rev_high,2014,NA
Coal,PDP8_rev_high,2015,NA
Coal,PDP8_rev_high,2016,NA
Coal,PDP8_rev_high,2017,NA
Coal,PDP8_rev_high,2018,NA
Coal,PDP8_rev_high,2019,NA
Coal,PDP8_rev_high,2020,NA
Coal,PDP8_rev_high,2021,NA
Coal,PDP8_rev_high,2022,NA
Coal,PDP8_rev_high,2023,NA
Coal,PDP8_rev_high,2024,NA
Coal,PDP8_rev_high,2025,29539
Coal,PDP8_rev_high,2026,29842.2
Coal,PDP8_rev_high,2027,30145.4
Coal,PDP8_rev_high,2028,30448.6
Coal,PDP8_rev_high,2029,30751.8
Coal,PDP8_rev_high,2030,31055
Coal,PDP8_rev_high,2031,NA
Coal,PDP8_rev_high,2032,NA
Coal,PDP8_rev_high,2033,NA
Coal,PDP8_rev_high,2034,NA
Coal,PDP8_rev_high,2035,NA
Coal,PDP8_rev_high,2036,NA
Coal,PDP8_rev_high,2037,NA
Coal,PDP8_rev_high,2038,NA
Coal,PDP8_rev_high,2039,NA
Coal,PDP8_rev_high,2040,NA
Coal,PDP8_rev_high,2041,NA
Coal,PDP8_rev_high,2042,NA
Coal,PDP8_rev_high,2043,NA
Coal,PDP8_rev_high,2044,NA
Coal,PDP8_rev_high,2045,NA
Coal,PDP8_rev_high,2046,NA
Coal,PDP8_rev_high,2047,NA
Coal,PDP8_rev_high,2048,NA
Coal,PDP8_rev_high,2049,NA
Coal,PDP8_rev_high,2050,NA
Coal_CFB,PDP8_rev_high,2000,0
Coal_CFB,PDP8_rev_high,2001,0
Coal_CFB,PDP8_rev_high,2002,0
Coal_CFB,PDP8_rev_high,2003,0
Coal_CFB,PDP8_rev_high,2004,0
Coal_CFB,PDP8_rev_high,2005,111
Coal_CFB,PDP8_rev_high,2006,111
Coal_CFB,PDP8_rev_high,2007,226
Coal_CFB,PDP8_rev_high,2008,226
Coal_CFB,PDP8_rev_high,2009,446
Coal_CFB,PDP8_rev_high,2010,1116
Coal_CFB,PDP8_rev_high,2011,1116
Coal_CFB,PDP8_rev_high,2012,1556
Coal_CFB,PDP8_rev_high,2013,1556
Coal_CFB,PDP8_rev_high,2014,1556
Coal_CFB,PDP8_rev_high,2015,1676
Coal_CFB,PDP8_rev_high,2016,2756
Coal_CFB,PDP8_rev_high,2017,2756
Coal_CFB,PDP8_rev_high,2018,3376
Coal_CFB,PDP8_rev_high,2019,3376
Coal_CFB,PDP8_rev_high,2020,3376
Coal_CFB,PDP8_rev_high,2021,3376
Coal_CFB,PDP8_rev_high,2022,3376
Coal_CFB,PDP8_rev_high,2023,3376
Coal_CFB,PDP8_rev_high,2024,3376
Coal_CFB,PDP8_rev_high,2025,3376
Coal_CFB,PDP8_rev_high,2026,3528
Coal_CFB,PDP8_rev_high,2027,3680
Coal_CFB,PDP8_rev_high,2028,3832
Coal_CFB,PDP8_rev_high,2029,3984
Coal_CFB,PDP8_rev_high,2030,4136
Coal_CFB,PDP8_rev_high,2031,3929.2
Coal_CFB,PDP8_rev_high,2032,3722.4
Coal_CFB,PDP8_rev_high,2033,3515.6
Coal_CFB,PDP8_rev_high,2034,3308.8
Coal_CFB,PDP8_rev_high,2035,3102
Coal_CFB,PDP8_rev_high,2036,2895.2
Coal_CFB,PDP8_rev_high,2037,2688.4
Coal_CFB,PDP8_rev_high,2038,2481.6
Coal_CFB,PDP8_rev_high,2039,2274.8
Coal_CFB,PDP8_rev_high,2040,2068
Coal_CFB,PDP8_rev_high,2041,1861.1999999999998
Coal_CFB,PDP8_rev_high,2042,1654.4
Coal_CFB,PDP8_rev_high,2043,1447.6
Coal_CFB,PDP8_rev_high,2044,1240.8000000000002
Coal_CFB,PDP8_rev_high,2045,1034
Coal_CFB,PDP8_rev_high,2046,827.1999999999998
Coal_CFB,PDP8_rev_high,2047,620.4000000000001
Coal_CFB,PDP8_rev_high,2048,413.5999999999999
Coal_CFB,PDP8_rev_high,2049,206.80000000000018
Coal_CFB,PDP8_rev_high,2050,0
Coal_conv_biomassNH3,PDP8_rev_high,2000,NA
Coal_conv_biomassNH3,PDP8_rev_high,2001,NA
Coal_conv_biomassNH3,PDP8_rev_high,2002,NA
Coal_conv_biomassNH3,PDP8_rev_high,2003,NA
Coal_conv_biomassNH3,PDP8_rev_high,2004,NA
Coal_conv_biomassNH3,PDP8_rev_high,2005,NA
Coal_conv_biomassNH3,PDP8_rev_high,2006,NA
Coal_conv_biomassNH3,PDP8_rev_high,2007,NA
Coal_conv_biomassNH3,PDP8_rev_high,2008,NA
Coal_conv_biomassNH3,PDP8_rev_high,2009,NA
Coal_conv_biomassNH3,PDP8_rev_high,2010,NA
Coal_conv_biomassNH3,PDP8_rev_high,2011,NA
Coal_conv_biomassNH3,PDP8_rev_high,2012,NA
Coal_conv_biomassNH3,PDP8_rev_high,2013,NA
Coal_conv_biomassNH3,PDP8_rev_high,2014,NA
Coal_conv_biomassNH3,PDP8_rev_high,2015,NA
Coal_conv_biomassNH3,PDP8_rev_high,2016,NA
Coal_conv_biomassNH3,PDP8_rev_high,2017,NA
Coal_conv_biomassNH3,PDP8_rev_high,2018,NA
Coal_conv_biomassNH3,PDP8_rev_high,2019,NA
Coal_conv_biomassNH3,PDP8_rev_high,2020,NA
Coal_conv_biomassNH3,PDP8_rev_high,2021,NA
Coal_conv_biomassNH3,PDP8_rev_high,2022,NA
Coal_conv_biomassNH3,PDP8_rev_high,2023,NA
Coal_conv_biomassNH3,PDP8_rev_high,2024,NA
Coal_conv_biomassNH3,PDP8_rev_high,2025,0
Coal_conv_biomassNH3,PDP8_rev_high,2026,0
Coal_conv_biomassNH3,PDP8_rev_high,2027,0
Coal_conv_biomassNH3,PDP8_rev_high,2028,0
Coal_conv_biomassNH3,PDP8_rev_high,2029,0
Coal_conv_biomassNH3,PDP8_rev_high,2030,0
Coal_conv_biomassNH3,PDP8_rev_high,2031,1289.9
Coal_conv_biomassNH3,PDP8_rev_high,2032,2579.8
Coal_conv_biomassNH3,PDP8_rev_high,2033,3869.7
Coal_conv_biomassNH3,PDP8_rev_high,2034,5159.6
Coal_conv_biomassNH3,PDP8_rev_high,2035,6449.5
Coal_conv_biomassNH3,PDP8_rev_high,2036,7739.4
Coal_conv_biomassNH3,PDP8_rev_high,2037,9029.3
Coal_conv_biomassNH3,PDP8_rev_high,2038,10319.2
Coal_conv_biomassNH3,PDP8_rev_high,2039,11609.1
Coal_conv_biomassNH3,PDP8_rev_high,2040,12899
Coal_conv_biomassNH3,PDP8_rev_high,2041,14188.900000000001
Coal_conv_biomassNH3,PDP8_rev_high,2042,15478.8
Coal_conv_biomassNH3,PDP8_rev_high,2043,16768.7
Coal_conv_biomassNH3,PDP8_rev_high,2044,18058.6
Coal_conv_biomassNH3,PDP8_rev_high,2045,19348.5
Coal_conv_biomassNH3,PDP8_rev_high,2046,20638.4
Coal_conv_biomassNH3,PDP8_rev_high,2047,21928.3
Coal_conv_biomassNH3,PDP8_rev_high,2048,23218.2
Coal_conv_biomassNH3,PDP8_rev_high,2049,24508.1
Coal_conv_biomassNH3,PDP8_rev_high,2050,25798
Coal_conv_biomassNH3_CFB,PDP8_rev_high,2000,NA
Coal_conv_biomassNH3_CFB,PDP8_rev_high,2001,NA
Coal_conv_biomassNH3_CFB,PDP8_rev_high,2002,NA
Coal_conv_biomassNH3_CFB,PDP8_rev_high,2003,NA
Coal_conv_biomassNH3_CFB,PDP8_rev_high,2004,NA
Coal_conv_biomassNH3_CFB,PDP8_rev_high,2005,NA
Coal_conv_biomassNH3_CFB,PDP8_rev_high,2006,NA
Coal_conv_biomassNH3_CFB,PDP8_rev_high,2007,NA
Coal_conv_biomassNH3_CFB,PDP8_rev_high,2008,NA
Coal_conv_biomassNH3_CFB,PDP8_rev_high,2009,NA
Coal_conv_biomassNH3_CFB,PDP8_rev_high,2010,NA
Coal_conv_biomassNH3_CFB,PDP8_rev_high,2011,NA
Coal_conv_biomassNH3_CFB,PDP8_rev_high,2012,NA
Coal_conv_biomassNH3_CFB,PDP8_rev_high,2013,NA
Coal_conv_biomassNH3_CFB,PDP8_rev_high,2014,NA
Coal_conv_biomassNH3_CFB,PDP8_rev_high,2015,NA
Coal_conv_biomassNH3_CFB,PDP8_rev_high,2016,NA
Coal_conv_biomassNH3_CFB,PDP8_rev_high,2017,NA
Coal_conv_biomassNH3_CFB,PDP8_rev_high,2018,NA
Coal_conv_biomassNH3_CFB,PDP8_rev_high,2019,NA
Coal_conv_biomassNH3_CFB,PDP8_rev_high,2020,NA
Coal_conv_biomassNH3_CFB,PDP8_rev_high,2021,NA
Coal_conv_biomassNH3_CFB,PDP8_rev_high,2022,NA
Coal_conv_biomassNH3_CFB,PDP8_rev_high,2023,NA
Coal_conv_biomassNH3_CFB,PDP8_rev_high,2024,NA
Coal_conv_biomassNH3_CFB,PDP8_rev_high,2025,0
Coal_conv_biomassNH3_CFB,PDP8_rev_high,2026,0
Coal_conv_biomassNH3_CFB,PDP8_rev_high,2027,0
Coal_conv_biomassNH3_CFB,PDP8_rev_high,2028,0
Coal_conv_biomassNH3_CFB,PDP8_rev_high,2029,0
Coal_conv_biomassNH3_CFB,PDP8_rev_high,2030,0
Coal_conv_biomassNH3_CFB,PDP8_rev_high,2031,206.8
Coal_conv_biomassNH3_CFB,PDP8_rev_high,2032,413.6
Coal_conv_biomassNH3_CFB,PDP8_rev_high,2033,620.4
Coal_conv_biomassNH3_CFB,PDP8_rev_high,2034,827.2
Coal_conv_biomassNH3_CFB,PDP8_rev_high,2035,1034
Coal_conv_biomassNH3_CFB,PDP8_rev_high,2036,1240.8
Coal_conv_biomassNH3_CFB,PDP8_rev_high,2037,1447.6
Coal_conv_biomassNH3_CFB,PDP8_rev_high,2038,1654.4
Coal_conv_biomassNH3_CFB,PDP8_rev_high,2039,1861.2
Coal_conv_biomassNH3_CFB,PDP8_rev_high,2040,2068
Coal_conv_biomassNH3_CFB,PDP8_rev_high,2041,2274.8
Coal_conv_biomassNH3_CFB,PDP8_rev_high,2042,2481.6
Coal_conv_biomassNH3_CFB,PDP8_rev_high,2043,2688.4
Coal_conv_biomassNH3_CFB,PDP8_rev_high,2044,2895.2
Coal_conv_biomassNH3_CFB,PDP8_rev_high,2045,3102
Coal_conv_biomassNH3_CFB,PDP8_rev_high,2046,3308.8
Coal_conv_biomassNH3_CFB,PDP8_rev_high,2047,3515.6
Coal_conv_biomassNH3_CFB,PDP8_rev_high,2048,3722.4
Coal_conv_biomassNH3_CFB,PDP8_rev_high,2049,3929.2
Coal_conv_biomassNH3_CFB,PDP8_rev_high,2050,4136
Coal_conv_biomassNH3_PVC,PDP8_rev_high,2000,NA
Coal_conv_biomassNH3_PVC,PDP8_rev_high,2001,NA
Coal_conv_biomassNH3_PVC,PDP8_rev_high,2002,NA
Coal_conv_biomassNH3_PVC,PDP8_rev_high,2003,NA
Coal_conv_biomassNH3_PVC,PDP8_rev_high,2004,NA
Coal_conv_biomassNH3_PVC,PDP8_rev_high,2005,NA
Coal_conv_biomassNH3_PVC,PDP8_rev_high,2006,NA
Coal_conv_biomassNH3_PVC,PDP8_rev_high,2007,NA
Coal_conv_biomassNH3_PVC,PDP8_rev_high,2008,NA
Coal_conv_biomassNH3_PVC,PDP8_rev_high,2009,NA
Coal_conv_biomassNH3_PVC,PDP8_rev_high,2010,NA
Coal_conv_biomassNH3_PVC,PDP8_rev_high,2011,NA
Coal_conv_biomassNH3_PVC,PDP8_rev_high,2012,NA
Coal_conv_biomassNH3_PVC,PDP8_rev_high,2013,NA
Coal_conv_biomassNH3_PVC,PDP8_rev_high,2014,NA
Coal_conv_biomassNH3_PVC,PDP8_rev_high,2015,NA
Coal_conv_biomassNH3_PVC,PDP8_rev_high,2016,NA
Coal_conv_biomassNH3_PVC,PDP8_rev_high,2017,NA
Coal_conv_biomassNH3_PVC,PDP8_rev_high,2018,NA
Coal_conv_biomassNH3_PVC,PDP8_rev_high,2019,NA
Coal_conv_biomassNH3_PVC,PDP8_rev_high,2020,NA
Coal_conv_biomassNH3_PVC,PDP8_rev_high,2021,NA
Coal_conv_biomassNH3_PVC,PDP8_rev_high,2022,NA
Coal_conv_biomassNH3_PVC,PDP8_rev_high,2023,NA
Coal_conv_biomassNH3_PVC,PDP8_rev_high,2024,NA
Coal_conv_biomassNH3_PVC,PDP8_rev_high,2025,0
Coal_conv_biomassNH3_PVC,PDP8_rev_high,2026,0
Coal_conv_biomassNH3_PVC,PDP8_rev_high,2027,0
Coal_conv_biomassNH3_PVC,PDP8_rev_high,2028,0
Coal_conv_biomassNH3_PVC,PDP8_rev_high,2029,0
Coal_conv_biomassNH3_PVC,PDP8_rev_high,2030,0
Coal_conv_biomassNH3_PVC,PDP8_rev_high,2031,1083.1000000000001
Coal_conv_biomassNH3_PVC,PDP8_rev_high,2032,2166.2000000000003
Coal_conv_biomassNH3_PVC,PDP8_rev_high,2033,3249.2999999999997
Coal_conv_biomassNH3_PVC,PDP8_rev_high,2034,4332.4000000000005
Coal_conv_biomassNH3_PVC,PDP8_rev_high,2035,5415.5
Coal_conv_biomassNH3_PVC,PDP8_rev_high,2036,6498.5999999999995
Coal_conv_biomassNH3_PVC,PDP8_rev_high,2037,7581.7
Coal_conv_biomassNH3_PVC,PDP8_rev_high,2038,8664.800000000001
Coal_conv_biomassNH3_PVC,PDP8_rev_high,2039,9747.9
Coal_conv_biomassNH3_PVC,PDP8_rev_high,2040,10831
Coal_conv_biomassNH3_PVC,PDP8_rev_high,2041,11914.1
Coal_conv_biomassNH3_PVC,PDP8_rev_high,2042,12997.199999999999
Coal_conv_biomassNH3_PVC,PDP8_rev_high,2043,14080.300000000001
Coal_conv_biomassNH3_PVC,PDP8_rev_high,2044,15163.4
Coal_conv_biomassNH3_PVC,PDP8_rev_high,2045,16246.5
Coal_conv_biomassNH3_PVC,PDP8_rev_high,2046,17329.600000000002
Coal_conv_biomassNH3_PVC,PDP8_rev_high,2047,18412.7
Coal_conv_biomassNH3_PVC,PDP8_rev_high,2048,19495.8
Coal_conv_biomassNH3_PVC,PDP8_rev_high,2049,20578.899999999998
Coal_conv_biomassNH3_PVC,PDP8_rev_high,2050,21662
Coal_PVC,PDP8_rev_high,2000,550
Coal_PVC,PDP8_rev_high,2001,550
Coal_PVC,PDP8_rev_high,2002,1140
Coal_PVC,PDP8_rev_high,2003,1140
Coal_PVC,PDP8_rev_high,2004,1390
Coal_PVC,PDP8_rev_high,2005,1279
Coal_PVC,PDP8_rev_high,2006,1399
Coal_PVC,PDP8_rev_high,2007,1584
Coal_PVC,PDP8_rev_high,2008,1584
Coal_PVC,PDP8_rev_high,2009,1884
Coal_PVC,PDP8_rev_high,2010,1514
Coal_PVC,PDP8_rev_high,2011,2794
Coal_PVC,PDP8_rev_high,2012,2804
Coal_PVC,PDP8_rev_high,2013,3844
Coal_PVC,PDP8_rev_high,2014,6944
Coal_PVC,PDP8_rev_high,2015,11304
Coal_PVC,PDP8_rev_high,2016,10524
Coal_PVC,PDP8_rev_high,2017,12814
Coal_PVC,PDP8_rev_high,2018,14424
Coal_PVC,PDP8_rev_high,2019,15624
Coal_PVC,PDP8_rev_high,2020,16914
Coal_PVC,PDP8_rev_high,2021,19314
Coal_PVC,PDP8_rev_high,2022,21234
Coal_PVC,PDP8_rev_high,2023,23144
Coal_PVC,PDP8_rev_high,2024,23864
Coal_PVC,PDP8_rev_high,2025,26163
Coal_PVC,PDP8_rev_high,2026,26314.2
Coal_PVC,PDP8_rev_high,2027,26465.4
Coal_PVC,PDP8_rev_high,2028,26616.6
Coal_PVC,PDP8_rev_high,2029,26767.8
Coal_PVC,PDP8_rev_high,2030,26919
Coal_PVC,PDP8_rev_high,2031,25573.05
Coal_PVC,PDP8_rev_high,2032,24227.1
Coal_PVC,PDP8_rev_high,2033,22881.15
Coal_PVC,PDP8_rev_high,2034,21535.2
Coal_PVC,PDP8_rev_high,2035,20189.25
Coal_PVC,PDP8_rev_high,2036,18843.3
Coal_PVC,PDP8_rev_high,2037,17497.35
Coal_PVC,PDP8_rev_high,2038,16151.4
Coal_PVC,PDP8_rev_high,2039,14805.449999999999
Coal_PVC,PDP8_rev_high,2040,13459.5
Coal_PVC,PDP8_rev_high,2041,12113.55
Coal_PVC,PDP8_rev_high,2042,10767.6
Coal_PVC,PDP8_rev_high,2043,9421.649999999998
Coal_PVC,PDP8_rev_high,2044,8075.700000000001
Coal_PVC,PDP8_rev_high,2045,6729.75
Coal_PVC,PDP8_rev_high,2046,5383.799999999999
Coal_PVC,PDP8_rev_high,2047,4037.850000000002
Coal_PVC,PDP8_rev_high,2048,2691.899999999998
Coal_PVC,PDP8_rev_high,2049,1345.9500000000007
Coal_PVC,PDP8_rev_high,2050,0
Export,PDP8_rev_high,2000,NA
Export,PDP8_rev_high,2001,NA
Export,PDP8_rev_high,2002,NA
Export,PDP8_rev_high,2003,NA
Export,PDP8_rev_high,2004,NA
Export,PDP8_rev_high,2005,NA
Export,PDP8_rev_high,2006,NA
Export,PDP8_rev_high,2007,NA
Export,PDP8_rev_high,2008,NA
Export,PDP8_rev_high,2009,NA
Export,PDP8_rev_high,2010,NA
Export,PDP8_rev_high,2011,NA
Export,PDP8_rev_high,2012,NA
Export,PDP8_rev_high,2013,NA
Export,PDP8_rev_high,2014,NA
Export,PDP8_rev_high,2015,NA
Export,PDP8_rev_high,2016,NA
Export,PDP8_rev_high,2017,NA
Export,PDP8_rev_high,2018,NA
Export,PDP8_rev_high,2019,NA
Export,PDP8_rev_high,2020,NA
Export,PDP8_rev_high,2021,NA
Export,PDP8_rev_high,2022,NA
Export,PDP8_rev_high,2023,NA
Export,PDP8_rev_high,2024,NA
Export,PDP8_rev_high,2025,0
Export,PDP8_rev_high,2026,2000
Export,PDP8_rev_high,2027,4000
Export,PDP8_rev_high,2028,6000
Export,PDP8_rev_high,2029,8000
Export,PDP8_rev_high,2030,10000
Export,PDP8_rev_high,2031,10000
Export,PDP8_rev_high,2032,10000
Export,PDP8_rev_high,2033,10000
Export,PDP8_rev_high,2034,10000
Export,PDP8_rev_high,2035,10000
Export,PDP8_rev_high,2036,10000
Export,PDP8_rev_high,2037,10000
Export,PDP8_rev_high,2038,10000
Export,PDP8_rev_high,2039,10000
Export,PDP8_rev_high,2040,10000
Export,PDP8_rev_high,2041,10000
Export,PDP8_rev_high,2042,10000
Export,PDP8_rev_high,2043,10000
Export,PDP8_rev_high,2044,10000
Export,PDP8_rev_high,2045,10000
Export,PDP8_rev_high,2046,10000
Export,PDP8_rev_high,2047,10000
Export,PDP8_rev_high,2048,10000
Export,PDP8_rev_high,2049,10000
Export,PDP8_rev_high,2050,10000
Gas,PDP8_rev_high,2000,1880
Gas,PDP8_rev_high,2001,1880
Gas,PDP8_rev_high,2002,1880
Gas,PDP8_rev_high,2003,2360
Gas,PDP8_rev_high,2004,3570
Gas,PDP8_rev_high,2005,4300
Gas,PDP8_rev_high,2006,4300
Gas,PDP8_rev_high,2007,4770
Gas,PDP8_rev_high,2008,6270
Gas,PDP8_rev_high,2009,7070
Gas,PDP8_rev_high,2010,7070
Gas,PDP8_rev_high,2011,7820
Gas,PDP8_rev_high,2012,7820
Gas,PDP8_rev_high,2013,7820
Gas,PDP8_rev_high,2014,7820
Gas,PDP8_rev_high,2015,8150
Gas,PDP8_rev_high,2016,8150
Gas,PDP8_rev_high,2017,8150
Gas,PDP8_rev_high,2018,8150
Gas,PDP8_rev_high,2019,8150
Gas,PDP8_rev_high,2020,8150
Gas,PDP8_rev_high,2021,8150
Gas,PDP8_rev_high,2022,8150
Gas,PDP8_rev_high,2023,8150
Gas,PDP8_rev_high,2024,8150
Gas,PDP8_rev_high,2025,8921
Gas,PDP8_rev_high,2026,10722.8
Gas,PDP8_rev_high,2027,12524.6
Gas,PDP8_rev_high,2028,14326.4
Gas,PDP8_rev_high,2029,16128.2
Gas,PDP8_rev_high,2030,17930
Gas,PDP8_rev_high,2031,19360.55
Gas,PDP8_rev_high,2032,20791.1
Gas,PDP8_rev_high,2033,22221.65
Gas,PDP8_rev_high,2034,23652.2
Gas,PDP8_rev_high,2035,25082.75
Gas,PDP8_rev_high,2036,26513.3
Gas,PDP8_rev_high,2037,27943.85
Gas,PDP8_rev_high,2038,29374.4
Gas,PDP8_rev_high,2039,30804.95
Gas,PDP8_rev_high,2040,32235.5
Gas,PDP8_rev_high,2041,33666.05
Gas,PDP8_rev_high,2042,35096.6
Gas,PDP8_rev_high,2043,36527.15
Gas,PDP8_rev_high,2044,37957.7
Gas,PDP8_rev_high,2045,39388.25
Gas,PDP8_rev_high,2046,40818.8
Gas,PDP8_rev_high,2047,42249.35
Gas,PDP8_rev_high,2048,43679.9
Gas,PDP8_rev_high,2049,45110.45
Gas,PDP8_rev_high,2050,46541
GAS_H2,PDP8_rev_high,2000,NA
GAS_H2,PDP8_rev_high,2001,NA
GAS_H2,PDP8_rev_high,2002,NA
GAS_H2,PDP8_rev_high,2003,NA
GAS_H2,PDP8_rev_high,2004,NA
GAS_H2,PDP8_rev_high,2005,NA
GAS_H2,PDP8_rev_high,2006,NA
GAS_H2,PDP8_rev_high,2007,NA
GAS_H2,PDP8_rev_high,2008,NA
GAS_H2,PDP8_rev_high,2009,NA
GAS_H2,PDP8_rev_high,2010,NA
GAS_H2,PDP8_rev_high,2011,NA
GAS_H2,PDP8_rev_high,2012,NA
GAS_H2,PDP8_rev_high,2013,NA
GAS_H2,PDP8_rev_high,2014,NA
GAS_H2,PDP8_rev_high,2015,NA
GAS_H2,PDP8_rev_high,2016,NA
GAS_H2,PDP8_rev_high,2017,NA
GAS_H2,PDP8_rev_high,2018,NA
GAS_H2,PDP8_rev_high,2019,NA
GAS_H2,PDP8_rev_high,2020,NA
GAS_H2,PDP8_rev_high,2021,NA
GAS_H2,PDP8_rev_high,2022,NA
GAS_H2,PDP8_rev_high,2023,NA
GAS_H2,PDP8_rev_high,2024,NA
GAS_H2,PDP8_rev_high,2025,0
GAS_H2,PDP8_rev_high,2026,0
GAS_H2,PDP8_rev_high,2027,0
GAS_H2,PDP8_rev_high,2028,0
GAS_H2,PDP8_rev_high,2029,0
GAS_H2,PDP8_rev_high,2030,0
GAS_H2,PDP8_rev_high,2031,351.5
GAS_H2,PDP8_rev_high,2032,703
GAS_H2,PDP8_rev_high,2033,1054.5
GAS_H2,PDP8_rev_high,2034,1406
GAS_H2,PDP8_rev_high,2035,1757.5
GAS_H2,PDP8_rev_high,2036,2109
GAS_H2,PDP8_rev_high,2037,2460.5
GAS_H2,PDP8_rev_high,2038,2812
GAS_H2,PDP8_rev_high,2039,3163.5
GAS_H2,PDP8_rev_high,2040,3515
GAS_H2,PDP8_rev_high,2041,3866.5000000000005
GAS_H2,PDP8_rev_high,2042,4218
GAS_H2,PDP8_rev_high,2043,4569.5
GAS_H2,PDP8_rev_high,2044,4921
GAS_H2,PDP8_rev_high,2045,5272.5
GAS_H2,PDP8_rev_high,2046,5624
GAS_H2,PDP8_rev_high,2047,5975.5
GAS_H2,PDP8_rev_high,2048,6327
GAS_H2,PDP8_rev_high,2049,6678.5
GAS_H2,PDP8_rev_high,2050,7030
Hydro,PDP8_rev_high,2000,3270
Hydro,PDP8_rev_high,2001,3810
Hydro,PDP8_rev_high,2002,4120
Hydro,PDP8_rev_high,2003,4170
Hydro,PDP8_rev_high,2004,4210
Hydro,PDP8_rev_high,2005,4270
Hydro,PDP8_rev_high,2006,4510
Hydro,PDP8_rev_high,2007,4910
Hydro,PDP8_rev_high,2008,5910
Hydro,PDP8_rev_high,2009,7180
Hydro,PDP8_rev_high,2010,8650
Hydro,PDP8_rev_high,2011,10080
Hydro,PDP8_rev_high,2012,13550
Hydro,PDP8_rev_high,2013,14720
Hydro,PDP8_rev_high,2014,15750
Hydro,PDP8_rev_high,2015,16630
Hydro,PDP8_rev_high,2016,17850
Hydro,PDP8_rev_high,2017,17810
Hydro,PDP8_rev_high,2018,17990
Hydro,PDP8_rev_high,2019,20330
Hydro,PDP8_rev_high,2020,20820
Hydro,PDP8_rev_high,2021,21850
Hydro,PDP8_rev_high,2022,22530
Hydro,PDP8_rev_high,2023,22920
Hydro,PDP8_rev_high,2024,23710
Hydro,PDP8_rev_high,2025,24600
Hydro,PDP8_rev_high,2026,26613.4
Hydro,PDP8_rev_high,2027,28626.8
Hydro,PDP8_rev_high,2028,30640.2
Hydro,PDP8_rev_high,2029,32653.6
Hydro,PDP8_rev_high,2030,34667
Hydro,PDP8_rev_high,2031,34964.85
Hydro,PDP8_rev_high,2032,35262.7
Hydro,PDP8_rev_high,2033,35560.55
Hydro,PDP8_rev_high,2034,35858.4
Hydro,PDP8_rev_high,2035,36156.25
Hydro,PDP8_rev_high,2036,36454.1
Hydro,PDP8_rev_high,2037,36751.95
Hydro,PDP8_rev_high,2038,37049.8
Hydro,PDP8_rev_high,2039,37347.65
Hydro,PDP8_rev_high,2040,37645.5
Hydro,PDP8_rev_high,2041,37943.35
Hydro,PDP8_rev_high,2042,38241.2
Hydro,PDP8_rev_high,2043,38539.05
Hydro,PDP8_rev_high,2044,38836.9
Hydro,PDP8_rev_high,2045,39134.75
Hydro,PDP8_rev_high,2046,39432.6
Hydro,PDP8_rev_high,2047,39730.45
Hydro,PDP8_rev_high,2048,40028.3
Hydro,PDP8_rev_high,2049,40326.15
Hydro,PDP8_rev_high,2050,40624
Import,PDP8_rev_high,2000,NA
Import,PDP8_rev_high,2001,NA
Import,PDP8_rev_high,2002,NA
Import,PDP8_rev_high,2003,NA
Import,PDP8_rev_high,2004,NA
Import,PDP8_rev_high,2005,NA
Import,PDP8_rev_high,2006,NA
Import,PDP8_rev_high,2007,NA
Import,PDP8_rev_high,2008,NA
Import,PDP8_rev_high,2009,NA
Import,PDP8_rev_high,2010,NA
Import,PDP8_rev_high,2011,NA
Import,PDP8_rev_high,2012,NA
Import,PDP8_rev_high,2013,NA
Import,PDP8_rev_high,2014,NA
Import,PDP8_rev_high,2015,NA
Import,PDP8_rev_high,2016,NA
Import,PDP8_rev_high,2017,NA
Import,PDP8_rev_high,2018,NA
Import,PDP8_rev_high,2019,NA
Import,PDP8_rev_high,2020,NA
Import,PDP8_rev_high,2021,NA
Import,PDP8_rev_high,2022,NA
Import,PDP8_rev_high,2023,NA
Import,PDP8_rev_high,2024,NA
Import,PDP8_rev_high,2025,1222
Import,PDP8_rev_high,2026,3397.6
Import,PDP8_rev_high,2027,5573.2
Import,PDP8_rev_high,2028,7748.8
Import,PDP8_rev_high,2029,9924.4
Import,PDP8_rev_high,2030,12100
Import,PDP8_rev_high,2031,12229.4
Import,PDP8_rev_high,2032,12358.8
Import,PDP8_rev_high,2033,12488.2
Import,PDP8_rev_high,2034,12617.6
Import,PDP8_rev_high,2035,12747
Import,PDP8_rev_high,2036,12876.4
Import,PDP8_rev_high,2037,13005.8
Import,PDP8_rev_high,2038,13135.2
Import,PDP8_rev_high,2039,13264.6
Import,PDP8_rev_high,2040,13394
Import,PDP8_rev_high,2041,13523.4
Import,PDP8_rev_high,2042,13652.8
Import,PDP8_rev_high,2043,13782.2
Import,PDP8_rev_high,2044,13911.6
Import,PDP8_rev_high,2045,14041
Import,PDP8_rev_high,2046,14170.4
Import,PDP8_rev_high,2047,14299.8
Import,PDP8_rev_high,2048,14429.2
Import,PDP8_rev_high,2049,14558.6
Import,PDP8_rev_high,2050,14688
LNG,PDP8_rev_high,2000,NA
LNG,PDP8_rev_high,2001,NA
LNG,PDP8_rev_high,2002,NA
LNG,PDP8_rev_high,2003,NA
LNG,PDP8_rev_high,2004,NA
LNG,PDP8_rev_high,2005,NA
LNG,PDP8_rev_high,2006,NA
LNG,PDP8_rev_high,2007,NA
LNG,PDP8_rev_high,2008,NA
LNG,PDP8_rev_high,2009,NA
LNG,PDP8_rev_high,2010,NA
LNG,PDP8_rev_high,2011,NA
LNG,PDP8_rev_high,2012,NA
LNG,PDP8_rev_high,2013,NA
LNG,PDP8_rev_high,2014,NA
LNG,PDP8_rev_high,2015,NA
LNG,PDP8_rev_high,2016,NA
LNG,PDP8_rev_high,2017,NA
LNG,PDP8_rev_high,2018,NA
LNG,PDP8_rev_high,2019,NA
LNG,PDP8_rev_high,2020,NA
LNG,PDP8_rev_high,2021,NA
LNG,PDP8_rev_high,2022,NA
LNG,PDP8_rev_high,2023,NA
LNG,PDP8_rev_high,2024,NA
LNG,PDP8_rev_high,2025,0
LNG,PDP8_rev_high,2026,4504.8
LNG,PDP8_rev_high,2027,9009.6
LNG,PDP8_rev_high,2028,13514.4
LNG,PDP8_rev_high,2029,18019.2
LNG,PDP8_rev_high,2030,22524
LNG,PDP8_rev_high,2031,21397.8
LNG,PDP8_rev_high,2032,20271.6
LNG,PDP8_rev_high,2033,19145.4
LNG,PDP8_rev_high,2034,18019.2
LNG,PDP8_rev_high,2035,16893
LNG,PDP8_rev_high,2036,15766.8
LNG,PDP8_rev_high,2037,14640.6
LNG,PDP8_rev_high,2038,13514.4
LNG,PDP8_rev_high,2039,12388.199999999999
LNG,PDP8_rev_high,2040,11262
LNG,PDP8_rev_high,2041,10135.8
LNG,PDP8_rev_high,2042,9009.6
LNG,PDP8_rev_high,2043,7883.4
LNG,PDP8_rev_high,2044,6757.200000000001
LNG,PDP8_rev_high,2045,5631
LNG,PDP8_rev_high,2046,4504.799999999999
LNG,PDP8_rev_high,2047,3378.600000000002
LNG,PDP8_rev_high,2048,2252.399999999998
LNG,PDP8_rev_high,2049,1126.2000000000007
LNG,PDP8_rev_high,2050,0
LNG_CCS,PDP8_rev_high,2000,NA
LNG_CCS,PDP8_rev_high,2001,NA
LNG_CCS,PDP8_rev_high,2002,NA
LNG_CCS,PDP8_rev_high,2003,NA
LNG_CCS,PDP8_rev_high,2004,NA
LNG_CCS,PDP8_rev_high,2005,NA
LNG_CCS,PDP8_rev_high,2006,NA
LNG_CCS,PDP8_rev_high,2007,NA
LNG_CCS,PDP8_rev_high,2008,NA
LNG_CCS,PDP8_rev_high,2009,NA
LNG_CCS,PDP8_rev_high,2010,NA
LNG_CCS,PDP8_rev_high,2011,NA
LNG_CCS,PDP8_rev_high,2012,NA
LNG_CCS,PDP8_rev_high,2013,NA
LNG_CCS,PDP8_rev_high,2014,NA
LNG_CCS,PDP8_rev_high,2015,NA
LNG_CCS,PDP8_rev_high,2016,NA
LNG_CCS,PDP8_rev_high,2017,NA
LNG_CCS,PDP8_rev_high,2018,NA
LNG_CCS,PDP8_rev_high,2019,NA
LNG_CCS,PDP8_rev_high,2020,NA
LNG_CCS,PDP8_rev_high,2021,NA
LNG_CCS,PDP8_rev_high,2022,NA
LNG_CCS,PDP8_rev_high,2023,NA
LNG_CCS,PDP8_rev_high,2024,NA
LNG_CCS,PDP8_rev_high,2025,0
LNG_CCS,PDP8_rev_high,2026,0
LNG_CCS,PDP8_rev_high,2027,0
LNG_CCS,PDP8_rev_high,2028,0
LNG_CCS,PDP8_rev_high,2029,0
LNG_CCS,PDP8_rev_high,2030,0
LNG_CCS,PDP8_rev_high,2031,113.45
LNG_CCS,PDP8_rev_high,2032,226.9
LNG_CCS,PDP8_rev_high,2033,340.34999999999997
LNG_CCS,PDP8_rev_high,2034,453.8
LNG_CCS,PDP8_rev_high,2035,567.25
LNG_CCS,PDP8_rev_high,2036,680.6999999999999
LNG_CCS,PDP8_rev_high,2037,794.15
LNG_CCS,PDP8_rev_high,2038,907.6
LNG_CCS,PDP8_rev_high,2039,1021.0500000000001
LNG_CCS,PDP8_rev_high,2040,1134.5
LNG_CCS,PDP8_rev_high,2041,1247.95
LNG_CCS,PDP8_rev_high,2042,1361.3999999999999
LNG_CCS,PDP8_rev_high,2043,1474.8500000000001
LNG_CCS,PDP8_rev_high,2044,1588.3
LNG_CCS,PDP8_rev_high,2045,1701.75
LNG_CCS,PDP8_rev_high,2046,1815.2
LNG_CCS,PDP8_rev_high,2047,1928.6499999999999
LNG_CCS,PDP8_rev_high,2048,2042.1000000000001
LNG_CCS,PDP8_rev_high,2049,2155.5499999999997
LNG_CCS,PDP8_rev_high,2050,2269
LNG_GH2,PDP8_rev_high,2000,NA
LNG_GH2,PDP8_rev_high,2001,NA
LNG_GH2,PDP8_rev_high,2002,NA
LNG_GH2,PDP8_rev_high,2003,NA
LNG_GH2,PDP8_rev_high,2004,NA
LNG_GH2,PDP8_rev_high,2005,NA
LNG_GH2,PDP8_rev_high,2006,NA
LNG_GH2,PDP8_rev_high,2007,NA
LNG_GH2,PDP8_rev_high,2008,NA
LNG_GH2,PDP8_rev_high,2009,NA
LNG_GH2,PDP8_rev_high,2010,NA
LNG_GH2,PDP8_rev_high,2011,NA
LNG_GH2,PDP8_rev_high,2012,NA
LNG_GH2,PDP8_rev_high,2013,NA
LNG_GH2,PDP8_rev_high,2014,NA
LNG_GH2,PDP8_rev_high,2015,NA
LNG_GH2,PDP8_rev_high,2016,NA
LNG_GH2,PDP8_rev_high,2017,NA
LNG_GH2,PDP8_rev_high,2018,NA
LNG_GH2,PDP8_rev_high,2019,NA
LNG_GH2,PDP8_rev_high,2020,NA
LNG_GH2,PDP8_rev_high,2021,NA
LNG_GH2,PDP8_rev_high,2022,NA
LNG_GH2,PDP8_rev_high,2023,NA
LNG_GH2,PDP8_rev_high,2024,NA
LNG_GH2,PDP8_rev_high,2025,0
LNG_GH2,PDP8_rev_high,2026,0
LNG_GH2,PDP8_rev_high,2027,0
LNG_GH2,PDP8_rev_high,2028,0
LNG_GH2,PDP8_rev_high,2029,0
LNG_GH2,PDP8_rev_high,2030,0
LNG_GH2,PDP8_rev_high,2031,1306.15
LNG_GH2,PDP8_rev_high,2032,2612.3
LNG_GH2,PDP8_rev_high,2033,3918.45
LNG_GH2,PDP8_rev_high,2034,5224.6
LNG_GH2,PDP8_rev_high,2035,6530.75
LNG_GH2,PDP8_rev_high,2036,7836.9
LNG_GH2,PDP8_rev_high,2037,9143.05
LNG_GH2,PDP8_rev_high,2038,10449.2
LNG_GH2,PDP8_rev_high,2039,11755.35
LNG_GH2,PDP8_rev_high,2040,13061.5
LNG_GH2,PDP8_rev_high,2041,14367.650000000001
LNG_GH2,PDP8_rev_high,2042,15673.8
LNG_GH2,PDP8_rev_high,2043,16979.95
LNG_GH2,PDP8_rev_high,2044,18286.1
LNG_GH2,PDP8_rev_high,2045,19592.25
LNG_GH2,PDP8_rev_high,2046,20898.4
LNG_GH2,PDP8_rev_high,2047,22204.55
LNG_GH2,PDP8_rev_high,2048,23510.7
LNG_GH2,PDP8_rev_high,2049,24816.85
LNG_GH2,PDP8_rev_high,2050,26123
LNG_H2,PDP8_rev_high,2000,NA
LNG_H2,PDP8_rev_high,2001,NA
LNG_H2,PDP8_rev_high,2002,NA
LNG_H2,PDP8_rev_high,2003,NA
LNG_H2,PDP8_rev_high,2004,NA
LNG_H2,PDP8_rev_high,2005,NA
LNG_H2,PDP8_rev_high,2006,NA
LNG_H2,PDP8_rev_high,2007,NA
LNG_H2,PDP8_rev_high,2008,NA
LNG_H2,PDP8_rev_high,2009,NA
LNG_H2,PDP8_rev_high,2010,NA
LNG_H2,PDP8_rev_high,2011,NA
LNG_H2,PDP8_rev_high,2012,NA
LNG_H2,PDP8_rev_high,2013,NA
LNG_H2,PDP8_rev_high,2014,NA
LNG_H2,PDP8_rev_high,2015,NA
LNG_H2,PDP8_rev_high,2016,NA
LNG_H2,PDP8_rev_high,2017,NA
LNG_H2,PDP8_rev_high,2018,NA
LNG_H2,PDP8_rev_high,2019,NA
LNG_H2,PDP8_rev_high,2020,NA
LNG_H2,PDP8_rev_high,2021,NA
LNG_H2,PDP8_rev_high,2022,NA
LNG_H2,PDP8_rev_high,2023,NA
LNG_H2,PDP8_rev_high,2024,NA
LNG_H2,PDP8_rev_high,2025,0
LNG_H2,PDP8_rev_high,2026,0
LNG_H2,PDP8_rev_high,2027,0
LNG_H2,PDP8_rev_high,2028,0
LNG_H2,PDP8_rev_high,2029,0
LNG_H2,PDP8_rev_high,2030,0
LNG_H2,PDP8_rev_high,2031,566.25
LNG_H2,PDP8_rev_high,2032,1132.5
LNG_H2,PDP8_rev_high,2033,1698.75
LNG_H2,PDP8_rev_high,2034,2265
LNG_H2,PDP8_rev_high,2035,2831.25
LNG_H2,PDP8_rev_high,2036,3397.5
LNG_H2,PDP8_rev_high,2037,3963.7499999999995
LNG_H2,PDP8_rev_high,2038,4530
LNG_H2,PDP8_rev_high,2039,5096.25
LNG_H2,PDP8_rev_high,2040,5662.5
LNG_H2,PDP8_rev_high,2041,6228.750000000001
LNG_H2,PDP8_rev_high,2042,6795
LNG_H2,PDP8_rev_high,2043,7361.25
LNG_H2,PDP8_rev_high,2044,7927.499999999999
LNG_H2,PDP8_rev_high,2045,8493.75
LNG_H2,PDP8_rev_high,2046,9060
LNG_H2,PDP8_rev_high,2047,9626.25
LNG_H2,PDP8_rev_high,2048,10192.5
LNG_H2,PDP8_rev_high,2049,10758.75
LNG_H2,PDP8_rev_high,2050,11325
Nuclear,PDP8_rev_high,2000,NA
Nuclear,PDP8_rev_high,2001,NA
Nuclear,PDP8_rev_high,2002,NA
Nuclear,PDP8_rev_high,2003,NA
Nuclear,PDP8_rev_high,2004,NA
Nuclear,PDP8_rev_high,2005,NA
Nuclear,PDP8_rev_high,2006,NA
Nuclear,PDP8_rev_high,2007,NA
Nuclear,PDP8_rev_high,2008,NA
Nuclear,PDP8_rev_high,2009,NA
Nuclear,PDP8_rev_high,2010,NA
Nuclear,PDP8_rev_high,2011,NA
Nuclear,PDP8_rev_high,2012,NA
Nuclear,PDP8_rev_high,2013,NA
Nuclear,PDP8_rev_high,2014,NA
Nuclear,PDP8_rev_high,2015,NA
Nuclear,PDP8_rev_high,2016,NA
Nuclear,PDP8_rev_high,2017,NA
Nuclear,PDP8_rev_high,2018,NA
Nuclear,PDP8_rev_high,2019,NA
Nuclear,PDP8_rev_high,2020,NA
Nuclear,PDP8_rev_high,2021,NA
Nuclear,PDP8_rev_high,2022,NA
Nuclear,PDP8_rev_high,2023,NA
Nuclear,PDP8_rev_high,2024,NA
Nuclear,PDP8_rev_high,2025,0
Nuclear,PDP8_rev_high,2026,1280
Nuclear,PDP8_rev_high,2027,2560
Nuclear,PDP8_rev_high,2028,3840
Nuclear,PDP8_rev_high,2029,5120
Nuclear,PDP8_rev_high,2030,6400
Nuclear,PDP8_rev_high,2031,6800
Nuclear,PDP8_rev_high,2032,7200
Nuclear,PDP8_rev_high,2033,7600
Nuclear,PDP8_rev_high,2034,8000
Nuclear,PDP8_rev_high,2035,8400
Nuclear,PDP8_rev_high,2036,8800
Nuclear,PDP8_rev_high,2037,9200
Nuclear,PDP8_rev_high,2038,9600
Nuclear,PDP8_rev_high,2039,10000
Nuclear,PDP8_rev_high,2040,10400
Nuclear,PDP8_rev_high,2041,10800
Nuclear,PDP8_rev_high,2042,11200
Nuclear,PDP8_rev_high,2043,11600
Nuclear,PDP8_rev_high,2044,12000
Nuclear,PDP8_rev_high,2045,12400
Nuclear,PDP8_rev_high,2046,12800
Nuclear,PDP8_rev_high,2047,13200
Nuclear,PDP8_rev_high,2048,13600
Nuclear,PDP8_rev_high,2049,14000
Nuclear,PDP8_rev_high,2050,14400
Pumped_Hydro,PDP8_rev_high,2000,NA
Pumped_Hydro,PDP8_rev_high,2001,NA
Pumped_Hydro,PDP8_rev_high,2002,NA
Pumped_Hydro,PDP8_rev_high,2003,NA
Pumped_Hydro,PDP8_rev_high,2004,NA
Pumped_Hydro,PDP8_rev_high,2005,NA
Pumped_Hydro,PDP8_rev_high,2006,NA
Pumped_Hydro,PDP8_rev_high,2007,NA
Pumped_Hydro,PDP8_rev_high,2008,NA
Pumped_Hydro,PDP8_rev_high,2009,NA
Pumped_Hydro,PDP8_rev_high,2010,NA
Pumped_Hydro,PDP8_rev_high,2011,NA
Pumped_Hydro,PDP8_rev_high,2012,NA
Pumped_Hydro,PDP8_rev_high,2013,NA
Pumped_Hydro,PDP8_rev_high,2014,NA
Pumped_Hydro,PDP8_rev_high,2015,NA
Pumped_Hydro,PDP8_rev_high,2016,NA
Pumped_Hydro,PDP8_rev_high,2017,NA
Pumped_Hydro,PDP8_rev_high,2018,NA
Pumped_Hydro,PDP8_rev_high,2019,NA
Pumped_Hydro,PDP8_rev_high,2020,NA
Pumped_Hydro,PDP8_rev_high,2021,NA
Pumped_Hydro,PDP8_rev_high,2022,NA
Pumped_Hydro,PDP8_rev_high,2023,NA
Pumped_Hydro,PDP8_rev_high,2024,NA
Pumped_Hydro,PDP8_rev_high,2025,0
Pumped_Hydro,PDP8_rev_high,2026,1200
Pumped_Hydro,PDP8_rev_high,2027,2400
Pumped_Hydro,PDP8_rev_high,2028,3600
Pumped_Hydro,PDP8_rev_high,2029,4800
Pumped_Hydro,PDP8_rev_high,2030,6000
Pumped_Hydro,PDP8_rev_high,2031,6766.35
Pumped_Hydro,PDP8_rev_high,2032,7532.7
Pumped_Hydro,PDP8_rev_high,2033,8299.05
Pumped_Hydro,PDP8_rev_high,2034,9065.4
Pumped_Hydro,PDP8_rev_high,2035,9831.75
Pumped_Hydro,PDP8_rev_high,2036,10598.099999999999
Pumped_Hydro,PDP8_rev_high,2037,11364.45
Pumped_Hydro,PDP8_rev_high,2038,12130.8
Pumped_Hydro,PDP8_rev_high,2039,12897.150000000001
Pumped_Hydro,PDP8_rev_high,2040,13663.5
Pumped_Hydro,PDP8_rev_high,2041,14429.85
Pumped_Hydro,PDP8_rev_high,2042,15196.199999999999
Pumped_Hydro,PDP8_rev_high,2043,15962.550000000001
Pumped_Hydro,PDP8_rev_high,2044,16728.9
Pumped_Hydro,PDP8_rev_high,2045,17495.25
Pumped_Hydro,PDP8_rev_high,2046,18261.6
Pumped_Hydro,PDP8_rev_high,2047,19027.949999999997
Pumped_Hydro,PDP8_rev_high,2048,19794.300000000003
Pumped_Hydro,PDP8_rev_high,2049,20560.65
Pumped_Hydro,PDP8_rev_high,2050,21327
Pumped_storagehydro_BESS,PDP8_rev_high,2000,NA
Pumped_storagehydro_BESS,PDP8_rev_high,2001,NA
Pumped_storagehydro_BESS,PDP8_rev_high,2002,NA
Pumped_storagehydro_BESS,PDP8_rev_high,2003,NA
Pumped_storagehydro_BESS,PDP8_rev_high,2004,NA
Pumped_storagehydro_BESS,PDP8_rev_high,2005,NA
Pumped_storagehydro_BESS,PDP8_rev_high,2006,NA
Pumped_storagehydro_BESS,PDP8_rev_high,2007,NA
Pumped_storagehydro_BESS,PDP8_rev_high,2008,NA
Pumped_storagehydro_BESS,PDP8_rev_high,2009,NA
Pumped_storagehydro_BESS,PDP8_rev_high,2010,NA
Pumped_storagehydro_BESS,PDP8_rev_high,2011,NA
Pumped_storagehydro_BESS,PDP8_rev_high,2012,NA
Pumped_storagehydro_BESS,PDP8_rev_high,2013,NA
Pumped_storagehydro_BESS,PDP8_rev_high,2014,NA
Pumped_storagehydro_BESS,PDP8_rev_high,2015,NA
Pumped_storagehydro_BESS,PDP8_rev_high,2016,NA
Pumped_storagehydro_BESS,PDP8_rev_high,2017,NA
Pumped_storagehydro_BESS,PDP8_rev_high,2018,NA
Pumped_storagehydro_BESS,PDP8_rev_high,2019,NA
Pumped_storagehydro_BESS,PDP8_rev_high,2020,NA
Pumped_storagehydro_BESS,PDP8_rev_high,2021,NA
Pumped_storagehydro_BESS,PDP8_rev_high,2022,NA
Pumped_storagehydro_BESS,PDP8_rev_high,2023,NA
Pumped_storagehydro_BESS,PDP8_rev_high,2024,NA
Pumped_storagehydro_BESS,PDP8_rev_high,2025,0
Pumped_storagehydro_BESS,PDP8_rev_high,2026,4460
Pumped_storagehydro_BESS,PDP8_rev_high,2027,8920
Pumped_storagehydro_BESS,PDP8_rev_high,2028,13380
Pumped_storagehydro_BESS,PDP8_rev_high,2029,17840
Pumped_storagehydro_BESS,PDP8_rev_high,2030,22300
Pumped_storagehydro_BESS,PDP8_rev_high,2031,27057.35
Pumped_storagehydro_BESS,PDP8_rev_high,2032,31814.7
Pumped_storagehydro_BESS,PDP8_rev_high,2033,36572.05
Pumped_storagehydro_BESS,PDP8_rev_high,2034,41329.4
Pumped_storagehydro_BESS,PDP8_rev_high,2035,46086.75
Pumped_storagehydro_BESS,PDP8_rev_high,2036,50844.1
Pumped_storagehydro_BESS,PDP8_rev_high,2037,55601.45
Pumped_storagehydro_BESS,PDP8_rev_high,2038,60358.8
Pumped_storagehydro_BESS,PDP8_rev_high,2039,65116.15
Pumped_storagehydro_BESS,PDP8_rev_high,2040,69873.5
Pumped_storagehydro_BESS,PDP8_rev_high,2041,74630.85
Pumped_storagehydro_BESS,PDP8_rev_high,2042,79388.2
Pumped_storagehydro_BESS,PDP8_rev_high,2043,84145.55
Pumped_storagehydro_BESS,PDP8_rev_high,2044,88902.9
Pumped_storagehydro_BESS,PDP8_rev_high,2045,93660.25
Pumped_storagehydro_BESS,PDP8_rev_high,2046,98417.6
Pumped_storagehydro_BESS,PDP8_rev_high,2047,103174.95
Pumped_storagehydro_BESS,PDP8_rev_high,2048,107932.3
Pumped_storagehydro_BESS,PDP8_rev_high,2049,112689.65
Pumped_storagehydro_BESS,PDP8_rev_high,2050,117447
PV,PDP8_rev_high,2000,0
PV,PDP8_rev_high,2001,0
PV,PDP8_rev_high,2002,0
PV,PDP8_rev_high,2003,0
PV,PDP8_rev_high,2004,0
PV,PDP8_rev_high,2005,0
PV,PDP8_rev_high,2006,0
PV,PDP8_rev_high,2007,0
PV,PDP8_rev_high,2008,0
PV,PDP8_rev_high,2009,0
PV,PDP8_rev_high,2010,0
PV,PDP8_rev_high,2011,0
PV,PDP8_rev_high,2012,0
PV,PDP8_rev_high,2013,0
PV,PDP8_rev_high,2014,10
PV,PDP8_rev_high,2015,10
PV,PDP8_rev_high,2016,10
PV,PDP8_rev_high,2017,10
PV,PDP8_rev_high,2018,100
PV,PDP8_rev_high,2019,4990
PV,PDP8_rev_high,2020,16660
PV,PDP8_rev_high,2021,16660
PV,PDP8_rev_high,2022,16700
PV,PDP8_rev_high,2023,18590
PV,PDP8_rev_high,2024,18670
PV,PDP8_rev_high,2025,16919
PV,PDP8_rev_high,2026,28218.4
PV,PDP8_rev_high,2027,39517.8
PV,PDP8_rev_high,2028,50817.2
PV,PDP8_rev_high,2029,62116.600000000006
PV,PDP8_rev_high,2030,73416
PV,PDP8_rev_high,2031,84527.5
PV,PDP8_rev_high,2032,95639
PV,PDP8_rev_high,2033,106750.5
PV,PDP8_rev_high,2034,117862
PV,PDP8_rev_high,2035,128973.5
PV,PDP8_rev_high,2036,140085
PV,PDP8_rev_high,2037,151196.5
PV,PDP8_rev_high,2038,162308
PV,PDP8_rev_high,2039,173419.5
PV,PDP8_rev_high,2040,184531
PV,PDP8_rev_high,2041,195642.5
PV,PDP8_rev_high,2042,206754
PV,PDP8_rev_high,2043,217865.5
PV,PDP8_rev_high,2044,228977
PV,PDP8_rev_high,2045,240088.5
PV,PDP8_rev_high,2046,251200
PV,PDP8_rev_high,2047,262311.5
PV,PDP8_rev_high,2048,273423
PV,PDP8_rev_high,2049,284534.5
PV,PDP8_rev_high,2050,295646
TOTAL,PDP8_rev_high,2000,NA
TOTAL,PDP8_rev_high,2001,NA
TOTAL,PDP8_rev_high,2002,NA
TOTAL,PDP8_rev_high,2003,NA
TOTAL,PDP8_rev_high,2004,NA
TOTAL,PDP8_rev_high,2005,NA
TOTAL,PDP8_rev_high,2006,NA
TOTAL,PDP8_rev_high,2007,NA
TOTAL,PDP8_rev_high,2008,NA
TOTAL,PDP8_rev_high,2009,NA
TOTAL,PDP8_rev_high,2010,NA
TOTAL,PDP8_rev_high,2011,NA
TOTAL,PDP8_rev_high,2012,NA
TOTAL,PDP8_rev_high,2013,NA
TOTAL,PDP8_rev_high,2014,NA
TOTAL,PDP8_rev_high,2015,NA
TOTAL,PDP8_rev_high,2016,NA
TOTAL,PDP8_rev_high,2017,NA
TOTAL,PDP8_rev_high,2018,NA
TOTAL,PDP8_rev_high,2019,NA
TOTAL,PDP8_rev_high,2020,NA
TOTAL,PDP8_rev_high,2021,NA
TOTAL,PDP8_rev_high,2022,NA
TOTAL,PDP8_rev_high,2023,NA
TOTAL,PDP8_rev_high,2024,NA
TOTAL,PDP8_rev_high,2025,89402
TOTAL,PDP8_rev_high,2026,118794.2
TOTAL,PDP8_rev_high,2027,148186.4
TOTAL,PDP8_rev_high,2028,177578.59999999998
TOTAL,PDP8_rev_high,2029,206970.8
TOTAL,PDP8_rev_high,2030,236363
TOTAL,PDP8_rev_high,2031,266478.9
TOTAL,PDP8_rev_high,2032,296594.8
TOTAL,PDP8_rev_high,2033,326710.7
TOTAL,PDP8_rev_high,2034,356826.6
TOTAL,PDP8_rev_high,2035,386942.5
TOTAL,PDP8_rev_high,2036,417058.4
TOTAL,PDP8_rev_high,2037,447174.3
TOTAL,PDP8_rev_high,2038,477290.2
TOTAL,PDP8_rev_high,2039,507406.10000000003
TOTAL,PDP8_rev_high,2040,537522
TOTAL,PDP8_rev_high,2041,567637.9
TOTAL,PDP8_rev_high,2042,597753.8
TOTAL,PDP8_rev_high,2043,627869.7
TOTAL,PDP8_rev_high,2044,657985.6
TOTAL,PDP8_rev_high,2045,688101.5
TOTAL,PDP8_rev_high,2046,718217.4
TOTAL,PDP8_rev_high,2047,748333.3
TOTAL,PDP8_rev_high,2048,778449.2000000001
TOTAL,PDP8_rev_high,2049,808565.1
TOTAL,PDP8_rev_high,2050,838681
Total capacity,PDP8_rev_high,2000,5830
Total capacity,PDP8_rev_high,2001,6370
Total capacity,PDP8_rev_high,2002,7270
Total capacity,PDP8_rev_high,2003,7800
Total capacity,PDP8_rev_high,2004,9300
Total capacity,PDP8_rev_high,2005,10090
Total capacity,PDP8_rev_high,2006,10450
Total capacity,PDP8_rev_high,2007,11620
Total capacity,PDP8_rev_high,2008,14120
Total capacity,PDP8_rev_high,2009,16720
Total capacity,PDP8_rev_high,2010,18510
Total capacity,PDP8_rev_high,2011,21970
Total capacity,PDP8_rev_high,2012,25890
Total capacity,PDP8_rev_high,2013,28120
Total capacity,PDP8_rev_high,2014,32330
Total capacity,PDP8_rev_high,2015,38130
Total capacity,PDP8_rev_high,2016,39710
Total capacity,PDP8_rev_high,2017,42010
Total capacity,PDP8_rev_high,2018,44660
Total capacity,PDP8_rev_high,2019,53220
Total capacity,PDP8_rev_high,2020,66830
Total capacity,PDP8_rev_high,2021,73840
Total capacity,PDP8_rev_high,2022,77440
Total capacity,PDP8_rev_high,2023,82450
Total capacity,PDP8_rev_high,2024,84370
Total capacity,PDP8_rev_high,2025,NA
Total capacity,PDP8_rev_high,2026,NA
Total capacity,PDP8_rev_high,2027,NA
Total capacity,PDP8_rev_high,2028,NA
Total capacity,PDP8_rev_high,2029,NA
Total capacity,PDP8_rev_high,2030,NA
Total capacity,PDP8_rev_high,2031,NA
Total capacity,PDP8_rev_high,2032,NA
Total capacity,PDP8_rev_high,2033,NA
Total capacity,PDP8_rev_high,2034,NA
Total capacity,PDP8_rev_high,2035,NA
Total capacity,PDP8_rev_high,2036,NA
Total capacity,PDP8_rev_high,2037,NA
Total capacity,PDP8_rev_high,2038,NA
Total capacity,PDP8_rev_high,2039,NA
Total capacity,PDP8_rev_high,2040,NA
Total capacity,PDP8_rev_high,2041,NA
Total capacity,PDP8_rev_high,2042,NA
Total capacity,PDP8_rev_high,2043,NA
Total capacity,PDP8_rev_high,2044,NA
Total capacity,PDP8_rev_high,2045,NA
Total capacity,PDP8_rev_high,2046,NA
Total capacity,PDP8_rev_high,2047,NA
Total capacity,PDP8_rev_high,2048,NA
Total capacity,PDP8_rev_high,2049,NA
Total capacity,PDP8_rev_high,2050,NA
Wind,PDP8_rev_high,2000,0
Wind,PDP8_rev_high,2001,0
Wind,PDP8_rev_high,2002,0
Wind,PDP8_rev_high,2003,0
Wind,PDP8_rev_high,2004,0
Wind,PDP8_rev_high,2005,0
Wind,PDP8_rev_high,2006,0
Wind,PDP8_rev_high,2007,0
Wind,PDP8_rev_high,2008,0
Wind,PDP8_rev_high,2009,10
Wind,PDP8_rev_high,2010,30
Wind,PDP8_rev_high,2011,30
Wind,PDP8_rev_high,2012,30
Wind,PDP8_rev_high,2013,50
Wind,PDP8_rev_high,2014,50
Wind,PDP8_rev_high,2015,140
Wind,PDP8_rev_high,2016,160
Wind,PDP8_rev_high,2017,200
Wind,PDP8_rev_high,2018,240
Wind,PDP8_rev_high,2019,370
Wind,PDP8_rev_high,2020,520
Wind,PDP8_rev_high,2021,4120
Wind,PDP8_rev_high,2022,5070
Wind,PDP8_rev_high,2023,5890
Wind,PDP8_rev_high,2024,6180
Wind,PDP8_rev_high,2025,6774
Wind,PDP8_rev_high,2026,13061
Wind,PDP8_rev_high,2027,19348
Wind,PDP8_rev_high,2028,25635
Wind,PDP8_rev_high,2029,31922
Wind,PDP8_rev_high,2030,38209
Wind,PDP8_rev_high,2031,40868.55
Wind,PDP8_rev_high,2032,43528.1
Wind,PDP8_rev_high,2033,46187.65
Wind,PDP8_rev_high,2034,48847.2
Wind,PDP8_rev_high,2035,51506.75
Wind,PDP8_rev_high,2036,54166.3
Wind,PDP8_rev_high,2037,56825.85
Wind,PDP8_rev_high,2038,59485.4
Wind,PDP8_rev_high,2039,62144.95
Wind,PDP8_rev_high,2040,64804.5
Wind,PDP8_rev_high,2041,67464.05
Wind,PDP8_rev_high,2042,70123.6
Wind,PDP8_rev_high,2043,72783.15
Wind,PDP8_rev_high,2044,75442.7
Wind,PDP8_rev_high,2045,78102.25
Wind,PDP8_rev_high,2046,80761.8
Wind,PDP8_rev_high,2047,83421.35
Wind,PDP8_rev_high,2048,86080.9
Wind,PDP8_rev_high,2049,88740.45
Wind,PDP8_rev_high,2050,91400
Wind_offshore,PDP8_rev_high,2000,NA
Wind_offshore,PDP8_rev_high,2001,NA
Wind_offshore,PDP8_rev_high,2002,NA
Wind_offshore,PDP8_rev_high,2003,NA
Wind_offshore,PDP8_rev_high,2004,NA
Wind_offshore,PDP8_rev_high,2005,NA
Wind_offshore,PDP8_rev_high,2006,NA
Wind_offshore,PDP8_rev_high,2007,NA
Wind_offshore,PDP8_rev_high,2008,NA
Wind_offshore,PDP8_rev_high,2009,NA
Wind_offshore,PDP8_rev_high,2010,NA
Wind_offshore,PDP8_rev_high,2011,NA
Wind_offshore,PDP8_rev_high,2012,NA
Wind_offshore,PDP8_rev_high,2013,NA
Wind_offshore,PDP8_rev_high,2014,NA
Wind_offshore,PDP8_rev_high,2015,NA
Wind_offshore,PDP8_rev_high,2016,NA
Wind_offshore,PDP8_rev_high,2017,NA
Wind_offshore,PDP8_rev_high,2018,NA
Wind_offshore,PDP8_rev_high,2019,NA
Wind_offshore,PDP8_rev_high,2020,NA
Wind_offshore,PDP8_rev_high,2021,NA
Wind_offshore,PDP8_rev_high,2022,NA
Wind_offshore,PDP8_rev_high,2023,NA
Wind_offshore,PDP8_rev_high,2024,NA
Wind_offshore,PDP8_rev_high,2025,0
Wind_offshore,PDP8_rev_high,2026,3406.4
Wind_offshore,PDP8_rev_high,2027,6812.8
Wind_offshore,PDP8_rev_high,2028,10219.199999999999
Wind_offshore,PDP8_rev_high,2029,13625.6
Wind_offshore,PDP8_rev_high,2030,17032
Wind_offshore,PDP8_rev_high,2031,23135.25
Wind_offshore,PDP8_rev_high,2032,29238.5
Wind_offshore,PDP8_rev_high,2033,35341.75
Wind_offshore,PDP8_rev_high,2034,41445
Wind_offshore,PDP8_rev_high,2035,47548.25
Wind_offshore,PDP8_rev_high,2036,53651.5
Wind_offshore,PDP8_rev_high,2037,59754.75
Wind_offshore,PDP8_rev_high,2038,65858
Wind_offshore,PDP8_rev_high,2039,71961.25
Wind_offshore,PDP8_rev_high,2040,78064.5
Wind_offshore,PDP8_rev_high,2041,84167.75
Wind_offshore,PDP8_rev_high,2042,90271
Wind_offshore,PDP8_rev_high,2043,96374.25
Wind_offshore,PDP8_rev_high,2044,102477.5
Wind_offshore,PDP8_rev_high,2045,108580.75
Wind_offshore,PDP8_rev_high,2046,114684
Wind_offshore,PDP8_rev_high,2047,120787.25
Wind_offshore,PDP8_rev_high,2048,126890.5
Wind_offshore,PDP8_rev_high,2049,132993.75
Wind_offshore,PDP8_rev_high,2050,139097
