Year,Value,Unit,Country,Sector,Source,Scenario,DataType,Method,Notes
2030,407,MtCO2e,Viet Nam,All energy sectors,DEA_KeyMetrics_EORNZ,BSL,Projected,DEA BSL net CO2eq emissions.,Read from DEA_KeyMetrics_EORNZ.
2050,239,MtCO2e,Viet Nam,All energy sectors,DEA_KeyMetrics_EORNZ,BSL,Projected,DEA BSL net CO2eq emissions.,Read from DEA_KeyMetrics_EORNZ.
2030,234,MtCO2e,Viet Nam,Non-power energy,DEA_KeyMetrics_EORNZ,BSL,Projected,All energy sectors minus power sector.,Derived from DEA_KeyMetrics_EORNZ BSL values.
2050,169,MtCO2e,Viet Nam,Non-power energy,DEA_KeyMetrics_EORNZ,BSL,Projected,All energy sectors minus power sector.,Derived from DEA_KeyMetrics_EORNZ BSL values.
2030,173,MtCO2e,Viet Nam,Power sector,DEA_KeyMetrics_EORNZ,BSL,Projected,DEA BSL net CO2eq emissions.,Read from DEA_KeyMetrics_EORNZ.
2050,70,MtCO2e,Viet Nam,Power sector,DEA_KeyMetrics_EORNZ,BSL,Projected,DEA BSL net CO2eq emissions.,Read from DEA_KeyMetrics_EORNZ.
2000,234,MtCO2e,Viet Nam,Non-power energy,DEA_KeyMetrics_EORNZ interpolation,BSL,Interpolated,Linear interpolation/extrapolation of DEA BSL non-power emissions.,Used as non-power component of the combined overall pathway.
2001,234,MtCO2e,Viet Nam,Non-power energy,DEA_KeyMetrics_EORNZ interpolation,BSL,Interpolated,Linear interpolation/extrapolation of DEA BSL non-power emissions.,Used as non-power component of the combined overall pathway.
2002,234,MtCO2e,Viet Nam,Non-power energy,DEA_KeyMetrics_EORNZ interpolation,BSL,Interpolated,Linear interpolation/extrapolation of DEA BSL non-power emissions.,Used as non-power component of the combined overall pathway.
2003,234,MtCO2e,Viet Nam,Non-power energy,DEA_KeyMetrics_EORNZ interpolation,BSL,Interpolated,Linear interpolation/extrapolation of DEA BSL non-power emissions.,Used as non-power component of the combined overall pathway.
2004,234,MtCO2e,Viet Nam,Non-power energy,DEA_KeyMetrics_EORNZ interpolation,BSL,Interpolated,Linear interpolation/extrapolation of DEA BSL non-power emissions.,Used as non-power component of the combined overall pathway.
2005,234,MtCO2e,Viet Nam,Non-power energy,DEA_KeyMetrics_EORNZ interpolation,BSL,Interpolated,Linear interpolation/extrapolation of DEA BSL non-power emissions.,Used as non-power component of the combined overall pathway.
2006,234,MtCO2e,Viet Nam,Non-power energy,DEA_KeyMetrics_EORNZ interpolation,BSL,Interpolated,Linear interpolation/extrapolation of DEA BSL non-power emissions.,Used as non-power component of the combined overall pathway.
2007,234,MtCO2e,Viet Nam,Non-power energy,DEA_KeyMetrics_EORNZ interpolation,BSL,Interpolated,Linear interpolation/extrapolation of DEA BSL non-power emissions.,Used as non-power component of the combined overall pathway.
2008,234,MtCO2e,Viet Nam,Non-power energy,DEA_KeyMetrics_EORNZ interpolation,BSL,Interpolated,Linear interpolation/extrapolation of DEA BSL non-power emissions.,Used as non-power component of the combined overall pathway.
2009,234,MtCO2e,Viet Nam,Non-power energy,DEA_KeyMetrics_EORNZ interpolation,BSL,Interpolated,Linear interpolation/extrapolation of DEA BSL non-power emissions.,Used as non-power component of the combined overall pathway.
2010,234,MtCO2e,Viet Nam,Non-power energy,DEA_KeyMetrics_EORNZ interpolation,BSL,Interpolated,Linear interpolation/extrapolation of DEA BSL non-power emissions.,Used as non-power component of the combined overall pathway.
2011,234,MtCO2e,Viet Nam,Non-power energy,DEA_KeyMetrics_EORNZ interpolation,BSL,Interpolated,Linear interpolation/extrapolation of DEA BSL non-power emissions.,Used as non-power component of the combined overall pathway.
2012,234,MtCO2e,Viet Nam,Non-power energy,DEA_KeyMetrics_EORNZ interpolation,BSL,Interpolated,Linear interpolation/extrapolation of DEA BSL non-power emissions.,Used as non-power component of the combined overall pathway.
2013,234,MtCO2e,Viet Nam,Non-power energy,DEA_KeyMetrics_EORNZ interpolation,BSL,Interpolated,Linear interpolation/extrapolation of DEA BSL non-power emissions.,Used as non-power component of the combined overall pathway.
2014,234,MtCO2e,Viet Nam,Non-power energy,DEA_KeyMetrics_EORNZ interpolation,BSL,Interpolated,Linear interpolation/extrapolation of DEA BSL non-power emissions.,Used as non-power component of the combined overall pathway.
2015,234,MtCO2e,Viet Nam,Non-power energy,DEA_KeyMetrics_EORNZ interpolation,BSL,Interpolated,Linear interpolation/extrapolation of DEA BSL non-power emissions.,Used as non-power component of the combined overall pathway.
2016,234,MtCO2e,Viet Nam,Non-power energy,DEA_KeyMetrics_EORNZ interpolation,BSL,Interpolated,Linear interpolation/extrapolation of DEA BSL non-power emissions.,Used as non-power component of the combined overall pathway.
2017,234,MtCO2e,Viet Nam,Non-power energy,DEA_KeyMetrics_EORNZ interpolation,BSL,Interpolated,Linear interpolation/extrapolation of DEA BSL non-power emissions.,Used as non-power component of the combined overall pathway.
2018,234,MtCO2e,Viet Nam,Non-power energy,DEA_KeyMetrics_EORNZ interpolation,BSL,Interpolated,Linear interpolation/extrapolation of DEA BSL non-power emissions.,Used as non-power component of the combined overall pathway.
2019,234,MtCO2e,Viet Nam,Non-power energy,DEA_KeyMetrics_EORNZ interpolation,BSL,Interpolated,Linear interpolation/extrapolation of DEA BSL non-power emissions.,Used as non-power component of the combined overall pathway.
2020,234,MtCO2e,Viet Nam,Non-power energy,DEA_KeyMetrics_EORNZ interpolation,BSL,Interpolated,Linear interpolation/extrapolation of DEA BSL non-power emissions.,Used as non-power component of the combined overall pathway.
2021,234,MtCO2e,Viet Nam,Non-power energy,DEA_KeyMetrics_EORNZ interpolation,BSL,Interpolated,Linear interpolation/extrapolation of DEA BSL non-power emissions.,Used as non-power component of the combined overall pathway.
2022,234,MtCO2e,Viet Nam,Non-power energy,DEA_KeyMetrics_EORNZ interpolation,BSL,Interpolated,Linear interpolation/extrapolation of DEA BSL non-power emissions.,Used as non-power component of the combined overall pathway.
2023,234,MtCO2e,Viet Nam,Non-power energy,DEA_KeyMetrics_EORNZ interpolation,BSL,Interpolated,Linear interpolation/extrapolation of DEA BSL non-power emissions.,Used as non-power component of the combined overall pathway.
2024,234,MtCO2e,Viet Nam,Non-power energy,DEA_KeyMetrics_EORNZ interpolation,BSL,Interpolated,Linear interpolation/extrapolation of DEA BSL non-power emissions.,Used as non-power component of the combined overall pathway.
2025,234,MtCO2e,Viet Nam,Non-power energy,DEA_KeyMetrics_EORNZ interpolation,BSL,Interpolated,Linear interpolation/extrapolation of DEA BSL non-power emissions.,Used as non-power component of the combined overall pathway.
2026,234,MtCO2e,Viet Nam,Non-power energy,DEA_KeyMetrics_EORNZ interpolation,BSL,Interpolated,Linear interpolation/extrapolation of DEA BSL non-power emissions.,Used as non-power component of the combined overall pathway.
2027,234,MtCO2e,Viet Nam,Non-power energy,DEA_KeyMetrics_EORNZ interpolation,BSL,Interpolated,Linear interpolation/extrapolation of DEA BSL non-power emissions.,Used as non-power component of the combined overall pathway.
2028,234,MtCO2e,Viet Nam,Non-power energy,DEA_KeyMetrics_EORNZ interpolation,BSL,Interpolated,Linear interpolation/extrapolation of DEA BSL non-power emissions.,Used as non-power component of the combined overall pathway.
2029,234,MtCO2e,Viet Nam,Non-power energy,DEA_KeyMetrics_EORNZ interpolation,BSL,Interpolated,Linear interpolation/extrapolation of DEA BSL non-power emissions.,Used as non-power component of the combined overall pathway.
2030,234,MtCO2e,Viet Nam,Non-power energy,DEA_KeyMetrics_EORNZ interpolation,BSL,Projected,Linear interpolation/extrapolation of DEA BSL non-power emissions.,Used as non-power component of the combined overall pathway.
2031,230.75,MtCO2e,Viet Nam,Non-power energy,DEA_KeyMetrics_EORNZ interpolation,BSL,Interpolated,Linear interpolation/extrapolation of DEA BSL non-power emissions.,Used as non-power component of the combined overall pathway.
2032,227.5,MtCO2e,Viet Nam,Non-power energy,DEA_KeyMetrics_EORNZ interpolation,BSL,Interpolated,Linear interpolation/extrapolation of DEA BSL non-power emissions.,Used as non-power component of the combined overall pathway.
2033,224.25,MtCO2e,Viet Nam,Non-power energy,DEA_KeyMetrics_EORNZ interpolation,BSL,Interpolated,Linear interpolation/extrapolation of DEA BSL non-power emissions.,Used as non-power component of the combined overall pathway.
2034,221,MtCO2e,Viet Nam,Non-power energy,DEA_KeyMetrics_EORNZ interpolation,BSL,Interpolated,Linear interpolation/extrapolation of DEA BSL non-power emissions.,Used as non-power component of the combined overall pathway.
2035,217.75,MtCO2e,Viet Nam,Non-power energy,DEA_KeyMetrics_EORNZ interpolation,BSL,Interpolated,Linear interpolation/extrapolation of DEA BSL non-power emissions.,Used as non-power component of the combined overall pathway.
2036,214.5,MtCO2e,Viet Nam,Non-power energy,DEA_KeyMetrics_EORNZ interpolation,BSL,Interpolated,Linear interpolation/extrapolation of DEA BSL non-power emissions.,Used as non-power component of the combined overall pathway.
2037,211.25,MtCO2e,Viet Nam,Non-power energy,DEA_KeyMetrics_EORNZ interpolation,BSL,Interpolated,Linear interpolation/extrapolation of DEA BSL non-power emissions.,Used as non-power component of the combined overall pathway.
2038,208,MtCO2e,Viet Nam,Non-power energy,DEA_KeyMetrics_EORNZ interpolation,BSL,Interpolated,Linear interpolation/extrapolation of DEA BSL non-power emissions.,Used as non-power component of the combined overall pathway.
2039,204.75,MtCO2e,Viet Nam,Non-power energy,DEA_KeyMetrics_EORNZ interpolation,BSL,Interpolated,Linear interpolation/extrapolation of DEA BSL non-power emissions.,Used as non-power component of the combined overall pathway.
2040,201.5,MtCO2e,Viet Nam,Non-power energy,DEA_KeyMetrics_EORNZ interpolation,BSL,Interpolated,Linear interpolation/extrapolation of DEA BSL non-power emissions.,Used as non-power component of the combined overall pathway.
2041,198.25,MtCO2e,Viet Nam,Non-power energy,DEA_KeyMetrics_EORNZ interpolation,BSL,Interpolated,Linear interpolation/extrapolation of DEA BSL non-power emissions.,Used as non-power component of the combined overall pathway.
2042,195,MtCO2e,Viet Nam,Non-power energy,DEA_KeyMetrics_EORNZ interpolation,BSL,Interpolated,Linear interpolation/extrapolation of DEA BSL non-power emissions.,Used as non-power component of the combined overall pathway.
2043,191.75,MtCO2e,Viet Nam,Non-power energy,DEA_KeyMetrics_EORNZ interpolation,BSL,Interpolated,Linear interpolation/extrapolation of DEA BSL non-power emissions.,Used as non-power component of the combined overall pathway.
2044,188.5,MtCO2e,Viet Nam,Non-power energy,DEA_KeyMetrics_EORNZ interpolation,BSL,Interpolated,Linear interpolation/extrapolation of DEA BSL non-power emissions.,Used as non-power component of the combined overall pathway.
2045,185.25,MtCO2e,Viet Nam,Non-power energy,DEA_KeyMetrics_EORNZ interpolation,BSL,Interpolated,Linear interpolation/extrapolation of DEA BSL non-power emissions.,Used as non-power component of the combined overall pathway.
2046,182,MtCO2e,Viet Nam,Non-power energy,DEA_KeyMetrics_EORNZ interpolation,BSL,Interpolated,Linear interpolation/extrapolation of DEA BSL non-power emissions.,Used as non-power component of the combined overall pathway.
2047,178.75,MtCO2e,Viet Nam,Non-power energy,DEA_KeyMetrics_EORNZ interpolation,BSL,Interpolated,Linear interpolation/extrapolation of DEA BSL non-power emissions.,Used as non-power component of the combined overall pathway.
2048,175.5,MtCO2e,Viet Nam,Non-power energy,DEA_KeyMetrics_EORNZ interpolation,BSL,Interpolated,Linear interpolation/extrapolation of DEA BSL non-power emissions.,Used as non-power component of the combined overall pathway.
2049,172.25,MtCO2e,Viet Nam,Non-power energy,DEA_KeyMetrics_EORNZ interpolation,BSL,Interpolated,Linear interpolation/extrapolation of DEA BSL non-power emissions.,Used as non-power component of the combined overall pathway.
2050,169,MtCO2e,Viet Nam,Non-power energy,DEA_KeyMetrics_EORNZ interpolation,BSL,Projected,Linear interpolation/extrapolation of DEA BSL non-power emissions.,Used as non-power component of the combined overall pathway.
1970,63.86586165372037,MtCO2e,Viet Nam,Agriculture,EDGAR,,Historical,GHG_by_sector_and_country summed across EDGAR substances by sector.,"Substances: CO2, GWP_100_AR5_CH4, GWP_100_AR5_F-gases, GWP_100_AR5_N2O"
1971,62.88787646464317,MtCO2e,Viet Nam,Agriculture,EDGAR,,Historical,GHG_by_sector_and_country summed across EDGAR substances by sector.,"Substances: CO2, GWP_100_AR5_CH4, GWP_100_AR5_F-gases, GWP_100_AR5_N2O"
1972,64.31526520679687,MtCO2e,Viet Nam,Agriculture,EDGAR,,Historical,GHG_by_sector_and_country summed across EDGAR substances by sector.,"Substances: CO2, GWP_100_AR5_CH4, GWP_100_AR5_F-gases, GWP_100_AR5_N2O"
1973,65.42283240808337,MtCO2e,Viet Nam,Agriculture,EDGAR,,Historical,GHG_by_sector_and_country summed across EDGAR substances by sector.,"Substances: CO2, GWP_100_AR5_CH4, GWP_100_AR5_F-gases, GWP_100_AR5_N2O"
1974,65.74532941388858,MtCO2e,Viet Nam,Agriculture,EDGAR,,Historical,GHG_by_sector_and_country summed across EDGAR substances by sector.,"Substances: CO2, GWP_100_AR5_CH4, GWP_100_AR5_F-gases, GWP_100_AR5_N2O"
1975,61.89987507365607,MtCO2e,Viet Nam,Agriculture,EDGAR,,Historical,GHG_by_sector_and_country summed across EDGAR substances by sector.,"Substances: CO2, GWP_100_AR5_CH4, GWP_100_AR5_F-gases, GWP_100_AR5_N2O"
1976,65.9080509032045,MtCO2e,Viet Nam,Agriculture,EDGAR,,Historical,GHG_by_sector_and_country summed across EDGAR substances by sector.,"Substances: CO2, GWP_100_AR5_CH4, GWP_100_AR5_F-gases, GWP_100_AR5_N2O"
1977,67.92934869628111,MtCO2e,Viet Nam,Agriculture,EDGAR,,Historical,GHG_by_sector_and_country summed across EDGAR substances by sector.,"Substances: CO2, GWP_100_AR5_CH4, GWP_100_AR5_F-gases, GWP_100_AR5_N2O"
1978,66.61234474667376,MtCO2e,Viet Nam,Agriculture,EDGAR,,Historical,GHG_by_sector_and_country summed across EDGAR substances by sector.,"Substances: CO2, GWP_100_AR5_CH4, GWP_100_AR5_F-gases, GWP_100_AR5_N2O"
1979,65.61335953577415,MtCO2e,Viet Nam,Agriculture,EDGAR,,Historical,GHG_by_sector_and_country summed across EDGAR substances by sector.,"Substances: CO2, GWP_100_AR5_CH4, GWP_100_AR5_F-gases, GWP_100_AR5_N2O"
1980,66.25280008696409,MtCO2e,Viet Nam,Agriculture,EDGAR,,Historical,GHG_by_sector_and_country summed across EDGAR substances by sector.,"Substances: CO2, GWP_100_AR5_CH4, GWP_100_AR5_F-gases, GWP_100_AR5_N2O"
1981,66.88527911537474,MtCO2e,Viet Nam,Agriculture,EDGAR,,Historical,GHG_by_sector_and_country summed across EDGAR substances by sector.,"Substances: CO2, GWP_100_AR5_CH4, GWP_100_AR5_F-gases, GWP_100_AR5_N2O"
1982,67.8586227350928,MtCO2e,Viet Nam,Agriculture,EDGAR,,Historical,GHG_by_sector_and_country summed across EDGAR substances by sector.,"Substances: CO2, GWP_100_AR5_CH4, GWP_100_AR5_F-gases, GWP_100_AR5_N2O"
1983,67.71293862065879,MtCO2e,Viet Nam,Agriculture,EDGAR,,Historical,GHG_by_sector_and_country summed across EDGAR substances by sector.,"Substances: CO2, GWP_100_AR5_CH4, GWP_100_AR5_F-gases, GWP_100_AR5_N2O"
1984,68.20429933475052,MtCO2e,Viet Nam,Agriculture,EDGAR,,Historical,GHG_by_sector_and_country summed across EDGAR substances by sector.,"Substances: CO2, GWP_100_AR5_CH4, GWP_100_AR5_F-gases, GWP_100_AR5_N2O"
1985,68.56492137460415,MtCO2e,Viet Nam,Agriculture,EDGAR,,Historical,GHG_by_sector_and_country summed across EDGAR substances by sector.,"Substances: CO2, GWP_100_AR5_CH4, GWP_100_AR5_F-gases, GWP_100_AR5_N2O"
1986,68.59802152469571,MtCO2e,Viet Nam,Agriculture,EDGAR,,Historical,GHG_by_sector_and_country summed across EDGAR substances by sector.,"Substances: CO2, GWP_100_AR5_CH4, GWP_100_AR5_F-gases, GWP_100_AR5_N2O"
1987,67.04257160552886,MtCO2e,Viet Nam,Agriculture,EDGAR,,Historical,GHG_by_sector_and_country summed across EDGAR substances by sector.,"Substances: CO2, GWP_100_AR5_CH4, GWP_100_AR5_F-gases, GWP_100_AR5_N2O"
1988,68.7200167743207,MtCO2e,Viet Nam,Agriculture,EDGAR,,Historical,GHG_by_sector_and_country summed across EDGAR substances by sector.,"Substances: CO2, GWP_100_AR5_CH4, GWP_100_AR5_F-gases, GWP_100_AR5_N2O"
1989,69.92285916246439,MtCO2e,Viet Nam,Agriculture,EDGAR,,Historical,GHG_by_sector_and_country summed across EDGAR substances by sector.,"Substances: CO2, GWP_100_AR5_CH4, GWP_100_AR5_F-gases, GWP_100_AR5_N2O"
1990,70.10078283966222,MtCO2e,Viet Nam,Agriculture,EDGAR,,Historical,GHG_by_sector_and_country summed across EDGAR substances by sector.,"Substances: CO2, GWP_100_AR5_CH4, GWP_100_AR5_F-gases, GWP_100_AR5_N2O"
1991,72.5996993594758,MtCO2e,Viet Nam,Agriculture,EDGAR,,Historical,GHG_by_sector_and_country summed across EDGAR substances by sector.,"Substances: CO2, GWP_100_AR5_CH4, GWP_100_AR5_F-gases, GWP_100_AR5_N2O"
1992,73.25489156471241,MtCO2e,Viet Nam,Agriculture,EDGAR,,Historical,GHG_by_sector_and_country summed across EDGAR substances by sector.,"Substances: CO2, GWP_100_AR5_CH4, GWP_100_AR5_F-gases, GWP_100_AR5_N2O"
1993,73.89608704419149,MtCO2e,Viet Nam,Agriculture,EDGAR,,Historical,GHG_by_sector_and_country summed across EDGAR substances by sector.,"Substances: CO2, GWP_100_AR5_CH4, GWP_100_AR5_F-gases, GWP_100_AR5_N2O"
1994,75.9846432055748,MtCO2e,Viet Nam,Agriculture,EDGAR,,Historical,GHG_by_sector_and_country summed across EDGAR substances by sector.,"Substances: CO2, GWP_100_AR5_CH4, GWP_100_AR5_F-gases, GWP_100_AR5_N2O"
1995,76.32762622777601,MtCO2e,Viet Nam,Agriculture,EDGAR,,Historical,GHG_by_sector_and_country summed across EDGAR substances by sector.,"Substances: CO2, GWP_100_AR5_CH4, GWP_100_AR5_F-gases, GWP_100_AR5_N2O"
1996,79.1457954631924,MtCO2e,Viet Nam,Agriculture,EDGAR,,Historical,GHG_by_sector_and_country summed across EDGAR substances by sector.,"Substances: CO2, GWP_100_AR5_CH4, GWP_100_AR5_F-gases, GWP_100_AR5_N2O"
1997,78.7763191105028,MtCO2e,Viet Nam,Agriculture,EDGAR,,Historical,GHG_by_sector_and_country summed across EDGAR substances by sector.,"Substances: CO2, GWP_100_AR5_CH4, GWP_100_AR5_F-gases, GWP_100_AR5_N2O"
1998,82.12333261276031,MtCO2e,Viet Nam,Agriculture,EDGAR,,Historical,GHG_by_sector_and_country summed across EDGAR substances by sector.,"Substances: CO2, GWP_100_AR5_CH4, GWP_100_AR5_F-gases, GWP_100_AR5_N2O"
1999,83.9235746606965,MtCO2e,Viet Nam,Agriculture,EDGAR,,Historical,GHG_by_sector_and_country summed across EDGAR substances by sector.,"Substances: CO2, GWP_100_AR5_CH4, GWP_100_AR5_F-gases, GWP_100_AR5_N2O"
2000,84.34002484949279,MtCO2e,Viet Nam,Agriculture,EDGAR,,Historical,GHG_by_sector_and_country summed across EDGAR substances by sector.,"Substances: CO2, GWP_100_AR5_CH4, GWP_100_AR5_F-gases, GWP_100_AR5_N2O"
2001,82.083135897185,MtCO2e,Viet Nam,Agriculture,EDGAR,,Historical,GHG_by_sector_and_country summed across EDGAR substances by sector.,"Substances: CO2, GWP_100_AR5_CH4, GWP_100_AR5_F-gases, GWP_100_AR5_N2O"
2002,84.9558122883865,MtCO2e,Viet Nam,Agriculture,EDGAR,,Historical,GHG_by_sector_and_country summed across EDGAR substances by sector.,"Substances: CO2, GWP_100_AR5_CH4, GWP_100_AR5_F-gases, GWP_100_AR5_N2O"
2003,86.7484310152482,MtCO2e,Viet Nam,Agriculture,EDGAR,,Historical,GHG_by_sector_and_country summed across EDGAR substances by sector.,"Substances: CO2, GWP_100_AR5_CH4, GWP_100_AR5_F-gases, GWP_100_AR5_N2O"
2004,89.43166839268119,MtCO2e,Viet Nam,Agriculture,EDGAR,,Historical,GHG_by_sector_and_country summed across EDGAR substances by sector.,"Substances: CO2, GWP_100_AR5_CH4, GWP_100_AR5_F-gases, GWP_100_AR5_N2O"
2005,89.0463836629848,MtCO2e,Viet Nam,Agriculture,EDGAR,,Historical,GHG_by_sector_and_country summed across EDGAR substances by sector.,"Substances: CO2, GWP_100_AR5_CH4, GWP_100_AR5_F-gases, GWP_100_AR5_N2O"
2006,91.05544023097,MtCO2e,Viet Nam,Agriculture,EDGAR,,Historical,GHG_by_sector_and_country summed across EDGAR substances by sector.,"Substances: CO2, GWP_100_AR5_CH4, GWP_100_AR5_F-gases, GWP_100_AR5_N2O"
2007,91.605376078372,MtCO2e,Viet Nam,Agriculture,EDGAR,,Historical,GHG_by_sector_and_country summed across EDGAR substances by sector.,"Substances: CO2, GWP_100_AR5_CH4, GWP_100_AR5_F-gases, GWP_100_AR5_N2O"
2008,91.5905164568709,MtCO2e,Viet Nam,Agriculture,EDGAR,,Historical,GHG_by_sector_and_country summed across EDGAR substances by sector.,"Substances: CO2, GWP_100_AR5_CH4, GWP_100_AR5_F-gases, GWP_100_AR5_N2O"
2009,93.3773353618748,MtCO2e,Viet Nam,Agriculture,EDGAR,,Historical,GHG_by_sector_and_country summed across EDGAR substances by sector.,"Substances: CO2, GWP_100_AR5_CH4, GWP_100_AR5_F-gases, GWP_100_AR5_N2O"
2010,93.3477021916853,MtCO2e,Viet Nam,Agriculture,EDGAR,,Historical,GHG_by_sector_and_country summed across EDGAR substances by sector.,"Substances: CO2, GWP_100_AR5_CH4, GWP_100_AR5_F-gases, GWP_100_AR5_N2O"
2011,94.0936592918162,MtCO2e,Viet Nam,Agriculture,EDGAR,,Historical,GHG_by_sector_and_country summed across EDGAR substances by sector.,"Substances: CO2, GWP_100_AR5_CH4, GWP_100_AR5_F-gases, GWP_100_AR5_N2O"
2012,94.9759892687172,MtCO2e,Viet Nam,Agriculture,EDGAR,,Historical,GHG_by_sector_and_country summed across EDGAR substances by sector.,"Substances: CO2, GWP_100_AR5_CH4, GWP_100_AR5_F-gases, GWP_100_AR5_N2O"
2013,96.9546552365407,MtCO2e,Viet Nam,Agriculture,EDGAR,,Historical,GHG_by_sector_and_country summed across EDGAR substances by sector.,"Substances: CO2, GWP_100_AR5_CH4, GWP_100_AR5_F-gases, GWP_100_AR5_N2O"
2014,95.7601936283944,MtCO2e,Viet Nam,Agriculture,EDGAR,,Historical,GHG_by_sector_and_country summed across EDGAR substances by sector.,"Substances: CO2, GWP_100_AR5_CH4, GWP_100_AR5_F-gases, GWP_100_AR5_N2O"
2015,99.3892871066207,MtCO2e,Viet Nam,Agriculture,EDGAR,,Historical,GHG_by_sector_and_country summed across EDGAR substances by sector.,"Substances: CO2, GWP_100_AR5_CH4, GWP_100_AR5_F-gases, GWP_100_AR5_N2O"
2016,97.62797466696101,MtCO2e,Viet Nam,Agriculture,EDGAR,,Historical,GHG_by_sector_and_country summed across EDGAR substances by sector.,"Substances: CO2, GWP_100_AR5_CH4, GWP_100_AR5_F-gases, GWP_100_AR5_N2O"
2017,97.99852466431861,MtCO2e,Viet Nam,Agriculture,EDGAR,,Historical,GHG_by_sector_and_country summed across EDGAR substances by sector.,"Substances: CO2, GWP_100_AR5_CH4, GWP_100_AR5_F-gases, GWP_100_AR5_N2O"
2018,97.4416680792789,MtCO2e,Viet Nam,Agriculture,EDGAR,,Historical,GHG_by_sector_and_country summed across EDGAR substances by sector.,"Substances: CO2, GWP_100_AR5_CH4, GWP_100_AR5_F-gases, GWP_100_AR5_N2O"
2019,93.90080266708391,MtCO2e,Viet Nam,Agriculture,EDGAR,,Historical,GHG_by_sector_and_country summed across EDGAR substances by sector.,"Substances: CO2, GWP_100_AR5_CH4, GWP_100_AR5_F-gases, GWP_100_AR5_N2O"
2020,92.00651062367369,MtCO2e,Viet Nam,Agriculture,EDGAR,,Historical,GHG_by_sector_and_country summed across EDGAR substances by sector.,"Substances: CO2, GWP_100_AR5_CH4, GWP_100_AR5_F-gases, GWP_100_AR5_N2O"
2021,93.5443163001191,MtCO2e,Viet Nam,Agriculture,EDGAR,,Historical,GHG_by_sector_and_country summed across EDGAR substances by sector.,"Substances: CO2, GWP_100_AR5_CH4, GWP_100_AR5_F-gases, GWP_100_AR5_N2O"
2022,92.1746405499116,MtCO2e,Viet Nam,Agriculture,EDGAR,,Historical,GHG_by_sector_and_country summed across EDGAR substances by sector.,"Substances: CO2, GWP_100_AR5_CH4, GWP_100_AR5_F-gases, GWP_100_AR5_N2O"
2023,92.5003096187488,MtCO2e,Viet Nam,Agriculture,EDGAR,,Historical,GHG_by_sector_and_country summed across EDGAR substances by sector.,"Substances: CO2, GWP_100_AR5_CH4, GWP_100_AR5_F-gases, GWP_100_AR5_N2O"
1970,14.468569721895001,MtCO2e,Viet Nam,Buildings,EDGAR,,Historical,GHG_by_sector_and_country summed across EDGAR substances by sector.,"Substances: CO2, GWP_100_AR5_CH4, GWP_100_AR5_F-gases, GWP_100_AR5_N2O"
1971,14.468569721895001,MtCO2e,Viet Nam,Buildings,EDGAR,,Historical,GHG_by_sector_and_country summed across EDGAR substances by sector.,"Substances: CO2, GWP_100_AR5_CH4, GWP_100_AR5_F-gases, GWP_100_AR5_N2O"
1972,13.764843758315,MtCO2e,Viet Nam,Buildings,EDGAR,,Historical,GHG_by_sector_and_country summed across EDGAR substances by sector.,"Substances: CO2, GWP_100_AR5_CH4, GWP_100_AR5_F-gases, GWP_100_AR5_N2O"
1973,15.66896833801,MtCO2e,Viet Nam,Buildings,EDGAR,,Historical,GHG_by_sector_and_country summed across EDGAR substances by sector.,"Substances: CO2, GWP_100_AR5_CH4, GWP_100_AR5_F-gases, GWP_100_AR5_N2O"
1974,13.552619499285,MtCO2e,Viet Nam,Buildings,EDGAR,,Historical,GHG_by_sector_and_country summed across EDGAR substances by sector.,"Substances: CO2, GWP_100_AR5_CH4, GWP_100_AR5_F-gases, GWP_100_AR5_N2O"
1975,16.147653322525,MtCO2e,Viet Nam,Buildings,EDGAR,,Historical,GHG_by_sector_and_country summed across EDGAR substances by sector.,"Substances: CO2, GWP_100_AR5_CH4, GWP_100_AR5_F-gases, GWP_100_AR5_N2O"
1976,11.75439081683,MtCO2e,Viet Nam,Buildings,EDGAR,,Historical,GHG_by_sector_and_country summed across EDGAR substances by sector.,"Substances: CO2, GWP_100_AR5_CH4, GWP_100_AR5_F-gases, GWP_100_AR5_N2O"
1977,12.660547430565,MtCO2e,Viet Nam,Buildings,EDGAR,,Historical,GHG_by_sector_and_country summed across EDGAR substances by sector.,"Substances: CO2, GWP_100_AR5_CH4, GWP_100_AR5_F-gases, GWP_100_AR5_N2O"
1978,12.943364935785,MtCO2e,Viet Nam,Buildings,EDGAR,,Historical,GHG_by_sector_and_country summed across EDGAR substances by sector.,"Substances: CO2, GWP_100_AR5_CH4, GWP_100_AR5_F-gases, GWP_100_AR5_N2O"
1979,14.03696488159,MtCO2e,Viet Nam,Buildings,EDGAR,,Historical,GHG_by_sector_and_country summed across EDGAR substances by sector.,"Substances: CO2, GWP_100_AR5_CH4, GWP_100_AR5_F-gases, GWP_100_AR5_N2O"
1980,7.001660985019,MtCO2e,Viet Nam,Buildings,EDGAR,,Historical,GHG_by_sector_and_country summed across EDGAR substances by sector.,"Substances: CO2, GWP_100_AR5_CH4, GWP_100_AR5_F-gases, GWP_100_AR5_N2O"
1981,7.809023261695,MtCO2e,Viet Nam,Buildings,EDGAR,,Historical,GHG_by_sector_and_country summed across EDGAR substances by sector.,"Substances: CO2, GWP_100_AR5_CH4, GWP_100_AR5_F-gases, GWP_100_AR5_N2O"
1982,8.211458742797,MtCO2e,Viet Nam,Buildings,EDGAR,,Historical,GHG_by_sector_and_country summed across EDGAR substances by sector.,"Substances: CO2, GWP_100_AR5_CH4, GWP_100_AR5_F-gases, GWP_100_AR5_N2O"
1983,7.569827980661,MtCO2e,Viet Nam,Buildings,EDGAR,,Historical,GHG_by_sector_and_country summed across EDGAR substances by sector.,"Substances: CO2, GWP_100_AR5_CH4, GWP_100_AR5_F-gases, GWP_100_AR5_N2O"
1984,6.393473699825,MtCO2e,Viet Nam,Buildings,EDGAR,,Historical,GHG_by_sector_and_country summed across EDGAR substances by sector.,"Substances: CO2, GWP_100_AR5_CH4, GWP_100_AR5_F-gases, GWP_100_AR5_N2O"
1985,5.322243928481,MtCO2e,Viet Nam,Buildings,EDGAR,,Historical,GHG_by_sector_and_country summed across EDGAR substances by sector.,"Substances: CO2, GWP_100_AR5_CH4, GWP_100_AR5_F-gases, GWP_100_AR5_N2O"
1986,5.5086771174499995,MtCO2e,Viet Nam,Buildings,EDGAR,,Historical,GHG_by_sector_and_country summed across EDGAR substances by sector.,"Substances: CO2, GWP_100_AR5_CH4, GWP_100_AR5_F-gases, GWP_100_AR5_N2O"
1987,6.057753488135,MtCO2e,Viet Nam,Buildings,EDGAR,,Historical,GHG_by_sector_and_country summed across EDGAR substances by sector.,"Substances: CO2, GWP_100_AR5_CH4, GWP_100_AR5_F-gases, GWP_100_AR5_N2O"
1988,5.751625568208,MtCO2e,Viet Nam,Buildings,EDGAR,,Historical,GHG_by_sector_and_country summed across EDGAR substances by sector.,"Substances: CO2, GWP_100_AR5_CH4, GWP_100_AR5_F-gases, GWP_100_AR5_N2O"
1989,5.738940512239,MtCO2e,Viet Nam,Buildings,EDGAR,,Historical,GHG_by_sector_and_country summed across EDGAR substances by sector.,"Substances: CO2, GWP_100_AR5_CH4, GWP_100_AR5_F-gases, GWP_100_AR5_N2O"
1990,6.330577072965,MtCO2e,Viet Nam,Buildings,EDGAR,,Historical,GHG_by_sector_and_country summed across EDGAR substances by sector.,"Substances: CO2, GWP_100_AR5_CH4, GWP_100_AR5_F-gases, GWP_100_AR5_N2O"
1991,7.024467587612,MtCO2e,Viet Nam,Buildings,EDGAR,,Historical,GHG_by_sector_and_country summed across EDGAR substances by sector.,"Substances: CO2, GWP_100_AR5_CH4, GWP_100_AR5_F-gases, GWP_100_AR5_N2O"
1992,7.315244523782,MtCO2e,Viet Nam,Buildings,EDGAR,,Historical,GHG_by_sector_and_country summed across EDGAR substances by sector.,"Substances: CO2, GWP_100_AR5_CH4, GWP_100_AR5_F-gases, GWP_100_AR5_N2O"
1993,8.298033293991,MtCO2e,Viet Nam,Buildings,EDGAR,,Historical,GHG_by_sector_and_country summed across EDGAR substances by sector.,"Substances: CO2, GWP_100_AR5_CH4, GWP_100_AR5_F-gases, GWP_100_AR5_N2O"
1994,8.555007111939,MtCO2e,Viet Nam,Buildings,EDGAR,,Historical,GHG_by_sector_and_country summed across EDGAR substances by sector.,"Substances: CO2, GWP_100_AR5_CH4, GWP_100_AR5_F-gases, GWP_100_AR5_N2O"
1995,9.102202493247,MtCO2e,Viet Nam,Buildings,EDGAR,,Historical,GHG_by_sector_and_country summed across EDGAR substances by sector.,"Substances: CO2, GWP_100_AR5_CH4, GWP_100_AR5_F-gases, GWP_100_AR5_N2O"
1996,10.134709471183001,MtCO2e,Viet Nam,Buildings,EDGAR,,Historical,GHG_by_sector_and_country summed across EDGAR substances by sector.,"Substances: CO2, GWP_100_AR5_CH4, GWP_100_AR5_F-gases, GWP_100_AR5_N2O"
1997,10.342744360002001,MtCO2e,Viet Nam,Buildings,EDGAR,,Historical,GHG_by_sector_and_country summed across EDGAR substances by sector.,"Substances: CO2, GWP_100_AR5_CH4, GWP_100_AR5_F-gases, GWP_100_AR5_N2O"
1998,10.950032402684,MtCO2e,Viet Nam,Buildings,EDGAR,,Historical,GHG_by_sector_and_country summed across EDGAR substances by sector.,"Substances: CO2, GWP_100_AR5_CH4, GWP_100_AR5_F-gases, GWP_100_AR5_N2O"
1999,11.265287350457,MtCO2e,Viet Nam,Buildings,EDGAR,,Historical,GHG_by_sector_and_country summed across EDGAR substances by sector.,"Substances: CO2, GWP_100_AR5_CH4, GWP_100_AR5_F-gases, GWP_100_AR5_N2O"
2000,12.011772960795,MtCO2e,Viet Nam,Buildings,EDGAR,,Historical,GHG_by_sector_and_country summed across EDGAR substances by sector.,"Substances: CO2, GWP_100_AR5_CH4, GWP_100_AR5_F-gases, GWP_100_AR5_N2O"
2001,13.064610214005,MtCO2e,Viet Nam,Buildings,EDGAR,,Historical,GHG_by_sector_and_country summed across EDGAR substances by sector.,"Substances: CO2, GWP_100_AR5_CH4, GWP_100_AR5_F-gases, GWP_100_AR5_N2O"
2002,13.850594533053,MtCO2e,Viet Nam,Buildings,EDGAR,,Historical,GHG_by_sector_and_country summed across EDGAR substances by sector.,"Substances: CO2, GWP_100_AR5_CH4, GWP_100_AR5_F-gases, GWP_100_AR5_N2O"
2003,13.934142389605,MtCO2e,Viet Nam,Buildings,EDGAR,,Historical,GHG_by_sector_and_country summed across EDGAR substances by sector.,"Substances: CO2, GWP_100_AR5_CH4, GWP_100_AR5_F-gases, GWP_100_AR5_N2O"
2004,15.761102789114,MtCO2e,Viet Nam,Buildings,EDGAR,,Historical,GHG_by_sector_and_country summed across EDGAR substances by sector.,"Substances: CO2, GWP_100_AR5_CH4, GWP_100_AR5_F-gases, GWP_100_AR5_N2O"
2005,16.308064402461998,MtCO2e,Viet Nam,Buildings,EDGAR,,Historical,GHG_by_sector_and_country summed across EDGAR substances by sector.,"Substances: CO2, GWP_100_AR5_CH4, GWP_100_AR5_F-gases, GWP_100_AR5_N2O"
2006,16.15440786271,MtCO2e,Viet Nam,Buildings,EDGAR,,Historical,GHG_by_sector_and_country summed across EDGAR substances by sector.,"Substances: CO2, GWP_100_AR5_CH4, GWP_100_AR5_F-gases, GWP_100_AR5_N2O"
2007,16.372517410451,MtCO2e,Viet Nam,Buildings,EDGAR,,Historical,GHG_by_sector_and_country summed across EDGAR substances by sector.,"Substances: CO2, GWP_100_AR5_CH4, GWP_100_AR5_F-gases, GWP_100_AR5_N2O"
2008,16.455557241083,MtCO2e,Viet Nam,Buildings,EDGAR,,Historical,GHG_by_sector_and_country summed across EDGAR substances by sector.,"Substances: CO2, GWP_100_AR5_CH4, GWP_100_AR5_F-gases, GWP_100_AR5_N2O"
2009,16.658090347979,MtCO2e,Viet Nam,Buildings,EDGAR,,Historical,GHG_by_sector_and_country summed across EDGAR substances by sector.,"Substances: CO2, GWP_100_AR5_CH4, GWP_100_AR5_F-gases, GWP_100_AR5_N2O"
2010,17.511369369713,MtCO2e,Viet Nam,Buildings,EDGAR,,Historical,GHG_by_sector_and_country summed across EDGAR substances by sector.,"Substances: CO2, GWP_100_AR5_CH4, GWP_100_AR5_F-gases, GWP_100_AR5_N2O"
2011,17.22752955765,MtCO2e,Viet Nam,Buildings,EDGAR,,Historical,GHG_by_sector_and_country summed across EDGAR substances by sector.,"Substances: CO2, GWP_100_AR5_CH4, GWP_100_AR5_F-gases, GWP_100_AR5_N2O"
2012,16.295807400877,MtCO2e,Viet Nam,Buildings,EDGAR,,Historical,GHG_by_sector_and_country summed across EDGAR substances by sector.,"Substances: CO2, GWP_100_AR5_CH4, GWP_100_AR5_F-gases, GWP_100_AR5_N2O"
2013,17.173389681771,MtCO2e,Viet Nam,Buildings,EDGAR,,Historical,GHG_by_sector_and_country summed across EDGAR substances by sector.,"Substances: CO2, GWP_100_AR5_CH4, GWP_100_AR5_F-gases, GWP_100_AR5_N2O"
2014,16.821646220056,MtCO2e,Viet Nam,Buildings,EDGAR,,Historical,GHG_by_sector_and_country summed across EDGAR substances by sector.,"Substances: CO2, GWP_100_AR5_CH4, GWP_100_AR5_F-gases, GWP_100_AR5_N2O"
2015,17.55467463921,MtCO2e,Viet Nam,Buildings,EDGAR,,Historical,GHG_by_sector_and_country summed across EDGAR substances by sector.,"Substances: CO2, GWP_100_AR5_CH4, GWP_100_AR5_F-gases, GWP_100_AR5_N2O"
2016,16.881977201917,MtCO2e,Viet Nam,Buildings,EDGAR,,Historical,GHG_by_sector_and_country summed across EDGAR substances by sector.,"Substances: CO2, GWP_100_AR5_CH4, GWP_100_AR5_F-gases, GWP_100_AR5_N2O"
2017,17.671863403882,MtCO2e,Viet Nam,Buildings,EDGAR,,Historical,GHG_by_sector_and_country summed across EDGAR substances by sector.,"Substances: CO2, GWP_100_AR5_CH4, GWP_100_AR5_F-gases, GWP_100_AR5_N2O"
2018,17.453462398228,MtCO2e,Viet Nam,Buildings,EDGAR,,Historical,GHG_by_sector_and_country summed across EDGAR substances by sector.,"Substances: CO2, GWP_100_AR5_CH4, GWP_100_AR5_F-gases, GWP_100_AR5_N2O"
2019,17.288567190275,MtCO2e,Viet Nam,Buildings,EDGAR,,Historical,GHG_by_sector_and_country summed across EDGAR substances by sector.,"Substances: CO2, GWP_100_AR5_CH4, GWP_100_AR5_F-gases, GWP_100_AR5_N2O"
2020,16.358190241268,MtCO2e,Viet Nam,Buildings,EDGAR,,Historical,GHG_by_sector_and_country summed across EDGAR substances by sector.,"Substances: CO2, GWP_100_AR5_CH4, GWP_100_AR5_F-gases, GWP_100_AR5_N2O"
2021,16.0289850637,MtCO2e,Viet Nam,Buildings,EDGAR,,Historical,GHG_by_sector_and_country summed across EDGAR substances by sector.,"Substances: CO2, GWP_100_AR5_CH4, GWP_100_AR5_F-gases, GWP_100_AR5_N2O"
2022,17.129997990563858,MtCO2e,Viet Nam,Buildings,EDGAR,,Historical,GHG_by_sector_and_country summed across EDGAR substances by sector.,"Substances: CO2, GWP_100_AR5_CH4, GWP_100_AR5_F-gases, GWP_100_AR5_N2O"
2023,19.1991465421575,MtCO2e,Viet Nam,Buildings,EDGAR,,Historical,GHG_by_sector_and_country summed across EDGAR substances by sector.,"Substances: CO2, GWP_100_AR5_CH4, GWP_100_AR5_F-gases, GWP_100_AR5_N2O"
1970,2.025365120150976,MtCO2e,Viet Nam,Fuel Exploitation,EDGAR,,Historical,GHG_by_sector_and_country summed across EDGAR substances by sector.,"Substances: CO2, GWP_100_AR5_CH4, GWP_100_AR5_F-gases, GWP_100_AR5_N2O"
1971,2.023485825760576,MtCO2e,Viet Nam,Fuel Exploitation,EDGAR,,Historical,GHG_by_sector_and_country summed across EDGAR substances by sector.,"Substances: CO2, GWP_100_AR5_CH4, GWP_100_AR5_F-gases, GWP_100_AR5_N2O"
1972,1.582118196030635,MtCO2e,Viet Nam,Fuel Exploitation,EDGAR,,Historical,GHG_by_sector_and_country summed across EDGAR substances by sector.,"Substances: CO2, GWP_100_AR5_CH4, GWP_100_AR5_F-gases, GWP_100_AR5_N2O"
1973,2.043355530899776,MtCO2e,Viet Nam,Fuel Exploitation,EDGAR,,Historical,GHG_by_sector_and_country summed across EDGAR substances by sector.,"Substances: CO2, GWP_100_AR5_CH4, GWP_100_AR5_F-gases, GWP_100_AR5_N2O"
1974,2.513295919917869,MtCO2e,Viet Nam,Fuel Exploitation,EDGAR,,Historical,GHG_by_sector_and_country summed across EDGAR substances by sector.,"Substances: CO2, GWP_100_AR5_CH4, GWP_100_AR5_F-gases, GWP_100_AR5_N2O"
1975,3.07099438399231,MtCO2e,Viet Nam,Fuel Exploitation,EDGAR,,Historical,GHG_by_sector_and_country summed across EDGAR substances by sector.,"Substances: CO2, GWP_100_AR5_CH4, GWP_100_AR5_F-gases, GWP_100_AR5_N2O"
1976,3.2792332131376574,MtCO2e,Viet Nam,Fuel Exploitation,EDGAR,,Historical,GHG_by_sector_and_country summed across EDGAR substances by sector.,"Substances: CO2, GWP_100_AR5_CH4, GWP_100_AR5_F-gases, GWP_100_AR5_N2O"
1977,3.567083349492727,MtCO2e,Viet Nam,Fuel Exploitation,EDGAR,,Historical,GHG_by_sector_and_country summed across EDGAR substances by sector.,"Substances: CO2, GWP_100_AR5_CH4, GWP_100_AR5_F-gases, GWP_100_AR5_N2O"
1978,3.495694644968604,MtCO2e,Viet Nam,Fuel Exploitation,EDGAR,,Historical,GHG_by_sector_and_country summed across EDGAR substances by sector.,"Substances: CO2, GWP_100_AR5_CH4, GWP_100_AR5_F-gases, GWP_100_AR5_N2O"
1979,3.284110505292195,MtCO2e,Viet Nam,Fuel Exploitation,EDGAR,,Historical,GHG_by_sector_and_country summed across EDGAR substances by sector.,"Substances: CO2, GWP_100_AR5_CH4, GWP_100_AR5_F-gases, GWP_100_AR5_N2O"
1980,3.16750452819071,MtCO2e,Viet Nam,Fuel Exploitation,EDGAR,,Historical,GHG_by_sector_and_country summed across EDGAR substances by sector.,"Substances: CO2, GWP_100_AR5_CH4, GWP_100_AR5_F-gases, GWP_100_AR5_N2O"
1981,3.550807156656804,MtCO2e,Viet Nam,Fuel Exploitation,EDGAR,,Historical,GHG_by_sector_and_country summed across EDGAR substances by sector.,"Substances: CO2, GWP_100_AR5_CH4, GWP_100_AR5_F-gases, GWP_100_AR5_N2O"
1982,3.698351720448137,MtCO2e,Viet Nam,Fuel Exploitation,EDGAR,,Historical,GHG_by_sector_and_country summed across EDGAR substances by sector.,"Substances: CO2, GWP_100_AR5_CH4, GWP_100_AR5_F-gases, GWP_100_AR5_N2O"
1983,3.724646005246989,MtCO2e,Viet Nam,Fuel Exploitation,EDGAR,,Historical,GHG_by_sector_and_country summed across EDGAR substances by sector.,"Substances: CO2, GWP_100_AR5_CH4, GWP_100_AR5_F-gases, GWP_100_AR5_N2O"
1984,3.153857653028337,MtCO2e,Viet Nam,Fuel Exploitation,EDGAR,,Historical,GHG_by_sector_and_country summed across EDGAR substances by sector.,"Substances: CO2, GWP_100_AR5_CH4, GWP_100_AR5_F-gases, GWP_100_AR5_N2O"
1985,3.446409357626038,MtCO2e,Viet Nam,Fuel Exploitation,EDGAR,,Historical,GHG_by_sector_and_country summed across EDGAR substances by sector.,"Substances: CO2, GWP_100_AR5_CH4, GWP_100_AR5_F-gases, GWP_100_AR5_N2O"
1986,3.709151159357447,MtCO2e,Viet Nam,Fuel Exploitation,EDGAR,,Historical,GHG_by_sector_and_country summed across EDGAR substances by sector.,"Substances: CO2, GWP_100_AR5_CH4, GWP_100_AR5_F-gases, GWP_100_AR5_N2O"
1987,3.827505054025196,MtCO2e,Viet Nam,Fuel Exploitation,EDGAR,,Historical,GHG_by_sector_and_country summed across EDGAR substances by sector.,"Substances: CO2, GWP_100_AR5_CH4, GWP_100_AR5_F-gases, GWP_100_AR5_N2O"
1988,4.257191501467989,MtCO2e,Viet Nam,Fuel Exploitation,EDGAR,,Historical,GHG_by_sector_and_country summed across EDGAR substances by sector.,"Substances: CO2, GWP_100_AR5_CH4, GWP_100_AR5_F-gases, GWP_100_AR5_N2O"
1989,4.4590749020309515,MtCO2e,Viet Nam,Fuel Exploitation,EDGAR,,Historical,GHG_by_sector_and_country summed across EDGAR substances by sector.,"Substances: CO2, GWP_100_AR5_CH4, GWP_100_AR5_F-gases, GWP_100_AR5_N2O"
1990,4.893687202676627,MtCO2e,Viet Nam,Fuel Exploitation,EDGAR,,Historical,GHG_by_sector_and_country summed across EDGAR substances by sector.,"Substances: CO2, GWP_100_AR5_CH4, GWP_100_AR5_F-gases, GWP_100_AR5_N2O"
1991,6.154859224265009,MtCO2e,Viet Nam,Fuel Exploitation,EDGAR,,Historical,GHG_by_sector_and_country summed across EDGAR substances by sector.,"Substances: CO2, GWP_100_AR5_CH4, GWP_100_AR5_F-gases, GWP_100_AR5_N2O"
1992,7.065983994623292,MtCO2e,Viet Nam,Fuel Exploitation,EDGAR,,Historical,GHG_by_sector_and_country summed across EDGAR substances by sector.,"Substances: CO2, GWP_100_AR5_CH4, GWP_100_AR5_F-gases, GWP_100_AR5_N2O"
1993,7.9494254744258495,MtCO2e,Viet Nam,Fuel Exploitation,EDGAR,,Historical,GHG_by_sector_and_country summed across EDGAR substances by sector.,"Substances: CO2, GWP_100_AR5_CH4, GWP_100_AR5_F-gases, GWP_100_AR5_N2O"
1994,9.515781394205083,MtCO2e,Viet Nam,Fuel Exploitation,EDGAR,,Historical,GHG_by_sector_and_country summed across EDGAR substances by sector.,"Substances: CO2, GWP_100_AR5_CH4, GWP_100_AR5_F-gases, GWP_100_AR5_N2O"
1995,11.758793489647806,MtCO2e,Viet Nam,Fuel Exploitation,EDGAR,,Historical,GHG_by_sector_and_country summed across EDGAR substances by sector.,"Substances: CO2, GWP_100_AR5_CH4, GWP_100_AR5_F-gases, GWP_100_AR5_N2O"
1996,11.874188557539417,MtCO2e,Viet Nam,Fuel Exploitation,EDGAR,,Historical,GHG_by_sector_and_country summed across EDGAR substances by sector.,"Substances: CO2, GWP_100_AR5_CH4, GWP_100_AR5_F-gases, GWP_100_AR5_N2O"
1997,11.11308022207223,MtCO2e,Viet Nam,Fuel Exploitation,EDGAR,,Historical,GHG_by_sector_and_country summed across EDGAR substances by sector.,"Substances: CO2, GWP_100_AR5_CH4, GWP_100_AR5_F-gases, GWP_100_AR5_N2O"
1998,11.650178632216342,MtCO2e,Viet Nam,Fuel Exploitation,EDGAR,,Historical,GHG_by_sector_and_country summed across EDGAR substances by sector.,"Substances: CO2, GWP_100_AR5_CH4, GWP_100_AR5_F-gases, GWP_100_AR5_N2O"
1999,13.653706569210385,MtCO2e,Viet Nam,Fuel Exploitation,EDGAR,,Historical,GHG_by_sector_and_country summed across EDGAR substances by sector.,"Substances: CO2, GWP_100_AR5_CH4, GWP_100_AR5_F-gases, GWP_100_AR5_N2O"
2000,12.860285255108403,MtCO2e,Viet Nam,Fuel Exploitation,EDGAR,,Historical,GHG_by_sector_and_country summed across EDGAR substances by sector.,"Substances: CO2, GWP_100_AR5_CH4, GWP_100_AR5_F-gases, GWP_100_AR5_N2O"
2001,13.44160379786248,MtCO2e,Viet Nam,Fuel Exploitation,EDGAR,,Historical,GHG_by_sector_and_country summed across EDGAR substances by sector.,"Substances: CO2, GWP_100_AR5_CH4, GWP_100_AR5_F-gases, GWP_100_AR5_N2O"
2002,13.28104003535909,MtCO2e,Viet Nam,Fuel Exploitation,EDGAR,,Historical,GHG_by_sector_and_country summed across EDGAR substances by sector.,"Substances: CO2, GWP_100_AR5_CH4, GWP_100_AR5_F-gases, GWP_100_AR5_N2O"
2003,14.577908330965101,MtCO2e,Viet Nam,Fuel Exploitation,EDGAR,,Historical,GHG_by_sector_and_country summed across EDGAR substances by sector.,"Substances: CO2, GWP_100_AR5_CH4, GWP_100_AR5_F-gases, GWP_100_AR5_N2O"
2004,19.280089773607248,MtCO2e,Viet Nam,Fuel Exploitation,EDGAR,,Historical,GHG_by_sector_and_country summed across EDGAR substances by sector.,"Substances: CO2, GWP_100_AR5_CH4, GWP_100_AR5_F-gases, GWP_100_AR5_N2O"
2005,21.994342888522326,MtCO2e,Viet Nam,Fuel Exploitation,EDGAR,,Historical,GHG_by_sector_and_country summed across EDGAR substances by sector.,"Substances: CO2, GWP_100_AR5_CH4, GWP_100_AR5_F-gases, GWP_100_AR5_N2O"
2006,23.42158289211513,MtCO2e,Viet Nam,Fuel Exploitation,EDGAR,,Historical,GHG_by_sector_and_country summed across EDGAR substances by sector.,"Substances: CO2, GWP_100_AR5_CH4, GWP_100_AR5_F-gases, GWP_100_AR5_N2O"
2007,25.30952071308938,MtCO2e,Viet Nam,Fuel Exploitation,EDGAR,,Historical,GHG_by_sector_and_country summed across EDGAR substances by sector.,"Substances: CO2, GWP_100_AR5_CH4, GWP_100_AR5_F-gases, GWP_100_AR5_N2O"
2008,23.656620141171654,MtCO2e,Viet Nam,Fuel Exploitation,EDGAR,,Historical,GHG_by_sector_and_country summed across EDGAR substances by sector.,"Substances: CO2, GWP_100_AR5_CH4, GWP_100_AR5_F-gases, GWP_100_AR5_N2O"
2009,26.218597069662074,MtCO2e,Viet Nam,Fuel Exploitation,EDGAR,,Historical,GHG_by_sector_and_country summed across EDGAR substances by sector.,"Substances: CO2, GWP_100_AR5_CH4, GWP_100_AR5_F-gases, GWP_100_AR5_N2O"
2010,26.215770957310127,MtCO2e,Viet Nam,Fuel Exploitation,EDGAR,,Historical,GHG_by_sector_and_country summed across EDGAR substances by sector.,"Substances: CO2, GWP_100_AR5_CH4, GWP_100_AR5_F-gases, GWP_100_AR5_N2O"
2011,26.933322468724192,MtCO2e,Viet Nam,Fuel Exploitation,EDGAR,,Historical,GHG_by_sector_and_country summed across EDGAR substances by sector.,"Substances: CO2, GWP_100_AR5_CH4, GWP_100_AR5_F-gases, GWP_100_AR5_N2O"
2012,26.185830611714064,MtCO2e,Viet Nam,Fuel Exploitation,EDGAR,,Historical,GHG_by_sector_and_country summed across EDGAR substances by sector.,"Substances: CO2, GWP_100_AR5_CH4, GWP_100_AR5_F-gases, GWP_100_AR5_N2O"
2013,25.87341949605564,MtCO2e,Viet Nam,Fuel Exploitation,EDGAR,,Historical,GHG_by_sector_and_country summed across EDGAR substances by sector.,"Substances: CO2, GWP_100_AR5_CH4, GWP_100_AR5_F-gases, GWP_100_AR5_N2O"
2014,25.975995509001788,MtCO2e,Viet Nam,Fuel Exploitation,EDGAR,,Historical,GHG_by_sector_and_country summed across EDGAR substances by sector.,"Substances: CO2, GWP_100_AR5_CH4, GWP_100_AR5_F-gases, GWP_100_AR5_N2O"
2015,24.652793530267097,MtCO2e,Viet Nam,Fuel Exploitation,EDGAR,,Historical,GHG_by_sector_and_country summed across EDGAR substances by sector.,"Substances: CO2, GWP_100_AR5_CH4, GWP_100_AR5_F-gases, GWP_100_AR5_N2O"
2016,23.144591173923917,MtCO2e,Viet Nam,Fuel Exploitation,EDGAR,,Historical,GHG_by_sector_and_country summed across EDGAR substances by sector.,"Substances: CO2, GWP_100_AR5_CH4, GWP_100_AR5_F-gases, GWP_100_AR5_N2O"
2017,22.850410243211158,MtCO2e,Viet Nam,Fuel Exploitation,EDGAR,,Historical,GHG_by_sector_and_country summed across EDGAR substances by sector.,"Substances: CO2, GWP_100_AR5_CH4, GWP_100_AR5_F-gases, GWP_100_AR5_N2O"
2018,24.554303907019424,MtCO2e,Viet Nam,Fuel Exploitation,EDGAR,,Historical,GHG_by_sector_and_country summed across EDGAR substances by sector.,"Substances: CO2, GWP_100_AR5_CH4, GWP_100_AR5_F-gases, GWP_100_AR5_N2O"
2019,26.560164786305062,MtCO2e,Viet Nam,Fuel Exploitation,EDGAR,,Historical,GHG_by_sector_and_country summed across EDGAR substances by sector.,"Substances: CO2, GWP_100_AR5_CH4, GWP_100_AR5_F-gases, GWP_100_AR5_N2O"
2020,24.768061236696564,MtCO2e,Viet Nam,Fuel Exploitation,EDGAR,,Historical,GHG_by_sector_and_country summed across EDGAR substances by sector.,"Substances: CO2, GWP_100_AR5_CH4, GWP_100_AR5_F-gases, GWP_100_AR5_N2O"
2021,26.869913208145523,MtCO2e,Viet Nam,Fuel Exploitation,EDGAR,,Historical,GHG_by_sector_and_country summed across EDGAR substances by sector.,"Substances: CO2, GWP_100_AR5_CH4, GWP_100_AR5_F-gases, GWP_100_AR5_N2O"
2022,26.607146020439497,MtCO2e,Viet Nam,Fuel Exploitation,EDGAR,,Historical,GHG_by_sector_and_country summed across EDGAR substances by sector.,"Substances: CO2, GWP_100_AR5_CH4, GWP_100_AR5_F-gases, GWP_100_AR5_N2O"
2023,26.01880887031041,MtCO2e,Viet Nam,Fuel Exploitation,EDGAR,,Historical,GHG_by_sector_and_country summed across EDGAR substances by sector.,"Substances: CO2, GWP_100_AR5_CH4, GWP_100_AR5_F-gases, GWP_100_AR5_N2O"
1970,0.15919118029999998,MtCO2e,Viet Nam,Industrial Combustion,EDGAR,,Historical,GHG_by_sector_and_country summed across EDGAR substances by sector.,"Substances: CO2, GWP_100_AR5_CH4, GWP_100_AR5_F-gases, GWP_100_AR5_N2O"
1971,0.15919118029999998,MtCO2e,Viet Nam,Industrial Combustion,EDGAR,,Historical,GHG_by_sector_and_country summed across EDGAR substances by sector.,"Substances: CO2, GWP_100_AR5_CH4, GWP_100_AR5_F-gases, GWP_100_AR5_N2O"
1972,0.16270048029999998,MtCO2e,Viet Nam,Industrial Combustion,EDGAR,,Historical,GHG_by_sector_and_country summed across EDGAR substances by sector.,"Substances: CO2, GWP_100_AR5_CH4, GWP_100_AR5_F-gases, GWP_100_AR5_N2O"
1973,0.1663256803,MtCO2e,Viet Nam,Industrial Combustion,EDGAR,,Historical,GHG_by_sector_and_country summed across EDGAR substances by sector.,"Substances: CO2, GWP_100_AR5_CH4, GWP_100_AR5_F-gases, GWP_100_AR5_N2O"
1974,0.1671776808,MtCO2e,Viet Nam,Industrial Combustion,EDGAR,,Historical,GHG_by_sector_and_country summed across EDGAR substances by sector.,"Substances: CO2, GWP_100_AR5_CH4, GWP_100_AR5_F-gases, GWP_100_AR5_N2O"
1975,0.1996545333,MtCO2e,Viet Nam,Industrial Combustion,EDGAR,,Historical,GHG_by_sector_and_country summed across EDGAR substances by sector.,"Substances: CO2, GWP_100_AR5_CH4, GWP_100_AR5_F-gases, GWP_100_AR5_N2O"
1976,0.2953012898,MtCO2e,Viet Nam,Industrial Combustion,EDGAR,,Historical,GHG_by_sector_and_country summed across EDGAR substances by sector.,"Substances: CO2, GWP_100_AR5_CH4, GWP_100_AR5_F-gases, GWP_100_AR5_N2O"
1977,0.2389078853,MtCO2e,Viet Nam,Industrial Combustion,EDGAR,,Historical,GHG_by_sector_and_country summed across EDGAR substances by sector.,"Substances: CO2, GWP_100_AR5_CH4, GWP_100_AR5_F-gases, GWP_100_AR5_N2O"
1978,0.2631598938,MtCO2e,Viet Nam,Industrial Combustion,EDGAR,,Historical,GHG_by_sector_and_country summed across EDGAR substances by sector.,"Substances: CO2, GWP_100_AR5_CH4, GWP_100_AR5_F-gases, GWP_100_AR5_N2O"
1979,0.2008731843,MtCO2e,Viet Nam,Industrial Combustion,EDGAR,,Historical,GHG_by_sector_and_country summed across EDGAR substances by sector.,"Substances: CO2, GWP_100_AR5_CH4, GWP_100_AR5_F-gases, GWP_100_AR5_N2O"
1980,5.511132330810001,MtCO2e,Viet Nam,Industrial Combustion,EDGAR,,Historical,GHG_by_sector_and_country summed across EDGAR substances by sector.,"Substances: CO2, GWP_100_AR5_CH4, GWP_100_AR5_F-gases, GWP_100_AR5_N2O"
1981,5.4141898622,MtCO2e,Viet Nam,Industrial Combustion,EDGAR,,Historical,GHG_by_sector_and_country summed across EDGAR substances by sector.,"Substances: CO2, GWP_100_AR5_CH4, GWP_100_AR5_F-gases, GWP_100_AR5_N2O"
1982,5.964663896795001,MtCO2e,Viet Nam,Industrial Combustion,EDGAR,,Historical,GHG_by_sector_and_country summed across EDGAR substances by sector.,"Substances: CO2, GWP_100_AR5_CH4, GWP_100_AR5_F-gases, GWP_100_AR5_N2O"
1983,6.8139171035,MtCO2e,Viet Nam,Industrial Combustion,EDGAR,,Historical,GHG_by_sector_and_country summed across EDGAR substances by sector.,"Substances: CO2, GWP_100_AR5_CH4, GWP_100_AR5_F-gases, GWP_100_AR5_N2O"
1984,7.50320957898,MtCO2e,Viet Nam,Industrial Combustion,EDGAR,,Historical,GHG_by_sector_and_country summed across EDGAR substances by sector.,"Substances: CO2, GWP_100_AR5_CH4, GWP_100_AR5_F-gases, GWP_100_AR5_N2O"
1985,7.453948945800001,MtCO2e,Viet Nam,Industrial Combustion,EDGAR,,Historical,GHG_by_sector_and_country summed across EDGAR substances by sector.,"Substances: CO2, GWP_100_AR5_CH4, GWP_100_AR5_F-gases, GWP_100_AR5_N2O"
1986,8.155701507489999,MtCO2e,Viet Nam,Industrial Combustion,EDGAR,,Historical,GHG_by_sector_and_country summed across EDGAR substances by sector.,"Substances: CO2, GWP_100_AR5_CH4, GWP_100_AR5_F-gases, GWP_100_AR5_N2O"
1987,8.881153373550001,MtCO2e,Viet Nam,Industrial Combustion,EDGAR,,Historical,GHG_by_sector_and_country summed across EDGAR substances by sector.,"Substances: CO2, GWP_100_AR5_CH4, GWP_100_AR5_F-gases, GWP_100_AR5_N2O"
1988,6.840194754615,MtCO2e,Viet Nam,Industrial Combustion,EDGAR,,Historical,GHG_by_sector_and_country summed across EDGAR substances by sector.,"Substances: CO2, GWP_100_AR5_CH4, GWP_100_AR5_F-gases, GWP_100_AR5_N2O"
1989,6.48399335481,MtCO2e,Viet Nam,Industrial Combustion,EDGAR,,Historical,GHG_by_sector_and_country summed across EDGAR substances by sector.,"Substances: CO2, GWP_100_AR5_CH4, GWP_100_AR5_F-gases, GWP_100_AR5_N2O"
1990,5.926389153544999,MtCO2e,Viet Nam,Industrial Combustion,EDGAR,,Historical,GHG_by_sector_and_country summed across EDGAR substances by sector.,"Substances: CO2, GWP_100_AR5_CH4, GWP_100_AR5_F-gases, GWP_100_AR5_N2O"
1991,6.526563017825,MtCO2e,Viet Nam,Industrial Combustion,EDGAR,,Historical,GHG_by_sector_and_country summed across EDGAR substances by sector.,"Substances: CO2, GWP_100_AR5_CH4, GWP_100_AR5_F-gases, GWP_100_AR5_N2O"
1992,7.049685484385001,MtCO2e,Viet Nam,Industrial Combustion,EDGAR,,Historical,GHG_by_sector_and_country summed across EDGAR substances by sector.,"Substances: CO2, GWP_100_AR5_CH4, GWP_100_AR5_F-gases, GWP_100_AR5_N2O"
1993,7.50629222864,MtCO2e,Viet Nam,Industrial Combustion,EDGAR,,Historical,GHG_by_sector_and_country summed across EDGAR substances by sector.,"Substances: CO2, GWP_100_AR5_CH4, GWP_100_AR5_F-gases, GWP_100_AR5_N2O"
1994,7.666401529695,MtCO2e,Viet Nam,Industrial Combustion,EDGAR,,Historical,GHG_by_sector_and_country summed across EDGAR substances by sector.,"Substances: CO2, GWP_100_AR5_CH4, GWP_100_AR5_F-gases, GWP_100_AR5_N2O"
1995,10.739324396085,MtCO2e,Viet Nam,Industrial Combustion,EDGAR,,Historical,GHG_by_sector_and_country summed across EDGAR substances by sector.,"Substances: CO2, GWP_100_AR5_CH4, GWP_100_AR5_F-gases, GWP_100_AR5_N2O"
1996,11.305754728224999,MtCO2e,Viet Nam,Industrial Combustion,EDGAR,,Historical,GHG_by_sector_and_country summed across EDGAR substances by sector.,"Substances: CO2, GWP_100_AR5_CH4, GWP_100_AR5_F-gases, GWP_100_AR5_N2O"
1997,13.51268398737,MtCO2e,Viet Nam,Industrial Combustion,EDGAR,,Historical,GHG_by_sector_and_country summed across EDGAR substances by sector.,"Substances: CO2, GWP_100_AR5_CH4, GWP_100_AR5_F-gases, GWP_100_AR5_N2O"
1998,14.043043593255,MtCO2e,Viet Nam,Industrial Combustion,EDGAR,,Historical,GHG_by_sector_and_country summed across EDGAR substances by sector.,"Substances: CO2, GWP_100_AR5_CH4, GWP_100_AR5_F-gases, GWP_100_AR5_N2O"
1999,14.095614670905,MtCO2e,Viet Nam,Industrial Combustion,EDGAR,,Historical,GHG_by_sector_and_country summed across EDGAR substances by sector.,"Substances: CO2, GWP_100_AR5_CH4, GWP_100_AR5_F-gases, GWP_100_AR5_N2O"
2000,14.79521113345,MtCO2e,Viet Nam,Industrial Combustion,EDGAR,,Historical,GHG_by_sector_and_country summed across EDGAR substances by sector.,"Substances: CO2, GWP_100_AR5_CH4, GWP_100_AR5_F-gases, GWP_100_AR5_N2O"
2001,16.810425863979997,MtCO2e,Viet Nam,Industrial Combustion,EDGAR,,Historical,GHG_by_sector_and_country summed across EDGAR substances by sector.,"Substances: CO2, GWP_100_AR5_CH4, GWP_100_AR5_F-gases, GWP_100_AR5_N2O"
2002,18.70821917053,MtCO2e,Viet Nam,Industrial Combustion,EDGAR,,Historical,GHG_by_sector_and_country summed across EDGAR substances by sector.,"Substances: CO2, GWP_100_AR5_CH4, GWP_100_AR5_F-gases, GWP_100_AR5_N2O"
2003,19.996187700165,MtCO2e,Viet Nam,Industrial Combustion,EDGAR,,Historical,GHG_by_sector_and_country summed across EDGAR substances by sector.,"Substances: CO2, GWP_100_AR5_CH4, GWP_100_AR5_F-gases, GWP_100_AR5_N2O"
2004,23.177940149679998,MtCO2e,Viet Nam,Industrial Combustion,EDGAR,,Historical,GHG_by_sector_and_country summed across EDGAR substances by sector.,"Substances: CO2, GWP_100_AR5_CH4, GWP_100_AR5_F-gases, GWP_100_AR5_N2O"
2005,24.44591181192,MtCO2e,Viet Nam,Industrial Combustion,EDGAR,,Historical,GHG_by_sector_and_country summed across EDGAR substances by sector.,"Substances: CO2, GWP_100_AR5_CH4, GWP_100_AR5_F-gases, GWP_100_AR5_N2O"
2006,24.545450527099998,MtCO2e,Viet Nam,Industrial Combustion,EDGAR,,Historical,GHG_by_sector_and_country summed across EDGAR substances by sector.,"Substances: CO2, GWP_100_AR5_CH4, GWP_100_AR5_F-gases, GWP_100_AR5_N2O"
2007,27.26471920116091,MtCO2e,Viet Nam,Industrial Combustion,EDGAR,,Historical,GHG_by_sector_and_country summed across EDGAR substances by sector.,"Substances: CO2, GWP_100_AR5_CH4, GWP_100_AR5_F-gases, GWP_100_AR5_N2O"
2008,35.803837286815,MtCO2e,Viet Nam,Industrial Combustion,EDGAR,,Historical,GHG_by_sector_and_country summed across EDGAR substances by sector.,"Substances: CO2, GWP_100_AR5_CH4, GWP_100_AR5_F-gases, GWP_100_AR5_N2O"
2009,39.414787383782155,MtCO2e,Viet Nam,Industrial Combustion,EDGAR,,Historical,GHG_by_sector_and_country summed across EDGAR substances by sector.,"Substances: CO2, GWP_100_AR5_CH4, GWP_100_AR5_F-gases, GWP_100_AR5_N2O"
2010,42.0459172879024,MtCO2e,Viet Nam,Industrial Combustion,EDGAR,,Historical,GHG_by_sector_and_country summed across EDGAR substances by sector.,"Substances: CO2, GWP_100_AR5_CH4, GWP_100_AR5_F-gases, GWP_100_AR5_N2O"
2011,43.82265455293465,MtCO2e,Viet Nam,Industrial Combustion,EDGAR,,Historical,GHG_by_sector_and_country summed across EDGAR substances by sector.,"Substances: CO2, GWP_100_AR5_CH4, GWP_100_AR5_F-gases, GWP_100_AR5_N2O"
2012,43.24786674582174,MtCO2e,Viet Nam,Industrial Combustion,EDGAR,,Historical,GHG_by_sector_and_country summed across EDGAR substances by sector.,"Substances: CO2, GWP_100_AR5_CH4, GWP_100_AR5_F-gases, GWP_100_AR5_N2O"
2013,46.53316974664427,MtCO2e,Viet Nam,Industrial Combustion,EDGAR,,Historical,GHG_by_sector_and_country summed across EDGAR substances by sector.,"Substances: CO2, GWP_100_AR5_CH4, GWP_100_AR5_F-gases, GWP_100_AR5_N2O"
2014,51.726648441205995,MtCO2e,Viet Nam,Industrial Combustion,EDGAR,,Historical,GHG_by_sector_and_country summed across EDGAR substances by sector.,"Substances: CO2, GWP_100_AR5_CH4, GWP_100_AR5_F-gases, GWP_100_AR5_N2O"
2015,33.782669998279,MtCO2e,Viet Nam,Industrial Combustion,EDGAR,,Historical,GHG_by_sector_and_country summed across EDGAR substances by sector.,"Substances: CO2, GWP_100_AR5_CH4, GWP_100_AR5_F-gases, GWP_100_AR5_N2O"
2016,36.679573074881745,MtCO2e,Viet Nam,Industrial Combustion,EDGAR,,Historical,GHG_by_sector_and_country summed across EDGAR substances by sector.,"Substances: CO2, GWP_100_AR5_CH4, GWP_100_AR5_F-gases, GWP_100_AR5_N2O"
2017,38.4631955972787,MtCO2e,Viet Nam,Industrial Combustion,EDGAR,,Historical,GHG_by_sector_and_country summed across EDGAR substances by sector.,"Substances: CO2, GWP_100_AR5_CH4, GWP_100_AR5_F-gases, GWP_100_AR5_N2O"
2018,60.79546312654992,MtCO2e,Viet Nam,Industrial Combustion,EDGAR,,Historical,GHG_by_sector_and_country summed across EDGAR substances by sector.,"Substances: CO2, GWP_100_AR5_CH4, GWP_100_AR5_F-gases, GWP_100_AR5_N2O"
2019,74.80407892676226,MtCO2e,Viet Nam,Industrial Combustion,EDGAR,,Historical,GHG_by_sector_and_country summed across EDGAR substances by sector.,"Substances: CO2, GWP_100_AR5_CH4, GWP_100_AR5_F-gases, GWP_100_AR5_N2O"
2020,96.4824396608013,MtCO2e,Viet Nam,Industrial Combustion,EDGAR,,Historical,GHG_by_sector_and_country summed across EDGAR substances by sector.,"Substances: CO2, GWP_100_AR5_CH4, GWP_100_AR5_F-gases, GWP_100_AR5_N2O"
2021,96.9717483164747,MtCO2e,Viet Nam,Industrial Combustion,EDGAR,,Historical,GHG_by_sector_and_country summed across EDGAR substances by sector.,"Substances: CO2, GWP_100_AR5_CH4, GWP_100_AR5_F-gases, GWP_100_AR5_N2O"
2022,89.5909787411601,MtCO2e,Viet Nam,Industrial Combustion,EDGAR,,Historical,GHG_by_sector_and_country summed across EDGAR substances by sector.,"Substances: CO2, GWP_100_AR5_CH4, GWP_100_AR5_F-gases, GWP_100_AR5_N2O"
2023,108.24818497659118,MtCO2e,Viet Nam,Industrial Combustion,EDGAR,,Historical,GHG_by_sector_and_country summed across EDGAR substances by sector.,"Substances: CO2, GWP_100_AR5_CH4, GWP_100_AR5_F-gases, GWP_100_AR5_N2O"
1970,1.948303440618,MtCO2e,Viet Nam,Power Industry,EDGAR,,Historical,GHG_by_sector_and_country summed across EDGAR substances by sector.,"Substances: CO2, GWP_100_AR5_CH4, GWP_100_AR5_F-gases, GWP_100_AR5_N2O"
1971,1.948303440618,MtCO2e,Viet Nam,Power Industry,EDGAR,,Historical,GHG_by_sector_and_country summed across EDGAR substances by sector.,"Substances: CO2, GWP_100_AR5_CH4, GWP_100_AR5_F-gases, GWP_100_AR5_N2O"
1972,2.0547432265299,MtCO2e,Viet Nam,Power Industry,EDGAR,,Historical,GHG_by_sector_and_country summed across EDGAR substances by sector.,"Substances: CO2, GWP_100_AR5_CH4, GWP_100_AR5_F-gases, GWP_100_AR5_N2O"
1973,2.23060000667,MtCO2e,Viet Nam,Power Industry,EDGAR,,Historical,GHG_by_sector_and_country summed across EDGAR substances by sector.,"Substances: CO2, GWP_100_AR5_CH4, GWP_100_AR5_F-gases, GWP_100_AR5_N2O"
1974,1.9066530466999998,MtCO2e,Viet Nam,Power Industry,EDGAR,,Historical,GHG_by_sector_and_country summed across EDGAR substances by sector.,"Substances: CO2, GWP_100_AR5_CH4, GWP_100_AR5_F-gases, GWP_100_AR5_N2O"
1975,2.2282857121,MtCO2e,Viet Nam,Power Industry,EDGAR,,Historical,GHG_by_sector_and_country summed across EDGAR substances by sector.,"Substances: CO2, GWP_100_AR5_CH4, GWP_100_AR5_F-gases, GWP_100_AR5_N2O"
1976,2.7743654745499997,MtCO2e,Viet Nam,Power Industry,EDGAR,,Historical,GHG_by_sector_and_country summed across EDGAR substances by sector.,"Substances: CO2, GWP_100_AR5_CH4, GWP_100_AR5_F-gases, GWP_100_AR5_N2O"
1977,3.320446223906,MtCO2e,Viet Nam,Power Industry,EDGAR,,Historical,GHG_by_sector_and_country summed across EDGAR substances by sector.,"Substances: CO2, GWP_100_AR5_CH4, GWP_100_AR5_F-gases, GWP_100_AR5_N2O"
1978,3.2348321284060004,MtCO2e,Viet Nam,Power Industry,EDGAR,,Historical,GHG_by_sector_and_country summed across EDGAR substances by sector.,"Substances: CO2, GWP_100_AR5_CH4, GWP_100_AR5_F-gases, GWP_100_AR5_N2O"
1979,3.003442147646,MtCO2e,Viet Nam,Power Industry,EDGAR,,Historical,GHG_by_sector_and_country summed across EDGAR substances by sector.,"Substances: CO2, GWP_100_AR5_CH4, GWP_100_AR5_F-gases, GWP_100_AR5_N2O"
1980,3.7282397652075208,MtCO2e,Viet Nam,Power Industry,EDGAR,,Historical,GHG_by_sector_and_country summed across EDGAR substances by sector.,"Substances: CO2, GWP_100_AR5_CH4, GWP_100_AR5_F-gases, GWP_100_AR5_N2O"
1981,3.9209690367267744,MtCO2e,Viet Nam,Power Industry,EDGAR,,Historical,GHG_by_sector_and_country summed across EDGAR substances by sector.,"Substances: CO2, GWP_100_AR5_CH4, GWP_100_AR5_F-gases, GWP_100_AR5_N2O"
1982,4.139591085818239,MtCO2e,Viet Nam,Power Industry,EDGAR,,Historical,GHG_by_sector_and_country summed across EDGAR substances by sector.,"Substances: CO2, GWP_100_AR5_CH4, GWP_100_AR5_F-gases, GWP_100_AR5_N2O"
1983,4.787030916177143,MtCO2e,Viet Nam,Power Industry,EDGAR,,Historical,GHG_by_sector_and_country summed across EDGAR substances by sector.,"Substances: CO2, GWP_100_AR5_CH4, GWP_100_AR5_F-gases, GWP_100_AR5_N2O"
1984,5.18124162900385,MtCO2e,Viet Nam,Power Industry,EDGAR,,Historical,GHG_by_sector_and_country summed across EDGAR substances by sector.,"Substances: CO2, GWP_100_AR5_CH4, GWP_100_AR5_F-gases, GWP_100_AR5_N2O"
1985,5.316697211666608,MtCO2e,Viet Nam,Power Industry,EDGAR,,Historical,GHG_by_sector_and_country summed across EDGAR substances by sector.,"Substances: CO2, GWP_100_AR5_CH4, GWP_100_AR5_F-gases, GWP_100_AR5_N2O"
1986,5.879147031809647,MtCO2e,Viet Nam,Power Industry,EDGAR,,Historical,GHG_by_sector_and_country summed across EDGAR substances by sector.,"Substances: CO2, GWP_100_AR5_CH4, GWP_100_AR5_F-gases, GWP_100_AR5_N2O"
1987,6.654257200048934,MtCO2e,Viet Nam,Power Industry,EDGAR,,Historical,GHG_by_sector_and_country summed across EDGAR substances by sector.,"Substances: CO2, GWP_100_AR5_CH4, GWP_100_AR5_F-gases, GWP_100_AR5_N2O"
1988,8.123644953230169,MtCO2e,Viet Nam,Power Industry,EDGAR,,Historical,GHG_by_sector_and_country summed across EDGAR substances by sector.,"Substances: CO2, GWP_100_AR5_CH4, GWP_100_AR5_F-gases, GWP_100_AR5_N2O"
1989,5.6473097164739485,MtCO2e,Viet Nam,Power Industry,EDGAR,,Historical,GHG_by_sector_and_country summed across EDGAR substances by sector.,"Substances: CO2, GWP_100_AR5_CH4, GWP_100_AR5_F-gases, GWP_100_AR5_N2O"
1990,4.8974653128431545,MtCO2e,Viet Nam,Power Industry,EDGAR,,Historical,GHG_by_sector_and_country summed across EDGAR substances by sector.,"Substances: CO2, GWP_100_AR5_CH4, GWP_100_AR5_F-gases, GWP_100_AR5_N2O"
1991,3.6444837414091453,MtCO2e,Viet Nam,Power Industry,EDGAR,,Historical,GHG_by_sector_and_country summed across EDGAR substances by sector.,"Substances: CO2, GWP_100_AR5_CH4, GWP_100_AR5_F-gases, GWP_100_AR5_N2O"
1992,3.0555137295675574,MtCO2e,Viet Nam,Power Industry,EDGAR,,Historical,GHG_by_sector_and_country summed across EDGAR substances by sector.,"Substances: CO2, GWP_100_AR5_CH4, GWP_100_AR5_F-gases, GWP_100_AR5_N2O"
1993,2.792888178608956,MtCO2e,Viet Nam,Power Industry,EDGAR,,Historical,GHG_by_sector_and_country summed across EDGAR substances by sector.,"Substances: CO2, GWP_100_AR5_CH4, GWP_100_AR5_F-gases, GWP_100_AR5_N2O"
1994,3.7323776608355343,MtCO2e,Viet Nam,Power Industry,EDGAR,,Historical,GHG_by_sector_and_country summed across EDGAR substances by sector.,"Substances: CO2, GWP_100_AR5_CH4, GWP_100_AR5_F-gases, GWP_100_AR5_N2O"
1995,4.502572652361805,MtCO2e,Viet Nam,Power Industry,EDGAR,,Historical,GHG_by_sector_and_country summed across EDGAR substances by sector.,"Substances: CO2, GWP_100_AR5_CH4, GWP_100_AR5_F-gases, GWP_100_AR5_N2O"
1996,5.647913125219672,MtCO2e,Viet Nam,Power Industry,EDGAR,,Historical,GHG_by_sector_and_country summed across EDGAR substances by sector.,"Substances: CO2, GWP_100_AR5_CH4, GWP_100_AR5_F-gases, GWP_100_AR5_N2O"
1997,8.152957442457945,MtCO2e,Viet Nam,Power Industry,EDGAR,,Historical,GHG_by_sector_and_country summed across EDGAR substances by sector.,"Substances: CO2, GWP_100_AR5_CH4, GWP_100_AR5_F-gases, GWP_100_AR5_N2O"
1998,10.519612520584182,MtCO2e,Viet Nam,Power Industry,EDGAR,,Historical,GHG_by_sector_and_country summed across EDGAR substances by sector.,"Substances: CO2, GWP_100_AR5_CH4, GWP_100_AR5_F-gases, GWP_100_AR5_N2O"
1999,9.665750800605426,MtCO2e,Viet Nam,Power Industry,EDGAR,,Historical,GHG_by_sector_and_country summed across EDGAR substances by sector.,"Substances: CO2, GWP_100_AR5_CH4, GWP_100_AR5_F-gases, GWP_100_AR5_N2O"
2000,11.530203165651562,MtCO2e,Viet Nam,Power Industry,EDGAR,,Historical,GHG_by_sector_and_country summed across EDGAR substances by sector.,"Substances: CO2, GWP_100_AR5_CH4, GWP_100_AR5_F-gases, GWP_100_AR5_N2O"
2001,12.406830280074896,MtCO2e,Viet Nam,Power Industry,EDGAR,,Historical,GHG_by_sector_and_country summed across EDGAR substances by sector.,"Substances: CO2, GWP_100_AR5_CH4, GWP_100_AR5_F-gases, GWP_100_AR5_N2O"
2002,15.628556927262737,MtCO2e,Viet Nam,Power Industry,EDGAR,,Historical,GHG_by_sector_and_country summed across EDGAR substances by sector.,"Substances: CO2, GWP_100_AR5_CH4, GWP_100_AR5_F-gases, GWP_100_AR5_N2O"
2003,15.844519809249785,MtCO2e,Viet Nam,Power Industry,EDGAR,,Historical,GHG_by_sector_and_country summed across EDGAR substances by sector.,"Substances: CO2, GWP_100_AR5_CH4, GWP_100_AR5_F-gases, GWP_100_AR5_N2O"
2004,20.59374736852592,MtCO2e,Viet Nam,Power Industry,EDGAR,,Historical,GHG_by_sector_and_country summed across EDGAR substances by sector.,"Substances: CO2, GWP_100_AR5_CH4, GWP_100_AR5_F-gases, GWP_100_AR5_N2O"
2005,24.36197580473267,MtCO2e,Viet Nam,Power Industry,EDGAR,,Historical,GHG_by_sector_and_country summed across EDGAR substances by sector.,"Substances: CO2, GWP_100_AR5_CH4, GWP_100_AR5_F-gases, GWP_100_AR5_N2O"
2006,26.8963964023305,MtCO2e,Viet Nam,Power Industry,EDGAR,,Historical,GHG_by_sector_and_country summed across EDGAR substances by sector.,"Substances: CO2, GWP_100_AR5_CH4, GWP_100_AR5_F-gases, GWP_100_AR5_N2O"
2007,29.1441272256193,MtCO2e,Viet Nam,Power Industry,EDGAR,,Historical,GHG_by_sector_and_country summed across EDGAR substances by sector.,"Substances: CO2, GWP_100_AR5_CH4, GWP_100_AR5_F-gases, GWP_100_AR5_N2O"
2008,30.404476325101122,MtCO2e,Viet Nam,Power Industry,EDGAR,,Historical,GHG_by_sector_and_country summed across EDGAR substances by sector.,"Substances: CO2, GWP_100_AR5_CH4, GWP_100_AR5_F-gases, GWP_100_AR5_N2O"
2009,32.69800059979177,MtCO2e,Viet Nam,Power Industry,EDGAR,,Historical,GHG_by_sector_and_country summed across EDGAR substances by sector.,"Substances: CO2, GWP_100_AR5_CH4, GWP_100_AR5_F-gases, GWP_100_AR5_N2O"
2010,41.8776590204109,MtCO2e,Viet Nam,Power Industry,EDGAR,,Historical,GHG_by_sector_and_country summed across EDGAR substances by sector.,"Substances: CO2, GWP_100_AR5_CH4, GWP_100_AR5_F-gases, GWP_100_AR5_N2O"
2011,41.21636886657274,MtCO2e,Viet Nam,Power Industry,EDGAR,,Historical,GHG_by_sector_and_country summed across EDGAR substances by sector.,"Substances: CO2, GWP_100_AR5_CH4, GWP_100_AR5_F-gases, GWP_100_AR5_N2O"
2012,42.812958491871385,MtCO2e,Viet Nam,Power Industry,EDGAR,,Historical,GHG_by_sector_and_country summed across EDGAR substances by sector.,"Substances: CO2, GWP_100_AR5_CH4, GWP_100_AR5_F-gases, GWP_100_AR5_N2O"
2013,45.78428200910211,MtCO2e,Viet Nam,Power Industry,EDGAR,,Historical,GHG_by_sector_and_country summed across EDGAR substances by sector.,"Substances: CO2, GWP_100_AR5_CH4, GWP_100_AR5_F-gases, GWP_100_AR5_N2O"
2014,54.16905566784045,MtCO2e,Viet Nam,Power Industry,EDGAR,,Historical,GHG_by_sector_and_country summed across EDGAR substances by sector.,"Substances: CO2, GWP_100_AR5_CH4, GWP_100_AR5_F-gases, GWP_100_AR5_N2O"
2015,86.57836020167173,MtCO2e,Viet Nam,Power Industry,EDGAR,,Historical,GHG_by_sector_and_country summed across EDGAR substances by sector.,"Substances: CO2, GWP_100_AR5_CH4, GWP_100_AR5_F-gases, GWP_100_AR5_N2O"
2016,100.43484322803121,MtCO2e,Viet Nam,Power Industry,EDGAR,,Historical,GHG_by_sector_and_country summed across EDGAR substances by sector.,"Substances: CO2, GWP_100_AR5_CH4, GWP_100_AR5_F-gases, GWP_100_AR5_N2O"
2017,96.29173072407612,MtCO2e,Viet Nam,Power Industry,EDGAR,,Historical,GHG_by_sector_and_country summed across EDGAR substances by sector.,"Substances: CO2, GWP_100_AR5_CH4, GWP_100_AR5_F-gases, GWP_100_AR5_N2O"
2018,124.17042785117833,MtCO2e,Viet Nam,Power Industry,EDGAR,,Historical,GHG_by_sector_and_country summed across EDGAR substances by sector.,"Substances: CO2, GWP_100_AR5_CH4, GWP_100_AR5_F-gases, GWP_100_AR5_N2O"
2019,158.3364526233684,MtCO2e,Viet Nam,Power Industry,EDGAR,,Historical,GHG_by_sector_and_country summed across EDGAR substances by sector.,"Substances: CO2, GWP_100_AR5_CH4, GWP_100_AR5_F-gases, GWP_100_AR5_N2O"
2020,155.1451530954113,MtCO2e,Viet Nam,Power Industry,EDGAR,,Historical,GHG_by_sector_and_country summed across EDGAR substances by sector.,"Substances: CO2, GWP_100_AR5_CH4, GWP_100_AR5_F-gases, GWP_100_AR5_N2O"
2021,146.2614896858169,MtCO2e,Viet Nam,Power Industry,EDGAR,,Historical,GHG_by_sector_and_country summed across EDGAR substances by sector.,"Substances: CO2, GWP_100_AR5_CH4, GWP_100_AR5_F-gases, GWP_100_AR5_N2O"
2022,131.38280612507506,MtCO2e,Viet Nam,Power Industry,EDGAR,,Historical,GHG_by_sector_and_country summed across EDGAR substances by sector.,"Substances: CO2, GWP_100_AR5_CH4, GWP_100_AR5_F-gases, GWP_100_AR5_N2O"
2023,159.54408482584088,MtCO2e,Viet Nam,Power Industry,EDGAR,,Historical,GHG_by_sector_and_country summed across EDGAR substances by sector.,"Substances: CO2, GWP_100_AR5_CH4, GWP_100_AR5_F-gases, GWP_100_AR5_N2O"
1970,1.03537828263745,MtCO2e,Viet Nam,Processes,EDGAR,,Historical,GHG_by_sector_and_country summed across EDGAR substances by sector.,"Substances: CO2, GWP_100_AR5_CH4, GWP_100_AR5_F-gases, GWP_100_AR5_N2O"
1971,1.05039566665961,MtCO2e,Viet Nam,Processes,EDGAR,,Historical,GHG_by_sector_and_country summed across EDGAR substances by sector.,"Substances: CO2, GWP_100_AR5_CH4, GWP_100_AR5_F-gases, GWP_100_AR5_N2O"
1972,0.95015194573366,MtCO2e,Viet Nam,Processes,EDGAR,,Historical,GHG_by_sector_and_country summed across EDGAR substances by sector.,"Substances: CO2, GWP_100_AR5_CH4, GWP_100_AR5_F-gases, GWP_100_AR5_N2O"
1973,1.12329182618266,MtCO2e,Viet Nam,Processes,EDGAR,,Historical,GHG_by_sector_and_country summed across EDGAR substances by sector.,"Substances: CO2, GWP_100_AR5_CH4, GWP_100_AR5_F-gases, GWP_100_AR5_N2O"
1974,1.11690215627638,MtCO2e,Viet Nam,Processes,EDGAR,,Historical,GHG_by_sector_and_country summed across EDGAR substances by sector.,"Substances: CO2, GWP_100_AR5_CH4, GWP_100_AR5_F-gases, GWP_100_AR5_N2O"
1975,1.07790493263359,MtCO2e,Viet Nam,Processes,EDGAR,,Historical,GHG_by_sector_and_country summed across EDGAR substances by sector.,"Substances: CO2, GWP_100_AR5_CH4, GWP_100_AR5_F-gases, GWP_100_AR5_N2O"
1976,1.18771726648328,MtCO2e,Viet Nam,Processes,EDGAR,,Historical,GHG_by_sector_and_country summed across EDGAR substances by sector.,"Substances: CO2, GWP_100_AR5_CH4, GWP_100_AR5_F-gases, GWP_100_AR5_N2O"
1977,1.29885960857212,MtCO2e,Viet Nam,Processes,EDGAR,,Historical,GHG_by_sector_and_country summed across EDGAR substances by sector.,"Substances: CO2, GWP_100_AR5_CH4, GWP_100_AR5_F-gases, GWP_100_AR5_N2O"
1978,1.3458096586449502,MtCO2e,Viet Nam,Processes,EDGAR,,Historical,GHG_by_sector_and_country summed across EDGAR substances by sector.,"Substances: CO2, GWP_100_AR5_CH4, GWP_100_AR5_F-gases, GWP_100_AR5_N2O"
1979,1.31130308667048,MtCO2e,Viet Nam,Processes,EDGAR,,Historical,GHG_by_sector_and_country summed across EDGAR substances by sector.,"Substances: CO2, GWP_100_AR5_CH4, GWP_100_AR5_F-gases, GWP_100_AR5_N2O"
1980,1.36247032510437,MtCO2e,Viet Nam,Processes,EDGAR,,Historical,GHG_by_sector_and_country summed across EDGAR substances by sector.,"Substances: CO2, GWP_100_AR5_CH4, GWP_100_AR5_F-gases, GWP_100_AR5_N2O"
1981,1.33897645557809,MtCO2e,Viet Nam,Processes,EDGAR,,Historical,GHG_by_sector_and_country summed across EDGAR substances by sector.,"Substances: CO2, GWP_100_AR5_CH4, GWP_100_AR5_F-gases, GWP_100_AR5_N2O"
1982,1.46721503347603,MtCO2e,Viet Nam,Processes,EDGAR,,Historical,GHG_by_sector_and_country summed across EDGAR substances by sector.,"Substances: CO2, GWP_100_AR5_CH4, GWP_100_AR5_F-gases, GWP_100_AR5_N2O"
1983,1.5992884284070499,MtCO2e,Viet Nam,Processes,EDGAR,,Historical,GHG_by_sector_and_country summed across EDGAR substances by sector.,"Substances: CO2, GWP_100_AR5_CH4, GWP_100_AR5_F-gases, GWP_100_AR5_N2O"
1984,1.83689756046892,MtCO2e,Viet Nam,Processes,EDGAR,,Historical,GHG_by_sector_and_country summed across EDGAR substances by sector.,"Substances: CO2, GWP_100_AR5_CH4, GWP_100_AR5_F-gases, GWP_100_AR5_N2O"
1985,1.9866163286061,MtCO2e,Viet Nam,Processes,EDGAR,,Historical,GHG_by_sector_and_country summed across EDGAR substances by sector.,"Substances: CO2, GWP_100_AR5_CH4, GWP_100_AR5_F-gases, GWP_100_AR5_N2O"
1986,2.11887913427773,MtCO2e,Viet Nam,Processes,EDGAR,,Historical,GHG_by_sector_and_country summed across EDGAR substances by sector.,"Substances: CO2, GWP_100_AR5_CH4, GWP_100_AR5_F-gases, GWP_100_AR5_N2O"
1987,2.22972325432984,MtCO2e,Viet Nam,Processes,EDGAR,,Historical,GHG_by_sector_and_country summed across EDGAR substances by sector.,"Substances: CO2, GWP_100_AR5_CH4, GWP_100_AR5_F-gases, GWP_100_AR5_N2O"
1988,2.27950504798733,MtCO2e,Viet Nam,Processes,EDGAR,,Historical,GHG_by_sector_and_country summed across EDGAR substances by sector.,"Substances: CO2, GWP_100_AR5_CH4, GWP_100_AR5_F-gases, GWP_100_AR5_N2O"
1989,2.21602497209414,MtCO2e,Viet Nam,Processes,EDGAR,,Historical,GHG_by_sector_and_country summed across EDGAR substances by sector.,"Substances: CO2, GWP_100_AR5_CH4, GWP_100_AR5_F-gases, GWP_100_AR5_N2O"
1990,2.6488981974671,MtCO2e,Viet Nam,Processes,EDGAR,,Historical,GHG_by_sector_and_country summed across EDGAR substances by sector.,"Substances: CO2, GWP_100_AR5_CH4, GWP_100_AR5_F-gases, GWP_100_AR5_N2O"
1991,2.96093816879143,MtCO2e,Viet Nam,Processes,EDGAR,,Historical,GHG_by_sector_and_country summed across EDGAR substances by sector.,"Substances: CO2, GWP_100_AR5_CH4, GWP_100_AR5_F-gases, GWP_100_AR5_N2O"
1992,3.44784801427957,MtCO2e,Viet Nam,Processes,EDGAR,,Historical,GHG_by_sector_and_country summed across EDGAR substances by sector.,"Substances: CO2, GWP_100_AR5_CH4, GWP_100_AR5_F-gases, GWP_100_AR5_N2O"
1993,3.79251131951087,MtCO2e,Viet Nam,Processes,EDGAR,,Historical,GHG_by_sector_and_country summed across EDGAR substances by sector.,"Substances: CO2, GWP_100_AR5_CH4, GWP_100_AR5_F-gases, GWP_100_AR5_N2O"
1994,4.21600533660943,MtCO2e,Viet Nam,Processes,EDGAR,,Historical,GHG_by_sector_and_country summed across EDGAR substances by sector.,"Substances: CO2, GWP_100_AR5_CH4, GWP_100_AR5_F-gases, GWP_100_AR5_N2O"
1995,4.70833786642644,MtCO2e,Viet Nam,Processes,EDGAR,,Historical,GHG_by_sector_and_country summed across EDGAR substances by sector.,"Substances: CO2, GWP_100_AR5_CH4, GWP_100_AR5_F-gases, GWP_100_AR5_N2O"
1996,5.491518209796641,MtCO2e,Viet Nam,Processes,EDGAR,,Historical,GHG_by_sector_and_country summed across EDGAR substances by sector.,"Substances: CO2, GWP_100_AR5_CH4, GWP_100_AR5_F-gases, GWP_100_AR5_N2O"
1997,6.4703479473292,MtCO2e,Viet Nam,Processes,EDGAR,,Historical,GHG_by_sector_and_country summed across EDGAR substances by sector.,"Substances: CO2, GWP_100_AR5_CH4, GWP_100_AR5_F-gases, GWP_100_AR5_N2O"
1998,7.3636760502417795,MtCO2e,Viet Nam,Processes,EDGAR,,Historical,GHG_by_sector_and_country summed across EDGAR substances by sector.,"Substances: CO2, GWP_100_AR5_CH4, GWP_100_AR5_F-gases, GWP_100_AR5_N2O"
1999,8.0764370472042,MtCO2e,Viet Nam,Processes,EDGAR,,Historical,GHG_by_sector_and_country summed across EDGAR substances by sector.,"Substances: CO2, GWP_100_AR5_CH4, GWP_100_AR5_F-gases, GWP_100_AR5_N2O"
2000,10.08575410231376,MtCO2e,Viet Nam,Processes,EDGAR,,Historical,GHG_by_sector_and_country summed across EDGAR substances by sector.,"Substances: CO2, GWP_100_AR5_CH4, GWP_100_AR5_F-gases, GWP_100_AR5_N2O"
2001,11.697328594106061,MtCO2e,Viet Nam,Processes,EDGAR,,Historical,GHG_by_sector_and_country summed across EDGAR substances by sector.,"Substances: CO2, GWP_100_AR5_CH4, GWP_100_AR5_F-gases, GWP_100_AR5_N2O"
2002,14.52486652990811,MtCO2e,Viet Nam,Processes,EDGAR,,Historical,GHG_by_sector_and_country summed across EDGAR substances by sector.,"Substances: CO2, GWP_100_AR5_CH4, GWP_100_AR5_F-gases, GWP_100_AR5_N2O"
2003,16.20740312769249,MtCO2e,Viet Nam,Processes,EDGAR,,Historical,GHG_by_sector_and_country summed across EDGAR substances by sector.,"Substances: CO2, GWP_100_AR5_CH4, GWP_100_AR5_F-gases, GWP_100_AR5_N2O"
2004,17.2995879451592,MtCO2e,Viet Nam,Processes,EDGAR,,Historical,GHG_by_sector_and_country summed across EDGAR substances by sector.,"Substances: CO2, GWP_100_AR5_CH4, GWP_100_AR5_F-gases, GWP_100_AR5_N2O"
2005,21.00946723898269,MtCO2e,Viet Nam,Processes,EDGAR,,Historical,GHG_by_sector_and_country summed across EDGAR substances by sector.,"Substances: CO2, GWP_100_AR5_CH4, GWP_100_AR5_F-gases, GWP_100_AR5_N2O"
2006,21.662829154658322,MtCO2e,Viet Nam,Processes,EDGAR,,Historical,GHG_by_sector_and_country summed across EDGAR substances by sector.,"Substances: CO2, GWP_100_AR5_CH4, GWP_100_AR5_F-gases, GWP_100_AR5_N2O"
2007,24.24012867493483,MtCO2e,Viet Nam,Processes,EDGAR,,Historical,GHG_by_sector_and_country summed across EDGAR substances by sector.,"Substances: CO2, GWP_100_AR5_CH4, GWP_100_AR5_F-gases, GWP_100_AR5_N2O"
2008,25.147006265083412,MtCO2e,Viet Nam,Processes,EDGAR,,Historical,GHG_by_sector_and_country summed across EDGAR substances by sector.,"Substances: CO2, GWP_100_AR5_CH4, GWP_100_AR5_F-gases, GWP_100_AR5_N2O"
2009,28.8600528626468,MtCO2e,Viet Nam,Processes,EDGAR,,Historical,GHG_by_sector_and_country summed across EDGAR substances by sector.,"Substances: CO2, GWP_100_AR5_CH4, GWP_100_AR5_F-gases, GWP_100_AR5_N2O"
2010,30.421615914829303,MtCO2e,Viet Nam,Processes,EDGAR,,Historical,GHG_by_sector_and_country summed across EDGAR substances by sector.,"Substances: CO2, GWP_100_AR5_CH4, GWP_100_AR5_F-gases, GWP_100_AR5_N2O"
2011,30.4985510231984,MtCO2e,Viet Nam,Processes,EDGAR,,Historical,GHG_by_sector_and_country summed across EDGAR substances by sector.,"Substances: CO2, GWP_100_AR5_CH4, GWP_100_AR5_F-gases, GWP_100_AR5_N2O"
2012,29.7361429655452,MtCO2e,Viet Nam,Processes,EDGAR,,Historical,GHG_by_sector_and_country summed across EDGAR substances by sector.,"Substances: CO2, GWP_100_AR5_CH4, GWP_100_AR5_F-gases, GWP_100_AR5_N2O"
2013,29.9597298244237,MtCO2e,Viet Nam,Processes,EDGAR,,Historical,GHG_by_sector_and_country summed across EDGAR substances by sector.,"Substances: CO2, GWP_100_AR5_CH4, GWP_100_AR5_F-gases, GWP_100_AR5_N2O"
2014,32.2975261043757,MtCO2e,Viet Nam,Processes,EDGAR,,Historical,GHG_by_sector_and_country summed across EDGAR substances by sector.,"Substances: CO2, GWP_100_AR5_CH4, GWP_100_AR5_F-gases, GWP_100_AR5_N2O"
2015,34.579956454725696,MtCO2e,Viet Nam,Processes,EDGAR,,Historical,GHG_by_sector_and_country summed across EDGAR substances by sector.,"Substances: CO2, GWP_100_AR5_CH4, GWP_100_AR5_F-gases, GWP_100_AR5_N2O"
2016,40.2617046954391,MtCO2e,Viet Nam,Processes,EDGAR,,Historical,GHG_by_sector_and_country summed across EDGAR substances by sector.,"Substances: CO2, GWP_100_AR5_CH4, GWP_100_AR5_F-gases, GWP_100_AR5_N2O"
2017,44.691935103226605,MtCO2e,Viet Nam,Processes,EDGAR,,Historical,GHG_by_sector_and_country summed across EDGAR substances by sector.,"Substances: CO2, GWP_100_AR5_CH4, GWP_100_AR5_F-gases, GWP_100_AR5_N2O"
2018,48.6702844613634,MtCO2e,Viet Nam,Processes,EDGAR,,Historical,GHG_by_sector_and_country summed across EDGAR substances by sector.,"Substances: CO2, GWP_100_AR5_CH4, GWP_100_AR5_F-gases, GWP_100_AR5_N2O"
2019,56.0099144552619,MtCO2e,Viet Nam,Processes,EDGAR,,Historical,GHG_by_sector_and_country summed across EDGAR substances by sector.,"Substances: CO2, GWP_100_AR5_CH4, GWP_100_AR5_F-gases, GWP_100_AR5_N2O"
2020,59.4972457311593,MtCO2e,Viet Nam,Processes,EDGAR,,Historical,GHG_by_sector_and_country summed across EDGAR substances by sector.,"Substances: CO2, GWP_100_AR5_CH4, GWP_100_AR5_F-gases, GWP_100_AR5_N2O"
2021,61.8938037075205,MtCO2e,Viet Nam,Processes,EDGAR,,Historical,GHG_by_sector_and_country summed across EDGAR substances by sector.,"Substances: CO2, GWP_100_AR5_CH4, GWP_100_AR5_F-gases, GWP_100_AR5_N2O"
2022,64.3675746290887,MtCO2e,Viet Nam,Processes,EDGAR,,Historical,GHG_by_sector_and_country summed across EDGAR substances by sector.,"Substances: CO2, GWP_100_AR5_CH4, GWP_100_AR5_F-gases, GWP_100_AR5_N2O"
2023,61.3260533856263,MtCO2e,Viet Nam,Processes,EDGAR,,Historical,GHG_by_sector_and_country summed across EDGAR substances by sector.,"Substances: CO2, GWP_100_AR5_CH4, GWP_100_AR5_F-gases, GWP_100_AR5_N2O"
1970,19.43584603256579,MtCO2e,Viet Nam,Subtotal: Energy & Industry,EDGAR,,Historical,"Sum of EDGAR Power Industry, Industrial Combustion, Transport, and Buildings sectors.","Substances: CO2, GWP_100_AR5_CH4, GWP_100_AR5_F-gases, GWP_100_AR5_N2O"
1971,19.439153602138607,MtCO2e,Viet Nam,Subtotal: Energy & Industry,EDGAR,,Historical,"Sum of EDGAR Power Industry, Industrial Combustion, Transport, and Buildings sectors.","Substances: CO2, GWP_100_AR5_CH4, GWP_100_AR5_F-gases, GWP_100_AR5_N2O"
1972,18.94074164597949,MtCO2e,Viet Nam,Subtotal: Energy & Industry,EDGAR,,Historical,"Sum of EDGAR Power Industry, Industrial Combustion, Transport, and Buildings sectors.","Substances: CO2, GWP_100_AR5_CH4, GWP_100_AR5_F-gases, GWP_100_AR5_N2O"
1973,20.925406865580925,MtCO2e,Viet Nam,Subtotal: Energy & Industry,EDGAR,,Historical,"Sum of EDGAR Power Industry, Industrial Combustion, Transport, and Buildings sectors.","Substances: CO2, GWP_100_AR5_CH4, GWP_100_AR5_F-gases, GWP_100_AR5_N2O"
1974,17.95727854059604,MtCO2e,Viet Nam,Subtotal: Energy & Industry,EDGAR,,Historical,"Sum of EDGAR Power Industry, Industrial Combustion, Transport, and Buildings sectors.","Substances: CO2, GWP_100_AR5_CH4, GWP_100_AR5_F-gases, GWP_100_AR5_N2O"
1975,20.907045737734254,MtCO2e,Viet Nam,Subtotal: Energy & Industry,EDGAR,,Historical,"Sum of EDGAR Power Industry, Industrial Combustion, Transport, and Buildings sectors.","Substances: CO2, GWP_100_AR5_CH4, GWP_100_AR5_F-gases, GWP_100_AR5_N2O"
1976,15.601407445906656,MtCO2e,Viet Nam,Subtotal: Energy & Industry,EDGAR,,Historical,"Sum of EDGAR Power Industry, Industrial Combustion, Transport, and Buildings sectors.","Substances: CO2, GWP_100_AR5_CH4, GWP_100_AR5_F-gases, GWP_100_AR5_N2O"
1977,16.71680515949272,MtCO2e,Viet Nam,Subtotal: Energy & Industry,EDGAR,,Historical,"Sum of EDGAR Power Industry, Industrial Combustion, Transport, and Buildings sectors.","Substances: CO2, GWP_100_AR5_CH4, GWP_100_AR5_F-gases, GWP_100_AR5_N2O"
1978,17.015817307354148,MtCO2e,Viet Nam,Subtotal: Energy & Industry,EDGAR,,Historical,"Sum of EDGAR Power Industry, Industrial Combustion, Transport, and Buildings sectors.","Substances: CO2, GWP_100_AR5_CH4, GWP_100_AR5_F-gases, GWP_100_AR5_N2O"
1979,17.92465909953646,MtCO2e,Viet Nam,Subtotal: Energy & Industry,EDGAR,,Historical,"Sum of EDGAR Power Industry, Industrial Combustion, Transport, and Buildings sectors.","Substances: CO2, GWP_100_AR5_CH4, GWP_100_AR5_F-gases, GWP_100_AR5_N2O"
1980,18.26175352852559,MtCO2e,Viet Nam,Subtotal: Energy & Industry,EDGAR,,Historical,"Sum of EDGAR Power Industry, Industrial Combustion, Transport, and Buildings sectors.","Substances: CO2, GWP_100_AR5_CH4, GWP_100_AR5_F-gases, GWP_100_AR5_N2O"
1981,18.798785922576563,MtCO2e,Viet Nam,Subtotal: Energy & Industry,EDGAR,,Historical,"Sum of EDGAR Power Industry, Industrial Combustion, Transport, and Buildings sectors.","Substances: CO2, GWP_100_AR5_CH4, GWP_100_AR5_F-gases, GWP_100_AR5_N2O"
1982,20.051736566989135,MtCO2e,Viet Nam,Subtotal: Energy & Industry,EDGAR,,Historical,"Sum of EDGAR Power Industry, Industrial Combustion, Transport, and Buildings sectors.","Substances: CO2, GWP_100_AR5_CH4, GWP_100_AR5_F-gases, GWP_100_AR5_N2O"
1983,21.107601522065995,MtCO2e,Viet Nam,Subtotal: Energy & Industry,EDGAR,,Historical,"Sum of EDGAR Power Industry, Industrial Combustion, Transport, and Buildings sectors.","Substances: CO2, GWP_100_AR5_CH4, GWP_100_AR5_F-gases, GWP_100_AR5_N2O"
1984,20.96462485942783,MtCO2e,Viet Nam,Subtotal: Energy & Industry,EDGAR,,Historical,"Sum of EDGAR Power Industry, Industrial Combustion, Transport, and Buildings sectors.","Substances: CO2, GWP_100_AR5_CH4, GWP_100_AR5_F-gases, GWP_100_AR5_N2O"
1985,21.016437607244008,MtCO2e,Viet Nam,Subtotal: Energy & Industry,EDGAR,,Historical,"Sum of EDGAR Power Industry, Industrial Combustion, Transport, and Buildings sectors.","Substances: CO2, GWP_100_AR5_CH4, GWP_100_AR5_F-gases, GWP_100_AR5_N2O"
1986,22.797492677910956,MtCO2e,Viet Nam,Subtotal: Energy & Industry,EDGAR,,Historical,"Sum of EDGAR Power Industry, Industrial Combustion, Transport, and Buildings sectors.","Substances: CO2, GWP_100_AR5_CH4, GWP_100_AR5_F-gases, GWP_100_AR5_N2O"
1987,25.387420745835577,MtCO2e,Viet Nam,Subtotal: Energy & Industry,EDGAR,,Historical,"Sum of EDGAR Power Industry, Industrial Combustion, Transport, and Buildings sectors.","Substances: CO2, GWP_100_AR5_CH4, GWP_100_AR5_F-gases, GWP_100_AR5_N2O"
1988,24.76502901770643,MtCO2e,Viet Nam,Subtotal: Energy & Industry,EDGAR,,Historical,"Sum of EDGAR Power Industry, Industrial Combustion, Transport, and Buildings sectors.","Substances: CO2, GWP_100_AR5_CH4, GWP_100_AR5_F-gases, GWP_100_AR5_N2O"
1989,21.541006743163575,MtCO2e,Viet Nam,Subtotal: Energy & Industry,EDGAR,,Historical,"Sum of EDGAR Power Industry, Industrial Combustion, Transport, and Buildings sectors.","Substances: CO2, GWP_100_AR5_CH4, GWP_100_AR5_F-gases, GWP_100_AR5_N2O"
1990,21.406813495766635,MtCO2e,Viet Nam,Subtotal: Energy & Industry,EDGAR,,Historical,"Sum of EDGAR Power Industry, Industrial Combustion, Transport, and Buildings sectors.","Substances: CO2, GWP_100_AR5_CH4, GWP_100_AR5_F-gases, GWP_100_AR5_N2O"
1991,21.220101573422983,MtCO2e,Viet Nam,Subtotal: Energy & Industry,EDGAR,,Historical,"Sum of EDGAR Power Industry, Industrial Combustion, Transport, and Buildings sectors.","Substances: CO2, GWP_100_AR5_CH4, GWP_100_AR5_F-gases, GWP_100_AR5_N2O"
1992,21.92319979492072,MtCO2e,Viet Nam,Subtotal: Energy & Industry,EDGAR,,Historical,"Sum of EDGAR Power Industry, Industrial Combustion, Transport, and Buildings sectors.","Substances: CO2, GWP_100_AR5_CH4, GWP_100_AR5_F-gases, GWP_100_AR5_N2O"
1993,25.635455135575107,MtCO2e,Viet Nam,Subtotal: Energy & Industry,EDGAR,,Historical,"Sum of EDGAR Power Industry, Industrial Combustion, Transport, and Buildings sectors.","Substances: CO2, GWP_100_AR5_CH4, GWP_100_AR5_F-gases, GWP_100_AR5_N2O"
1994,27.72003424531902,MtCO2e,Viet Nam,Subtotal: Energy & Industry,EDGAR,,Historical,"Sum of EDGAR Power Industry, Industrial Combustion, Transport, and Buildings sectors.","Substances: CO2, GWP_100_AR5_CH4, GWP_100_AR5_F-gases, GWP_100_AR5_N2O"
1995,31.75909225621457,MtCO2e,Viet Nam,Subtotal: Energy & Industry,EDGAR,,Historical,"Sum of EDGAR Power Industry, Industrial Combustion, Transport, and Buildings sectors.","Substances: CO2, GWP_100_AR5_CH4, GWP_100_AR5_F-gases, GWP_100_AR5_N2O"
1996,35.24206285846738,MtCO2e,Viet Nam,Subtotal: Energy & Industry,EDGAR,,Historical,"Sum of EDGAR Power Industry, Industrial Combustion, Transport, and Buildings sectors.","Substances: CO2, GWP_100_AR5_CH4, GWP_100_AR5_F-gases, GWP_100_AR5_N2O"
1997,40.92107663208498,MtCO2e,Viet Nam,Subtotal: Energy & Industry,EDGAR,,Historical,"Sum of EDGAR Power Industry, Industrial Combustion, Transport, and Buildings sectors.","Substances: CO2, GWP_100_AR5_CH4, GWP_100_AR5_F-gases, GWP_100_AR5_N2O"
1998,44.89835000463356,MtCO2e,Viet Nam,Subtotal: Energy & Industry,EDGAR,,Historical,"Sum of EDGAR Power Industry, Industrial Combustion, Transport, and Buildings sectors.","Substances: CO2, GWP_100_AR5_CH4, GWP_100_AR5_F-gases, GWP_100_AR5_N2O"
1999,45.072463216079164,MtCO2e,Viet Nam,Subtotal: Energy & Industry,EDGAR,,Historical,"Sum of EDGAR Power Industry, Industrial Combustion, Transport, and Buildings sectors.","Substances: CO2, GWP_100_AR5_CH4, GWP_100_AR5_F-gases, GWP_100_AR5_N2O"
2000,49.10838333268102,MtCO2e,Viet Nam,Subtotal: Energy & Industry,EDGAR,,Historical,"Sum of EDGAR Power Industry, Industrial Combustion, Transport, and Buildings sectors.","Substances: CO2, GWP_100_AR5_CH4, GWP_100_AR5_F-gases, GWP_100_AR5_N2O"
2001,53.791477331703845,MtCO2e,Viet Nam,Subtotal: Energy & Industry,EDGAR,,Historical,"Sum of EDGAR Power Industry, Industrial Combustion, Transport, and Buildings sectors.","Substances: CO2, GWP_100_AR5_CH4, GWP_100_AR5_F-gases, GWP_100_AR5_N2O"
2002,62.293181316762606,MtCO2e,Viet Nam,Subtotal: Energy & Industry,EDGAR,,Historical,"Sum of EDGAR Power Industry, Industrial Combustion, Transport, and Buildings sectors.","Substances: CO2, GWP_100_AR5_CH4, GWP_100_AR5_F-gases, GWP_100_AR5_N2O"
2003,65.73576733819597,MtCO2e,Viet Nam,Subtotal: Energy & Industry,EDGAR,,Historical,"Sum of EDGAR Power Industry, Industrial Combustion, Transport, and Buildings sectors.","Substances: CO2, GWP_100_AR5_CH4, GWP_100_AR5_F-gases, GWP_100_AR5_N2O"
2004,79.1035406221476,MtCO2e,Viet Nam,Subtotal: Energy & Industry,EDGAR,,Historical,"Sum of EDGAR Power Industry, Industrial Combustion, Transport, and Buildings sectors.","Substances: CO2, GWP_100_AR5_CH4, GWP_100_AR5_F-gases, GWP_100_AR5_N2O"
2005,84.89312703670916,MtCO2e,Viet Nam,Subtotal: Energy & Industry,EDGAR,,Historical,"Sum of EDGAR Power Industry, Industrial Combustion, Transport, and Buildings sectors.","Substances: CO2, GWP_100_AR5_CH4, GWP_100_AR5_F-gases, GWP_100_AR5_N2O"
2006,87.35452587899825,MtCO2e,Viet Nam,Subtotal: Energy & Industry,EDGAR,,Historical,"Sum of EDGAR Power Industry, Industrial Combustion, Transport, and Buildings sectors.","Substances: CO2, GWP_100_AR5_CH4, GWP_100_AR5_F-gases, GWP_100_AR5_N2O"
2007,95.88414231705917,MtCO2e,Viet Nam,Subtotal: Energy & Industry,EDGAR,,Historical,"Sum of EDGAR Power Industry, Industrial Combustion, Transport, and Buildings sectors.","Substances: CO2, GWP_100_AR5_CH4, GWP_100_AR5_F-gases, GWP_100_AR5_N2O"
2008,107.25197211444755,MtCO2e,Viet Nam,Subtotal: Energy & Industry,EDGAR,,Historical,"Sum of EDGAR Power Industry, Industrial Combustion, Transport, and Buildings sectors.","Substances: CO2, GWP_100_AR5_CH4, GWP_100_AR5_F-gases, GWP_100_AR5_N2O"
2009,118.25616270504153,MtCO2e,Viet Nam,Subtotal: Energy & Industry,EDGAR,,Historical,"Sum of EDGAR Power Industry, Industrial Combustion, Transport, and Buildings sectors.","Substances: CO2, GWP_100_AR5_CH4, GWP_100_AR5_F-gases, GWP_100_AR5_N2O"
2010,133.0991944406616,MtCO2e,Viet Nam,Subtotal: Energy & Industry,EDGAR,,Historical,"Sum of EDGAR Power Industry, Industrial Combustion, Transport, and Buildings sectors.","Substances: CO2, GWP_100_AR5_CH4, GWP_100_AR5_F-gases, GWP_100_AR5_N2O"
2011,133.30590891979932,MtCO2e,Viet Nam,Subtotal: Energy & Industry,EDGAR,,Historical,"Sum of EDGAR Power Industry, Industrial Combustion, Transport, and Buildings sectors.","Substances: CO2, GWP_100_AR5_CH4, GWP_100_AR5_F-gases, GWP_100_AR5_N2O"
2012,132.917674391752,MtCO2e,Viet Nam,Subtotal: Energy & Industry,EDGAR,,Historical,"Sum of EDGAR Power Industry, Industrial Combustion, Transport, and Buildings sectors.","Substances: CO2, GWP_100_AR5_CH4, GWP_100_AR5_F-gases, GWP_100_AR5_N2O"
2013,139.28276857794916,MtCO2e,Viet Nam,Subtotal: Energy & Industry,EDGAR,,Historical,"Sum of EDGAR Power Industry, Industrial Combustion, Transport, and Buildings sectors.","Substances: CO2, GWP_100_AR5_CH4, GWP_100_AR5_F-gases, GWP_100_AR5_N2O"
2014,153.16073298365342,MtCO2e,Viet Nam,Subtotal: Energy & Industry,EDGAR,,Historical,"Sum of EDGAR Power Industry, Industrial Combustion, Transport, and Buildings sectors.","Substances: CO2, GWP_100_AR5_CH4, GWP_100_AR5_F-gases, GWP_100_AR5_N2O"
2015,171.60312529176383,MtCO2e,Viet Nam,Subtotal: Energy & Industry,EDGAR,,Historical,"Sum of EDGAR Power Industry, Industrial Combustion, Transport, and Buildings sectors.","Substances: CO2, GWP_100_AR5_CH4, GWP_100_AR5_F-gases, GWP_100_AR5_N2O"
2016,191.34288194220005,MtCO2e,Viet Nam,Subtotal: Energy & Industry,EDGAR,,Historical,"Sum of EDGAR Power Industry, Industrial Combustion, Transport, and Buildings sectors.","Substances: CO2, GWP_100_AR5_CH4, GWP_100_AR5_F-gases, GWP_100_AR5_N2O"
2017,193.0683246700999,MtCO2e,Viet Nam,Subtotal: Energy & Industry,EDGAR,,Historical,"Sum of EDGAR Power Industry, Industrial Combustion, Transport, and Buildings sectors.","Substances: CO2, GWP_100_AR5_CH4, GWP_100_AR5_F-gases, GWP_100_AR5_N2O"
2018,244.88073853581312,MtCO2e,Viet Nam,Subtotal: Energy & Industry,EDGAR,,Historical,"Sum of EDGAR Power Industry, Industrial Combustion, Transport, and Buildings sectors.","Substances: CO2, GWP_100_AR5_CH4, GWP_100_AR5_F-gases, GWP_100_AR5_N2O"
2019,294.6340007936705,MtCO2e,Viet Nam,Subtotal: Energy & Industry,EDGAR,,Historical,"Sum of EDGAR Power Industry, Industrial Combustion, Transport, and Buildings sectors.","Substances: CO2, GWP_100_AR5_CH4, GWP_100_AR5_F-gases, GWP_100_AR5_N2O"
2020,305.14637392448003,MtCO2e,Viet Nam,Subtotal: Energy & Industry,EDGAR,,Historical,"Sum of EDGAR Power Industry, Industrial Combustion, Transport, and Buildings sectors.","Substances: CO2, GWP_100_AR5_CH4, GWP_100_AR5_F-gases, GWP_100_AR5_N2O"
2021,291.8431328866624,MtCO2e,Viet Nam,Subtotal: Energy & Industry,EDGAR,,Historical,"Sum of EDGAR Power Industry, Industrial Combustion, Transport, and Buildings sectors.","Substances: CO2, GWP_100_AR5_CH4, GWP_100_AR5_F-gases, GWP_100_AR5_N2O"
2022,273.6527092755191,MtCO2e,Viet Nam,Subtotal: Energy & Industry,EDGAR,,Historical,"Sum of EDGAR Power Industry, Industrial Combustion, Transport, and Buildings sectors.","Substances: CO2, GWP_100_AR5_CH4, GWP_100_AR5_F-gases, GWP_100_AR5_N2O"
2023,326.8757948762236,MtCO2e,Viet Nam,Subtotal: Energy & Industry,EDGAR,,Historical,"Sum of EDGAR Power Industry, Industrial Combustion, Transport, and Buildings sectors.","Substances: CO2, GWP_100_AR5_CH4, GWP_100_AR5_F-gases, GWP_100_AR5_N2O"
1970,2.85978168975279,MtCO2e,Viet Nam,Transport,EDGAR,,Historical,GHG_by_sector_and_country summed across EDGAR substances by sector.,"Substances: CO2, GWP_100_AR5_CH4, GWP_100_AR5_F-gases, GWP_100_AR5_N2O"
1971,2.863089259325605,MtCO2e,Viet Nam,Transport,EDGAR,,Historical,GHG_by_sector_and_country summed across EDGAR substances by sector.,"Substances: CO2, GWP_100_AR5_CH4, GWP_100_AR5_F-gases, GWP_100_AR5_N2O"
1972,2.9584541808345883,MtCO2e,Viet Nam,Transport,EDGAR,,Historical,GHG_by_sector_and_country summed across EDGAR substances by sector.,"Substances: CO2, GWP_100_AR5_CH4, GWP_100_AR5_F-gases, GWP_100_AR5_N2O"
1973,2.859512840600925,MtCO2e,Viet Nam,Transport,EDGAR,,Historical,GHG_by_sector_and_country summed across EDGAR substances by sector.,"Substances: CO2, GWP_100_AR5_CH4, GWP_100_AR5_F-gases, GWP_100_AR5_N2O"
1974,2.330828313811039,MtCO2e,Viet Nam,Transport,EDGAR,,Historical,GHG_by_sector_and_country summed across EDGAR substances by sector.,"Substances: CO2, GWP_100_AR5_CH4, GWP_100_AR5_F-gases, GWP_100_AR5_N2O"
1975,2.331452169809256,MtCO2e,Viet Nam,Transport,EDGAR,,Historical,GHG_by_sector_and_country summed across EDGAR substances by sector.,"Substances: CO2, GWP_100_AR5_CH4, GWP_100_AR5_F-gases, GWP_100_AR5_N2O"
1976,0.7773498647266555,MtCO2e,Viet Nam,Transport,EDGAR,,Historical,GHG_by_sector_and_country summed across EDGAR substances by sector.,"Substances: CO2, GWP_100_AR5_CH4, GWP_100_AR5_F-gases, GWP_100_AR5_N2O"
1977,0.4969036197217196,MtCO2e,Viet Nam,Transport,EDGAR,,Historical,GHG_by_sector_and_country summed across EDGAR substances by sector.,"Substances: CO2, GWP_100_AR5_CH4, GWP_100_AR5_F-gases, GWP_100_AR5_N2O"
1978,0.5744603493631449,MtCO2e,Viet Nam,Transport,EDGAR,,Historical,GHG_by_sector_and_country summed across EDGAR substances by sector.,"Substances: CO2, GWP_100_AR5_CH4, GWP_100_AR5_F-gases, GWP_100_AR5_N2O"
1979,0.6833788860004593,MtCO2e,Viet Nam,Transport,EDGAR,,Historical,GHG_by_sector_and_country summed across EDGAR substances by sector.,"Substances: CO2, GWP_100_AR5_CH4, GWP_100_AR5_F-gases, GWP_100_AR5_N2O"
1980,2.020720447489068,MtCO2e,Viet Nam,Transport,EDGAR,,Historical,GHG_by_sector_and_country summed across EDGAR substances by sector.,"Substances: CO2, GWP_100_AR5_CH4, GWP_100_AR5_F-gases, GWP_100_AR5_N2O"
1981,1.654603761954788,MtCO2e,Viet Nam,Transport,EDGAR,,Historical,GHG_by_sector_and_country summed across EDGAR substances by sector.,"Substances: CO2, GWP_100_AR5_CH4, GWP_100_AR5_F-gases, GWP_100_AR5_N2O"
1982,1.736022841578894,MtCO2e,Viet Nam,Transport,EDGAR,,Historical,GHG_by_sector_and_country summed across EDGAR substances by sector.,"Substances: CO2, GWP_100_AR5_CH4, GWP_100_AR5_F-gases, GWP_100_AR5_N2O"
1983,1.9368255217278512,MtCO2e,Viet Nam,Transport,EDGAR,,Historical,GHG_by_sector_and_country summed across EDGAR substances by sector.,"Substances: CO2, GWP_100_AR5_CH4, GWP_100_AR5_F-gases, GWP_100_AR5_N2O"
1984,1.8866999516189809,MtCO2e,Viet Nam,Transport,EDGAR,,Historical,GHG_by_sector_and_country summed across EDGAR substances by sector.,"Substances: CO2, GWP_100_AR5_CH4, GWP_100_AR5_F-gases, GWP_100_AR5_N2O"
1985,2.923547521296401,MtCO2e,Viet Nam,Transport,EDGAR,,Historical,GHG_by_sector_and_country summed across EDGAR substances by sector.,"Substances: CO2, GWP_100_AR5_CH4, GWP_100_AR5_F-gases, GWP_100_AR5_N2O"
1986,3.25396702116131,MtCO2e,Viet Nam,Transport,EDGAR,,Historical,GHG_by_sector_and_country summed across EDGAR substances by sector.,"Substances: CO2, GWP_100_AR5_CH4, GWP_100_AR5_F-gases, GWP_100_AR5_N2O"
1987,3.794256684101641,MtCO2e,Viet Nam,Transport,EDGAR,,Historical,GHG_by_sector_and_country summed across EDGAR substances by sector.,"Substances: CO2, GWP_100_AR5_CH4, GWP_100_AR5_F-gases, GWP_100_AR5_N2O"
1988,4.049563741653257,MtCO2e,Viet Nam,Transport,EDGAR,,Historical,GHG_by_sector_and_country summed across EDGAR substances by sector.,"Substances: CO2, GWP_100_AR5_CH4, GWP_100_AR5_F-gases, GWP_100_AR5_N2O"
1989,3.670763159640626,MtCO2e,Viet Nam,Transport,EDGAR,,Historical,GHG_by_sector_and_country summed across EDGAR substances by sector.,"Substances: CO2, GWP_100_AR5_CH4, GWP_100_AR5_F-gases, GWP_100_AR5_N2O"
1990,4.252381956413481,MtCO2e,Viet Nam,Transport,EDGAR,,Historical,GHG_by_sector_and_country summed across EDGAR substances by sector.,"Substances: CO2, GWP_100_AR5_CH4, GWP_100_AR5_F-gases, GWP_100_AR5_N2O"
1991,4.0245872265768385,MtCO2e,Viet Nam,Transport,EDGAR,,Historical,GHG_by_sector_and_country summed across EDGAR substances by sector.,"Substances: CO2, GWP_100_AR5_CH4, GWP_100_AR5_F-gases, GWP_100_AR5_N2O"
1992,4.502756057186161,MtCO2e,Viet Nam,Transport,EDGAR,,Historical,GHG_by_sector_and_country summed across EDGAR substances by sector.,"Substances: CO2, GWP_100_AR5_CH4, GWP_100_AR5_F-gases, GWP_100_AR5_N2O"
1993,7.038241434335152,MtCO2e,Viet Nam,Transport,EDGAR,,Historical,GHG_by_sector_and_country summed across EDGAR substances by sector.,"Substances: CO2, GWP_100_AR5_CH4, GWP_100_AR5_F-gases, GWP_100_AR5_N2O"
1994,7.766247942849486,MtCO2e,Viet Nam,Transport,EDGAR,,Historical,GHG_by_sector_and_country summed across EDGAR substances by sector.,"Substances: CO2, GWP_100_AR5_CH4, GWP_100_AR5_F-gases, GWP_100_AR5_N2O"
1995,7.414992714520764,MtCO2e,Viet Nam,Transport,EDGAR,,Historical,GHG_by_sector_and_country summed across EDGAR substances by sector.,"Substances: CO2, GWP_100_AR5_CH4, GWP_100_AR5_F-gases, GWP_100_AR5_N2O"
1996,8.153685533839708,MtCO2e,Viet Nam,Transport,EDGAR,,Historical,GHG_by_sector_and_country summed across EDGAR substances by sector.,"Substances: CO2, GWP_100_AR5_CH4, GWP_100_AR5_F-gases, GWP_100_AR5_N2O"
1997,8.912690842255037,MtCO2e,Viet Nam,Transport,EDGAR,,Historical,GHG_by_sector_and_country summed across EDGAR substances by sector.,"Substances: CO2, GWP_100_AR5_CH4, GWP_100_AR5_F-gases, GWP_100_AR5_N2O"
1998,9.385661488110381,MtCO2e,Viet Nam,Transport,EDGAR,,Historical,GHG_by_sector_and_country summed across EDGAR substances by sector.,"Substances: CO2, GWP_100_AR5_CH4, GWP_100_AR5_F-gases, GWP_100_AR5_N2O"
1999,10.045810394111735,MtCO2e,Viet Nam,Transport,EDGAR,,Historical,GHG_by_sector_and_country summed across EDGAR substances by sector.,"Substances: CO2, GWP_100_AR5_CH4, GWP_100_AR5_F-gases, GWP_100_AR5_N2O"
2000,10.771196072784463,MtCO2e,Viet Nam,Transport,EDGAR,,Historical,GHG_by_sector_and_country summed across EDGAR substances by sector.,"Substances: CO2, GWP_100_AR5_CH4, GWP_100_AR5_F-gases, GWP_100_AR5_N2O"
2001,11.509610973643948,MtCO2e,Viet Nam,Transport,EDGAR,,Historical,GHG_by_sector_and_country summed across EDGAR substances by sector.,"Substances: CO2, GWP_100_AR5_CH4, GWP_100_AR5_F-gases, GWP_100_AR5_N2O"
2002,14.10581068591687,MtCO2e,Viet Nam,Transport,EDGAR,,Historical,GHG_by_sector_and_country summed across EDGAR substances by sector.,"Substances: CO2, GWP_100_AR5_CH4, GWP_100_AR5_F-gases, GWP_100_AR5_N2O"
2003,15.96091743917618,MtCO2e,Viet Nam,Transport,EDGAR,,Historical,GHG_by_sector_and_country summed across EDGAR substances by sector.,"Substances: CO2, GWP_100_AR5_CH4, GWP_100_AR5_F-gases, GWP_100_AR5_N2O"
2004,19.570750314827688,MtCO2e,Viet Nam,Transport,EDGAR,,Historical,GHG_by_sector_and_country summed across EDGAR substances by sector.,"Substances: CO2, GWP_100_AR5_CH4, GWP_100_AR5_F-gases, GWP_100_AR5_N2O"
2005,19.777175017594498,MtCO2e,Viet Nam,Transport,EDGAR,,Historical,GHG_by_sector_and_country summed across EDGAR substances by sector.,"Substances: CO2, GWP_100_AR5_CH4, GWP_100_AR5_F-gases, GWP_100_AR5_N2O"
2006,19.75827108685775,MtCO2e,Viet Nam,Transport,EDGAR,,Historical,GHG_by_sector_and_country summed across EDGAR substances by sector.,"Substances: CO2, GWP_100_AR5_CH4, GWP_100_AR5_F-gases, GWP_100_AR5_N2O"
2007,23.10277847982796,MtCO2e,Viet Nam,Transport,EDGAR,,Historical,GHG_by_sector_and_country summed across EDGAR substances by sector.,"Substances: CO2, GWP_100_AR5_CH4, GWP_100_AR5_F-gases, GWP_100_AR5_N2O"
2008,24.58810126144843,MtCO2e,Viet Nam,Transport,EDGAR,,Historical,GHG_by_sector_and_country summed across EDGAR substances by sector.,"Substances: CO2, GWP_100_AR5_CH4, GWP_100_AR5_F-gases, GWP_100_AR5_N2O"
2009,29.48528437348861,MtCO2e,Viet Nam,Transport,EDGAR,,Historical,GHG_by_sector_and_country summed across EDGAR substances by sector.,"Substances: CO2, GWP_100_AR5_CH4, GWP_100_AR5_F-gases, GWP_100_AR5_N2O"
2010,31.664248762635303,MtCO2e,Viet Nam,Transport,EDGAR,,Historical,GHG_by_sector_and_country summed across EDGAR substances by sector.,"Substances: CO2, GWP_100_AR5_CH4, GWP_100_AR5_F-gases, GWP_100_AR5_N2O"
2011,31.03935594264193,MtCO2e,Viet Nam,Transport,EDGAR,,Historical,GHG_by_sector_and_country summed across EDGAR substances by sector.,"Substances: CO2, GWP_100_AR5_CH4, GWP_100_AR5_F-gases, GWP_100_AR5_N2O"
2012,30.561041753181883,MtCO2e,Viet Nam,Transport,EDGAR,,Historical,GHG_by_sector_and_country summed across EDGAR substances by sector.,"Substances: CO2, GWP_100_AR5_CH4, GWP_100_AR5_F-gases, GWP_100_AR5_N2O"
2013,29.79192714043178,MtCO2e,Viet Nam,Transport,EDGAR,,Historical,GHG_by_sector_and_country summed across EDGAR substances by sector.,"Substances: CO2, GWP_100_AR5_CH4, GWP_100_AR5_F-gases, GWP_100_AR5_N2O"
2014,30.44338265455098,MtCO2e,Viet Nam,Transport,EDGAR,,Historical,GHG_by_sector_and_country summed across EDGAR substances by sector.,"Substances: CO2, GWP_100_AR5_CH4, GWP_100_AR5_F-gases, GWP_100_AR5_N2O"
2015,33.6874204526031,MtCO2e,Viet Nam,Transport,EDGAR,,Historical,GHG_by_sector_and_country summed across EDGAR substances by sector.,"Substances: CO2, GWP_100_AR5_CH4, GWP_100_AR5_F-gases, GWP_100_AR5_N2O"
2016,37.34648843737009,MtCO2e,Viet Nam,Transport,EDGAR,,Historical,GHG_by_sector_and_country summed across EDGAR substances by sector.,"Substances: CO2, GWP_100_AR5_CH4, GWP_100_AR5_F-gases, GWP_100_AR5_N2O"
2017,40.6415349448631,MtCO2e,Viet Nam,Transport,EDGAR,,Historical,GHG_by_sector_and_country summed across EDGAR substances by sector.,"Substances: CO2, GWP_100_AR5_CH4, GWP_100_AR5_F-gases, GWP_100_AR5_N2O"
2018,42.46138515985687,MtCO2e,Viet Nam,Transport,EDGAR,,Historical,GHG_by_sector_and_country summed across EDGAR substances by sector.,"Substances: CO2, GWP_100_AR5_CH4, GWP_100_AR5_F-gases, GWP_100_AR5_N2O"
2019,44.20490205326489,MtCO2e,Viet Nam,Transport,EDGAR,,Historical,GHG_by_sector_and_country summed across EDGAR substances by sector.,"Substances: CO2, GWP_100_AR5_CH4, GWP_100_AR5_F-gases, GWP_100_AR5_N2O"
2020,37.16059092699938,MtCO2e,Viet Nam,Transport,EDGAR,,Historical,GHG_by_sector_and_country summed across EDGAR substances by sector.,"Substances: CO2, GWP_100_AR5_CH4, GWP_100_AR5_F-gases, GWP_100_AR5_N2O"
2021,32.58090982067075,MtCO2e,Viet Nam,Transport,EDGAR,,Historical,GHG_by_sector_and_country summed across EDGAR substances by sector.,"Substances: CO2, GWP_100_AR5_CH4, GWP_100_AR5_F-gases, GWP_100_AR5_N2O"
2022,35.548926418720065,MtCO2e,Viet Nam,Transport,EDGAR,,Historical,GHG_by_sector_and_country summed across EDGAR substances by sector.,"Substances: CO2, GWP_100_AR5_CH4, GWP_100_AR5_F-gases, GWP_100_AR5_N2O"
2023,39.88437853163405,MtCO2e,Viet Nam,Transport,EDGAR,,Historical,GHG_by_sector_and_country summed across EDGAR substances by sector.,"Substances: CO2, GWP_100_AR5_CH4, GWP_100_AR5_F-gases, GWP_100_AR5_N2O"
1970,3.40004246619253,MtCO2e,Viet Nam,Waste,EDGAR,,Historical,GHG_by_sector_and_country summed across EDGAR substances by sector.,"Substances: CO2, GWP_100_AR5_CH4, GWP_100_AR5_F-gases, GWP_100_AR5_N2O"
1971,3.58587594312462,MtCO2e,Viet Nam,Waste,EDGAR,,Historical,GHG_by_sector_and_country summed across EDGAR substances by sector.,"Substances: CO2, GWP_100_AR5_CH4, GWP_100_AR5_F-gases, GWP_100_AR5_N2O"
1972,3.67003189320416,MtCO2e,Viet Nam,Waste,EDGAR,,Historical,GHG_by_sector_and_country summed across EDGAR substances by sector.,"Substances: CO2, GWP_100_AR5_CH4, GWP_100_AR5_F-gases, GWP_100_AR5_N2O"
1973,3.73055060742866,MtCO2e,Viet Nam,Waste,EDGAR,,Historical,GHG_by_sector_and_country summed across EDGAR substances by sector.,"Substances: CO2, GWP_100_AR5_CH4, GWP_100_AR5_F-gases, GWP_100_AR5_N2O"
1974,3.81203314455837,MtCO2e,Viet Nam,Waste,EDGAR,,Historical,GHG_by_sector_and_country summed across EDGAR substances by sector.,"Substances: CO2, GWP_100_AR5_CH4, GWP_100_AR5_F-gases, GWP_100_AR5_N2O"
1975,3.86272277510581,MtCO2e,Viet Nam,Waste,EDGAR,,Historical,GHG_by_sector_and_country summed across EDGAR substances by sector.,"Substances: CO2, GWP_100_AR5_CH4, GWP_100_AR5_F-gases, GWP_100_AR5_N2O"
1976,3.94317562543573,MtCO2e,Viet Nam,Waste,EDGAR,,Historical,GHG_by_sector_and_country summed across EDGAR substances by sector.,"Substances: CO2, GWP_100_AR5_CH4, GWP_100_AR5_F-gases, GWP_100_AR5_N2O"
1977,4.01708847119662,MtCO2e,Viet Nam,Waste,EDGAR,,Historical,GHG_by_sector_and_country summed across EDGAR substances by sector.,"Substances: CO2, GWP_100_AR5_CH4, GWP_100_AR5_F-gases, GWP_100_AR5_N2O"
1978,4.09722848395152,MtCO2e,Viet Nam,Waste,EDGAR,,Historical,GHG_by_sector_and_country summed across EDGAR substances by sector.,"Substances: CO2, GWP_100_AR5_CH4, GWP_100_AR5_F-gases, GWP_100_AR5_N2O"
1979,4.19993662405573,MtCO2e,Viet Nam,Waste,EDGAR,,Historical,GHG_by_sector_and_country summed across EDGAR substances by sector.,"Substances: CO2, GWP_100_AR5_CH4, GWP_100_AR5_F-gases, GWP_100_AR5_N2O"
1980,4.29040450386891,MtCO2e,Viet Nam,Waste,EDGAR,,Historical,GHG_by_sector_and_country summed across EDGAR substances by sector.,"Substances: CO2, GWP_100_AR5_CH4, GWP_100_AR5_F-gases, GWP_100_AR5_N2O"
1981,4.40085520623001,MtCO2e,Viet Nam,Waste,EDGAR,,Historical,GHG_by_sector_and_country summed across EDGAR substances by sector.,"Substances: CO2, GWP_100_AR5_CH4, GWP_100_AR5_F-gases, GWP_100_AR5_N2O"
1982,4.49611136303267,MtCO2e,Viet Nam,Waste,EDGAR,,Historical,GHG_by_sector_and_country summed across EDGAR substances by sector.,"Substances: CO2, GWP_100_AR5_CH4, GWP_100_AR5_F-gases, GWP_100_AR5_N2O"
1983,4.6014915822814295,MtCO2e,Viet Nam,Waste,EDGAR,,Historical,GHG_by_sector_and_country summed across EDGAR substances by sector.,"Substances: CO2, GWP_100_AR5_CH4, GWP_100_AR5_F-gases, GWP_100_AR5_N2O"
1984,4.70998385309172,MtCO2e,Viet Nam,Waste,EDGAR,,Historical,GHG_by_sector_and_country summed across EDGAR substances by sector.,"Substances: CO2, GWP_100_AR5_CH4, GWP_100_AR5_F-gases, GWP_100_AR5_N2O"
1985,4.79771236607292,MtCO2e,Viet Nam,Waste,EDGAR,,Historical,GHG_by_sector_and_country summed across EDGAR substances by sector.,"Substances: CO2, GWP_100_AR5_CH4, GWP_100_AR5_F-gases, GWP_100_AR5_N2O"
1986,4.91760474943404,MtCO2e,Viet Nam,Waste,EDGAR,,Historical,GHG_by_sector_and_country summed across EDGAR substances by sector.,"Substances: CO2, GWP_100_AR5_CH4, GWP_100_AR5_F-gases, GWP_100_AR5_N2O"
1987,5.01922874111811,MtCO2e,Viet Nam,Waste,EDGAR,,Historical,GHG_by_sector_and_country summed across EDGAR substances by sector.,"Substances: CO2, GWP_100_AR5_CH4, GWP_100_AR5_F-gases, GWP_100_AR5_N2O"
1988,5.1289153148344,MtCO2e,Viet Nam,Waste,EDGAR,,Historical,GHG_by_sector_and_country summed across EDGAR substances by sector.,"Substances: CO2, GWP_100_AR5_CH4, GWP_100_AR5_F-gases, GWP_100_AR5_N2O"
1989,5.24485258950256,MtCO2e,Viet Nam,Waste,EDGAR,,Historical,GHG_by_sector_and_country summed across EDGAR substances by sector.,"Substances: CO2, GWP_100_AR5_CH4, GWP_100_AR5_F-gases, GWP_100_AR5_N2O"
1990,5.37291302524408,MtCO2e,Viet Nam,Waste,EDGAR,,Historical,GHG_by_sector_and_country summed across EDGAR substances by sector.,"Substances: CO2, GWP_100_AR5_CH4, GWP_100_AR5_F-gases, GWP_100_AR5_N2O"
1991,5.55296194897196,MtCO2e,Viet Nam,Waste,EDGAR,,Historical,GHG_by_sector_and_country summed across EDGAR substances by sector.,"Substances: CO2, GWP_100_AR5_CH4, GWP_100_AR5_F-gases, GWP_100_AR5_N2O"
1992,5.78780413868926,MtCO2e,Viet Nam,Waste,EDGAR,,Historical,GHG_by_sector_and_country summed across EDGAR substances by sector.,"Substances: CO2, GWP_100_AR5_CH4, GWP_100_AR5_F-gases, GWP_100_AR5_N2O"
1993,6.01967574295197,MtCO2e,Viet Nam,Waste,EDGAR,,Historical,GHG_by_sector_and_country summed across EDGAR substances by sector.,"Substances: CO2, GWP_100_AR5_CH4, GWP_100_AR5_F-gases, GWP_100_AR5_N2O"
1994,6.2263654064077505,MtCO2e,Viet Nam,Waste,EDGAR,,Historical,GHG_by_sector_and_country summed across EDGAR substances by sector.,"Substances: CO2, GWP_100_AR5_CH4, GWP_100_AR5_F-gases, GWP_100_AR5_N2O"
1995,6.44711114394073,MtCO2e,Viet Nam,Waste,EDGAR,,Historical,GHG_by_sector_and_country summed across EDGAR substances by sector.,"Substances: CO2, GWP_100_AR5_CH4, GWP_100_AR5_F-gases, GWP_100_AR5_N2O"
1996,6.705984387141,MtCO2e,Viet Nam,Waste,EDGAR,,Historical,GHG_by_sector_and_country summed across EDGAR substances by sector.,"Substances: CO2, GWP_100_AR5_CH4, GWP_100_AR5_F-gases, GWP_100_AR5_N2O"
1997,6.94374818083921,MtCO2e,Viet Nam,Waste,EDGAR,,Historical,GHG_by_sector_and_country summed across EDGAR substances by sector.,"Substances: CO2, GWP_100_AR5_CH4, GWP_100_AR5_F-gases, GWP_100_AR5_N2O"
1998,7.164997342655529,MtCO2e,Viet Nam,Waste,EDGAR,,Historical,GHG_by_sector_and_country summed across EDGAR substances by sector.,"Substances: CO2, GWP_100_AR5_CH4, GWP_100_AR5_F-gases, GWP_100_AR5_N2O"
1999,7.6259064446532605,MtCO2e,Viet Nam,Waste,EDGAR,,Historical,GHG_by_sector_and_country summed across EDGAR substances by sector.,"Substances: CO2, GWP_100_AR5_CH4, GWP_100_AR5_F-gases, GWP_100_AR5_N2O"
2000,7.90851418588216,MtCO2e,Viet Nam,Waste,EDGAR,,Historical,GHG_by_sector_and_country summed across EDGAR substances by sector.,"Substances: CO2, GWP_100_AR5_CH4, GWP_100_AR5_F-gases, GWP_100_AR5_N2O"
2001,8.15466729072976,MtCO2e,Viet Nam,Waste,EDGAR,,Historical,GHG_by_sector_and_country summed across EDGAR substances by sector.,"Substances: CO2, GWP_100_AR5_CH4, GWP_100_AR5_F-gases, GWP_100_AR5_N2O"
2002,8.43927069153229,MtCO2e,Viet Nam,Waste,EDGAR,,Historical,GHG_by_sector_and_country summed across EDGAR substances by sector.,"Substances: CO2, GWP_100_AR5_CH4, GWP_100_AR5_F-gases, GWP_100_AR5_N2O"
2003,8.74183626140794,MtCO2e,Viet Nam,Waste,EDGAR,,Historical,GHG_by_sector_and_country summed across EDGAR substances by sector.,"Substances: CO2, GWP_100_AR5_CH4, GWP_100_AR5_F-gases, GWP_100_AR5_N2O"
2004,9.16389119382637,MtCO2e,Viet Nam,Waste,EDGAR,,Historical,GHG_by_sector_and_country summed across EDGAR substances by sector.,"Substances: CO2, GWP_100_AR5_CH4, GWP_100_AR5_F-gases, GWP_100_AR5_N2O"
2005,9.54180608126634,MtCO2e,Viet Nam,Waste,EDGAR,,Historical,GHG_by_sector_and_country summed across EDGAR substances by sector.,"Substances: CO2, GWP_100_AR5_CH4, GWP_100_AR5_F-gases, GWP_100_AR5_N2O"
2006,9.73887007967433,MtCO2e,Viet Nam,Waste,EDGAR,,Historical,GHG_by_sector_and_country summed across EDGAR substances by sector.,"Substances: CO2, GWP_100_AR5_CH4, GWP_100_AR5_F-gases, GWP_100_AR5_N2O"
2007,10.134176111780711,MtCO2e,Viet Nam,Waste,EDGAR,,Historical,GHG_by_sector_and_country summed across EDGAR substances by sector.,"Substances: CO2, GWP_100_AR5_CH4, GWP_100_AR5_F-gases, GWP_100_AR5_N2O"
2008,10.46865405323376,MtCO2e,Viet Nam,Waste,EDGAR,,Historical,GHG_by_sector_and_country summed across EDGAR substances by sector.,"Substances: CO2, GWP_100_AR5_CH4, GWP_100_AR5_F-gases, GWP_100_AR5_N2O"
2009,10.89459032881711,MtCO2e,Viet Nam,Waste,EDGAR,,Historical,GHG_by_sector_and_country summed across EDGAR substances by sector.,"Substances: CO2, GWP_100_AR5_CH4, GWP_100_AR5_F-gases, GWP_100_AR5_N2O"
2010,11.277642686693849,MtCO2e,Viet Nam,Waste,EDGAR,,Historical,GHG_by_sector_and_country summed across EDGAR substances by sector.,"Substances: CO2, GWP_100_AR5_CH4, GWP_100_AR5_F-gases, GWP_100_AR5_N2O"
2011,11.92142204528238,MtCO2e,Viet Nam,Waste,EDGAR,,Historical,GHG_by_sector_and_country summed across EDGAR substances by sector.,"Substances: CO2, GWP_100_AR5_CH4, GWP_100_AR5_F-gases, GWP_100_AR5_N2O"
2012,12.480956824304139,MtCO2e,Viet Nam,Waste,EDGAR,,Historical,GHG_by_sector_and_country summed across EDGAR substances by sector.,"Substances: CO2, GWP_100_AR5_CH4, GWP_100_AR5_F-gases, GWP_100_AR5_N2O"
2013,12.9721104246729,MtCO2e,Viet Nam,Waste,EDGAR,,Historical,GHG_by_sector_and_country summed across EDGAR substances by sector.,"Substances: CO2, GWP_100_AR5_CH4, GWP_100_AR5_F-gases, GWP_100_AR5_N2O"
2014,13.39250945112472,MtCO2e,Viet Nam,Waste,EDGAR,,Historical,GHG_by_sector_and_country summed across EDGAR substances by sector.,"Substances: CO2, GWP_100_AR5_CH4, GWP_100_AR5_F-gases, GWP_100_AR5_N2O"
2015,13.83961750373593,MtCO2e,Viet Nam,Waste,EDGAR,,Historical,GHG_by_sector_and_country summed across EDGAR substances by sector.,"Substances: CO2, GWP_100_AR5_CH4, GWP_100_AR5_F-gases, GWP_100_AR5_N2O"
2016,14.211599027104999,MtCO2e,Viet Nam,Waste,EDGAR,,Historical,GHG_by_sector_and_country summed across EDGAR substances by sector.,"Substances: CO2, GWP_100_AR5_CH4, GWP_100_AR5_F-gases, GWP_100_AR5_N2O"
2017,14.676494117293322,MtCO2e,Viet Nam,Waste,EDGAR,,Historical,GHG_by_sector_and_country summed across EDGAR substances by sector.,"Substances: CO2, GWP_100_AR5_CH4, GWP_100_AR5_F-gases, GWP_100_AR5_N2O"
2018,15.13740794770719,MtCO2e,Viet Nam,Waste,EDGAR,,Historical,GHG_by_sector_and_country summed across EDGAR substances by sector.,"Substances: CO2, GWP_100_AR5_CH4, GWP_100_AR5_F-gases, GWP_100_AR5_N2O"
2019,15.51306975314799,MtCO2e,Viet Nam,Waste,EDGAR,,Historical,GHG_by_sector_and_country summed across EDGAR substances by sector.,"Substances: CO2, GWP_100_AR5_CH4, GWP_100_AR5_F-gases, GWP_100_AR5_N2O"
2020,15.998607693241421,MtCO2e,Viet Nam,Waste,EDGAR,,Historical,GHG_by_sector_and_country summed across EDGAR substances by sector.,"Substances: CO2, GWP_100_AR5_CH4, GWP_100_AR5_F-gases, GWP_100_AR5_N2O"
2021,16.40135608578734,MtCO2e,Viet Nam,Waste,EDGAR,,Historical,GHG_by_sector_and_country summed across EDGAR substances by sector.,"Substances: CO2, GWP_100_AR5_CH4, GWP_100_AR5_F-gases, GWP_100_AR5_N2O"
2022,16.82785413896433,MtCO2e,Viet Nam,Waste,EDGAR,,Historical,GHG_by_sector_and_country summed across EDGAR substances by sector.,"Substances: CO2, GWP_100_AR5_CH4, GWP_100_AR5_F-gases, GWP_100_AR5_N2O"
2023,17.41249705326082,MtCO2e,Viet Nam,Waste,EDGAR,,Historical,GHG_by_sector_and_country summed across EDGAR substances by sector.,"Substances: CO2, GWP_100_AR5_CH4, GWP_100_AR5_F-gases, GWP_100_AR5_N2O"
2000,8.55,MtCO2,Viet Nam,Power sector,EMBER,,Historical,Historical EMBER yearly power-sector emissions.,EMBER series: Total generation
2001,8.9,MtCO2,Viet Nam,Power sector,EMBER,,Historical,Historical EMBER yearly power-sector emissions.,EMBER series: Total generation
2002,12.33,MtCO2,Viet Nam,Power sector,EMBER,,Historical,Historical EMBER yearly power-sector emissions.,EMBER series: Total generation
2003,15.38,MtCO2,Viet Nam,Power sector,EMBER,,Historical,Historical EMBER yearly power-sector emissions.,EMBER series: Total generation
2004,18.81,MtCO2,Viet Nam,Power sector,EMBER,,Historical,Historical EMBER yearly power-sector emissions.,EMBER series: Total generation
2005,24.09,MtCO2,Viet Nam,Power sector,EMBER,,Historical,Historical EMBER yearly power-sector emissions.,EMBER series: Total generation
2006,25.96,MtCO2,Viet Nam,Power sector,EMBER,,Historical,Historical EMBER yearly power-sector emissions.,EMBER series: Total generation
2007,28.16,MtCO2,Viet Nam,Power sector,EMBER,,Historical,Historical EMBER yearly power-sector emissions.,EMBER series: Total generation
2008,29.93,MtCO2,Viet Nam,Power sector,EMBER,,Historical,Historical EMBER yearly power-sector emissions.,EMBER series: Total generation
2009,33.22,MtCO2,Viet Nam,Power sector,EMBER,,Historical,Historical EMBER yearly power-sector emissions.,EMBER series: Total generation
2010,41.34,MtCO2,Viet Nam,Power sector,EMBER,,Historical,Historical EMBER yearly power-sector emissions.,EMBER series: Total generation
2011,41.16,MtCO2,Viet Nam,Power sector,EMBER,,Historical,Historical EMBER yearly power-sector emissions.,EMBER series: Total generation
2012,42.54,MtCO2,Viet Nam,Power sector,EMBER,,Historical,Historical EMBER yearly power-sector emissions.,EMBER series: Total generation
2013,46.22,MtCO2,Viet Nam,Power sector,EMBER,,Historical,Historical EMBER yearly power-sector emissions.,EMBER series: Total generation
2014,56.67,MtCO2,Viet Nam,Power sector,EMBER,,Historical,Historical EMBER yearly power-sector emissions.,EMBER series: Total generation
2015,78.34,MtCO2,Viet Nam,Power sector,EMBER,,Historical,Historical EMBER yearly power-sector emissions.,EMBER series: Total generation
2016,87.64,MtCO2,Viet Nam,Power sector,EMBER,,Historical,Historical EMBER yearly power-sector emissions.,EMBER series: Total generation
2017,83.84,MtCO2,Viet Nam,Power sector,EMBER,,Historical,Historical EMBER yearly power-sector emissions.,EMBER series: Total generation
2018,104.89,MtCO2,Viet Nam,Power sector,EMBER,,Historical,Historical EMBER yearly power-sector emissions.,EMBER series: Total generation
2019,131.23,MtCO2,Viet Nam,Power sector,EMBER,,Historical,Historical EMBER yearly power-sector emissions.,EMBER series: Total generation
2020,128.97,MtCO2,Viet Nam,Power sector,EMBER,,Historical,Historical EMBER yearly power-sector emissions.,EMBER series: Total generation
2021,120.51,MtCO2,Viet Nam,Power sector,EMBER,,Historical,Historical EMBER yearly power-sector emissions.,EMBER series: Total generation
2022,110.15,MtCO2,Viet Nam,Power sector,EMBER,,Historical,Historical EMBER yearly power-sector emissions.,EMBER series: Total generation
2023,130.79,MtCO2,Viet Nam,Power sector,EMBER,,Historical,Historical EMBER yearly power-sector emissions.,EMBER series: Total generation
2024,147.58,MtCO2,Viet Nam,Power sector,EMBER,,Historical,Historical EMBER yearly power-sector emissions.,EMBER series: Total generation
2000,0,MtCO2,Viet Nam,Power sector - Bioenergy,EMBER,,Historical,Historical EMBER yearly power-sector emissions.,EMBER series: Bioenergy
2001,0,MtCO2,Viet Nam,Power sector - Bioenergy,EMBER,,Historical,Historical EMBER yearly power-sector emissions.,EMBER series: Bioenergy
2002,0,MtCO2,Viet Nam,Power sector - Bioenergy,EMBER,,Historical,Historical EMBER yearly power-sector emissions.,EMBER series: Bioenergy
2003,0,MtCO2,Viet Nam,Power sector - Bioenergy,EMBER,,Historical,Historical EMBER yearly power-sector emissions.,EMBER series: Bioenergy
2004,0,MtCO2,Viet Nam,Power sector - Bioenergy,EMBER,,Historical,Historical EMBER yearly power-sector emissions.,EMBER series: Bioenergy
2005,0.01,MtCO2,Viet Nam,Power sector - Bioenergy,EMBER,,Historical,Historical EMBER yearly power-sector emissions.,EMBER series: Bioenergy
2006,0.01,MtCO2,Viet Nam,Power sector - Bioenergy,EMBER,,Historical,Historical EMBER yearly power-sector emissions.,EMBER series: Bioenergy
2007,0.02,MtCO2,Viet Nam,Power sector - Bioenergy,EMBER,,Historical,Historical EMBER yearly power-sector emissions.,EMBER series: Bioenergy
2008,0.01,MtCO2,Viet Nam,Power sector - Bioenergy,EMBER,,Historical,Historical EMBER yearly power-sector emissions.,EMBER series: Bioenergy
2009,0.01,MtCO2,Viet Nam,Power sector - Bioenergy,EMBER,,Historical,Historical EMBER yearly power-sector emissions.,EMBER series: Bioenergy
2010,0.01,MtCO2,Viet Nam,Power sector - Bioenergy,EMBER,,Historical,Historical EMBER yearly power-sector emissions.,EMBER series: Bioenergy
2011,0.01,MtCO2,Viet Nam,Power sector - Bioenergy,EMBER,,Historical,Historical EMBER yearly power-sector emissions.,EMBER series: Bioenergy
2012,0.01,MtCO2,Viet Nam,Power sector - Bioenergy,EMBER,,Historical,Historical EMBER yearly power-sector emissions.,EMBER series: Bioenergy
2013,0.01,MtCO2,Viet Nam,Power sector - Bioenergy,EMBER,,Historical,Historical EMBER yearly power-sector emissions.,EMBER series: Bioenergy
2014,0.01,MtCO2,Viet Nam,Power sector - Bioenergy,EMBER,,Historical,Historical EMBER yearly power-sector emissions.,EMBER series: Bioenergy
2015,0.02,MtCO2,Viet Nam,Power sector - Bioenergy,EMBER,,Historical,Historical EMBER yearly power-sector emissions.,EMBER series: Bioenergy
2016,0.03,MtCO2,Viet Nam,Power sector - Bioenergy,EMBER,,Historical,Historical EMBER yearly power-sector emissions.,EMBER series: Bioenergy
2017,0.05,MtCO2,Viet Nam,Power sector - Bioenergy,EMBER,,Historical,Historical EMBER yearly power-sector emissions.,EMBER series: Bioenergy
2018,0.11,MtCO2,Viet Nam,Power sector - Bioenergy,EMBER,,Historical,Historical EMBER yearly power-sector emissions.,EMBER series: Bioenergy
2019,0.08,MtCO2,Viet Nam,Power sector - Bioenergy,EMBER,,Historical,Historical EMBER yearly power-sector emissions.,EMBER series: Bioenergy
2020,0.07,MtCO2,Viet Nam,Power sector - Bioenergy,EMBER,,Historical,Historical EMBER yearly power-sector emissions.,EMBER series: Bioenergy
2021,0.07,MtCO2,Viet Nam,Power sector - Bioenergy,EMBER,,Historical,Historical EMBER yearly power-sector emissions.,EMBER series: Bioenergy
2022,0.08,MtCO2,Viet Nam,Power sector - Bioenergy,EMBER,,Historical,Historical EMBER yearly power-sector emissions.,EMBER series: Bioenergy
2023,0.19,MtCO2,Viet Nam,Power sector - Bioenergy,EMBER,,Historical,Historical EMBER yearly power-sector emissions.,EMBER series: Bioenergy
2024,0.22,MtCO2,Viet Nam,Power sector - Bioenergy,EMBER,,Historical,Historical EMBER yearly power-sector emissions.,EMBER series: Bioenergy
2000,2.8,MtCO2,Viet Nam,Power sector - Coal,EMBER,,Historical,Historical EMBER yearly power-sector emissions.,EMBER series: Coal
2001,2.88,MtCO2,Viet Nam,Power sector - Coal,EMBER,,Historical,Historical EMBER yearly power-sector emissions.,EMBER series: Coal
2002,4.37,MtCO2,Viet Nam,Power sector - Coal,EMBER,,Historical,Historical EMBER yearly power-sector emissions.,EMBER series: Coal
2003,6.48,MtCO2,Viet Nam,Power sector - Coal,EMBER,,Historical,Historical EMBER yearly power-sector emissions.,EMBER series: Coal
2004,6.41,MtCO2,Viet Nam,Power sector - Coal,EMBER,,Historical,Historical EMBER yearly power-sector emissions.,EMBER series: Coal
2005,9.83,MtCO2,Viet Nam,Power sector - Coal,EMBER,,Historical,Historical EMBER yearly power-sector emissions.,EMBER series: Coal
2006,10.92,MtCO2,Viet Nam,Power sector - Coal,EMBER,,Historical,Historical EMBER yearly power-sector emissions.,EMBER series: Coal
2007,11.04,MtCO2,Viet Nam,Power sector - Coal,EMBER,,Historical,Historical EMBER yearly power-sector emissions.,EMBER series: Coal
2008,10.98,MtCO2,Viet Nam,Power sector - Coal,EMBER,,Historical,Historical EMBER yearly power-sector emissions.,EMBER series: Coal
2009,11.09,MtCO2,Viet Nam,Power sector - Coal,EMBER,,Historical,Historical EMBER yearly power-sector emissions.,EMBER series: Coal
2010,14.11,MtCO2,Viet Nam,Power sector - Coal,EMBER,,Historical,Historical EMBER yearly power-sector emissions.,EMBER series: Coal
2011,17.62,MtCO2,Viet Nam,Power sector - Coal,EMBER,,Historical,Historical EMBER yearly power-sector emissions.,EMBER series: Coal
2012,18.71,MtCO2,Viet Nam,Power sector - Coal,EMBER,,Historical,Historical EMBER yearly power-sector emissions.,EMBER series: Coal
2013,21.12,MtCO2,Viet Nam,Power sector - Coal,EMBER,,Historical,Historical EMBER yearly power-sector emissions.,EMBER series: Coal
2014,30.57,MtCO2,Viet Nam,Power sector - Coal,EMBER,,Historical,Historical EMBER yearly power-sector emissions.,EMBER series: Coal
2015,49.54,MtCO2,Viet Nam,Power sector - Coal,EMBER,,Historical,Historical EMBER yearly power-sector emissions.,EMBER series: Coal
2016,60.05,MtCO2,Viet Nam,Power sector - Coal,EMBER,,Historical,Historical EMBER yearly power-sector emissions.,EMBER series: Coal
2017,59.18,MtCO2,Viet Nam,Power sector - Coal,EMBER,,Historical,Historical EMBER yearly power-sector emissions.,EMBER series: Coal
2018,79.65,MtCO2,Viet Nam,Power sector - Coal,EMBER,,Historical,Historical EMBER yearly power-sector emissions.,EMBER series: Coal
2019,104.23,MtCO2,Viet Nam,Power sector - Coal,EMBER,,Historical,Historical EMBER yearly power-sector emissions.,EMBER series: Coal
2020,106.14,MtCO2,Viet Nam,Power sector - Coal,EMBER,,Historical,Historical EMBER yearly power-sector emissions.,EMBER series: Coal
2021,102.11,MtCO2,Viet Nam,Power sector - Coal,EMBER,,Historical,Historical EMBER yearly power-sector emissions.,EMBER series: Coal
2022,89.7,MtCO2,Viet Nam,Power sector - Coal,EMBER,,Historical,Historical EMBER yearly power-sector emissions.,EMBER series: Coal
2023,111.51,MtCO2,Viet Nam,Power sector - Coal,EMBER,,Historical,Historical EMBER yearly power-sector emissions.,EMBER series: Coal
2024,131.28,MtCO2,Viet Nam,Power sector - Coal,EMBER,,Historical,Historical EMBER yearly power-sector emissions.,EMBER series: Coal
2000,2.43,MtCO2,Viet Nam,Power sector - Gas,EMBER,,Historical,Historical EMBER yearly power-sector emissions.,EMBER series: Gas
2001,2.46,MtCO2,Viet Nam,Power sector - Gas,EMBER,,Historical,Historical EMBER yearly power-sector emissions.,EMBER series: Gas
2002,4.64,MtCO2,Viet Nam,Power sector - Gas,EMBER,,Historical,Historical EMBER yearly power-sector emissions.,EMBER series: Gas
2003,6.7,MtCO2,Viet Nam,Power sector - Gas,EMBER,,Historical,Historical EMBER yearly power-sector emissions.,EMBER series: Gas
2004,10.87,MtCO2,Viet Nam,Power sector - Gas,EMBER,,Historical,Historical EMBER yearly power-sector emissions.,EMBER series: Gas
2005,12.43,MtCO2,Viet Nam,Power sector - Gas,EMBER,,Historical,Historical EMBER yearly power-sector emissions.,EMBER series: Gas
2006,13.64,MtCO2,Viet Nam,Power sector - Gas,EMBER,,Historical,Historical EMBER yearly power-sector emissions.,EMBER series: Gas
2007,14.82,MtCO2,Viet Nam,Power sector - Gas,EMBER,,Historical,Historical EMBER yearly power-sector emissions.,EMBER series: Gas
2008,17.29,MtCO2,Viet Nam,Power sector - Gas,EMBER,,Historical,Historical EMBER yearly power-sector emissions.,EMBER series: Gas
2009,20.24,MtCO2,Viet Nam,Power sector - Gas,EMBER,,Historical,Historical EMBER yearly power-sector emissions.,EMBER series: Gas
2010,24.88,MtCO2,Viet Nam,Power sector - Gas,EMBER,,Historical,Historical EMBER yearly power-sector emissions.,EMBER series: Gas
2011,22.07,MtCO2,Viet Nam,Power sector - Gas,EMBER,,Historical,Historical EMBER yearly power-sector emissions.,EMBER series: Gas
2012,22.48,MtCO2,Viet Nam,Power sector - Gas,EMBER,,Historical,Historical EMBER yearly power-sector emissions.,EMBER series: Gas
2013,23.24,MtCO2,Viet Nam,Power sector - Gas,EMBER,,Historical,Historical EMBER yearly power-sector emissions.,EMBER series: Gas
2014,24.15,MtCO2,Viet Nam,Power sector - Gas,EMBER,,Historical,Historical EMBER yearly power-sector emissions.,EMBER series: Gas
2015,26.8,MtCO2,Viet Nam,Power sector - Gas,EMBER,,Historical,Historical EMBER yearly power-sector emissions.,EMBER series: Gas
2016,25.26,MtCO2,Viet Nam,Power sector - Gas,EMBER,,Historical,Historical EMBER yearly power-sector emissions.,EMBER series: Gas
2017,22.46,MtCO2,Viet Nam,Power sector - Gas,EMBER,,Historical,Historical EMBER yearly power-sector emissions.,EMBER series: Gas
2018,22.66,MtCO2,Viet Nam,Power sector - Gas,EMBER,,Historical,Historical EMBER yearly power-sector emissions.,EMBER series: Gas
2019,23.66,MtCO2,Viet Nam,Power sector - Gas,EMBER,,Historical,Historical EMBER yearly power-sector emissions.,EMBER series: Gas
2020,19.29,MtCO2,Viet Nam,Power sector - Gas,EMBER,,Historical,Historical EMBER yearly power-sector emissions.,EMBER series: Gas
2021,14.65,MtCO2,Viet Nam,Power sector - Gas,EMBER,,Historical,Historical EMBER yearly power-sector emissions.,EMBER series: Gas
2022,16.27,MtCO2,Viet Nam,Power sector - Gas,EMBER,,Historical,Historical EMBER yearly power-sector emissions.,EMBER series: Gas
2023,14.67,MtCO2,Viet Nam,Power sector - Gas,EMBER,,Historical,Historical EMBER yearly power-sector emissions.,EMBER series: Gas
2024,12.15,MtCO2,Viet Nam,Power sector - Gas,EMBER,,Historical,Historical EMBER yearly power-sector emissions.,EMBER series: Gas
2000,0.35,MtCO2,Viet Nam,Power sector - Hydro,EMBER,,Historical,Historical EMBER yearly power-sector emissions.,EMBER series: Hydro
2001,0.43,MtCO2,Viet Nam,Power sector - Hydro,EMBER,,Historical,Historical EMBER yearly power-sector emissions.,EMBER series: Hydro
2002,0.43,MtCO2,Viet Nam,Power sector - Hydro,EMBER,,Historical,Historical EMBER yearly power-sector emissions.,EMBER series: Hydro
2003,0.45,MtCO2,Viet Nam,Power sector - Hydro,EMBER,,Historical,Historical EMBER yearly power-sector emissions.,EMBER series: Hydro
2004,0.42,MtCO2,Viet Nam,Power sector - Hydro,EMBER,,Historical,Historical EMBER yearly power-sector emissions.,EMBER series: Hydro
2005,0.39,MtCO2,Viet Nam,Power sector - Hydro,EMBER,,Historical,Historical EMBER yearly power-sector emissions.,EMBER series: Hydro
2006,0.47,MtCO2,Viet Nam,Power sector - Hydro,EMBER,,Historical,Historical EMBER yearly power-sector emissions.,EMBER series: Hydro
2007,0.53,MtCO2,Viet Nam,Power sector - Hydro,EMBER,,Historical,Historical EMBER yearly power-sector emissions.,EMBER series: Hydro
2008,0.62,MtCO2,Viet Nam,Power sector - Hydro,EMBER,,Historical,Historical EMBER yearly power-sector emissions.,EMBER series: Hydro
2009,0.71,MtCO2,Viet Nam,Power sector - Hydro,EMBER,,Historical,Historical EMBER yearly power-sector emissions.,EMBER series: Hydro
2010,0.68,MtCO2,Viet Nam,Power sector - Hydro,EMBER,,Historical,Historical EMBER yearly power-sector emissions.,EMBER series: Hydro
2011,0.98,MtCO2,Viet Nam,Power sector - Hydro,EMBER,,Historical,Historical EMBER yearly power-sector emissions.,EMBER series: Hydro
2012,1.27,MtCO2,Viet Nam,Power sector - Hydro,EMBER,,Historical,Historical EMBER yearly power-sector emissions.,EMBER series: Hydro
2013,1.37,MtCO2,Viet Nam,Power sector - Hydro,EMBER,,Historical,Historical EMBER yearly power-sector emissions.,EMBER series: Hydro
2014,1.48,MtCO2,Viet Nam,Power sector - Hydro,EMBER,,Historical,Historical EMBER yearly power-sector emissions.,EMBER series: Hydro
2015,1.33,MtCO2,Viet Nam,Power sector - Hydro,EMBER,,Historical,Historical EMBER yearly power-sector emissions.,EMBER series: Hydro
2016,1.52,MtCO2,Viet Nam,Power sector - Hydro,EMBER,,Historical,Historical EMBER yearly power-sector emissions.,EMBER series: Hydro
2017,2.04,MtCO2,Viet Nam,Power sector - Hydro,EMBER,,Historical,Historical EMBER yearly power-sector emissions.,EMBER series: Hydro
2018,1.97,MtCO2,Viet Nam,Power sector - Hydro,EMBER,,Historical,Historical EMBER yearly power-sector emissions.,EMBER series: Hydro
2019,1.57,MtCO2,Viet Nam,Power sector - Hydro,EMBER,,Historical,Historical EMBER yearly power-sector emissions.,EMBER series: Hydro
2020,1.73,MtCO2,Viet Nam,Power sector - Hydro,EMBER,,Historical,Historical EMBER yearly power-sector emissions.,EMBER series: Hydro
2021,1.87,MtCO2,Viet Nam,Power sector - Hydro,EMBER,,Historical,Historical EMBER yearly power-sector emissions.,EMBER series: Hydro
2022,2.28,MtCO2,Viet Nam,Power sector - Hydro,EMBER,,Historical,Historical EMBER yearly power-sector emissions.,EMBER series: Hydro
2023,1.92,MtCO2,Viet Nam,Power sector - Hydro,EMBER,,Historical,Historical EMBER yearly power-sector emissions.,EMBER series: Hydro
2024,2.11,MtCO2,Viet Nam,Power sector - Hydro,EMBER,,Historical,Historical EMBER yearly power-sector emissions.,EMBER series: Hydro
2010,0,MtCO2,Viet Nam,Power sector - Nuclear,EMBER,,Historical,Historical EMBER yearly power-sector emissions.,EMBER series: Nuclear
2011,0,MtCO2,Viet Nam,Power sector - Nuclear,EMBER,,Historical,Historical EMBER yearly power-sector emissions.,EMBER series: Nuclear
2012,0,MtCO2,Viet Nam,Power sector - Nuclear,EMBER,,Historical,Historical EMBER yearly power-sector emissions.,EMBER series: Nuclear
2013,0,MtCO2,Viet Nam,Power sector - Nuclear,EMBER,,Historical,Historical EMBER yearly power-sector emissions.,EMBER series: Nuclear
2014,0,MtCO2,Viet Nam,Power sector - Nuclear,EMBER,,Historical,Historical EMBER yearly power-sector emissions.,EMBER series: Nuclear
2015,0,MtCO2,Viet Nam,Power sector - Nuclear,EMBER,,Historical,Historical EMBER yearly power-sector emissions.,EMBER series: Nuclear
2016,0,MtCO2,Viet Nam,Power sector - Nuclear,EMBER,,Historical,Historical EMBER yearly power-sector emissions.,EMBER series: Nuclear
2017,0,MtCO2,Viet Nam,Power sector - Nuclear,EMBER,,Historical,Historical EMBER yearly power-sector emissions.,EMBER series: Nuclear
2018,0,MtCO2,Viet Nam,Power sector - Nuclear,EMBER,,Historical,Historical EMBER yearly power-sector emissions.,EMBER series: Nuclear
2019,0,MtCO2,Viet Nam,Power sector - Nuclear,EMBER,,Historical,Historical EMBER yearly power-sector emissions.,EMBER series: Nuclear
2020,0,MtCO2,Viet Nam,Power sector - Nuclear,EMBER,,Historical,Historical EMBER yearly power-sector emissions.,EMBER series: Nuclear
2021,0,MtCO2,Viet Nam,Power sector - Nuclear,EMBER,,Historical,Historical EMBER yearly power-sector emissions.,EMBER series: Nuclear
2022,0,MtCO2,Viet Nam,Power sector - Nuclear,EMBER,,Historical,Historical EMBER yearly power-sector emissions.,EMBER series: Nuclear
2023,0,MtCO2,Viet Nam,Power sector - Nuclear,EMBER,,Historical,Historical EMBER yearly power-sector emissions.,EMBER series: Nuclear
2024,0,MtCO2,Viet Nam,Power sector - Nuclear,EMBER,,Historical,Historical EMBER yearly power-sector emissions.,EMBER series: Nuclear
2000,2.97,MtCO2,Viet Nam,Power sector - Other fossil,EMBER,,Historical,Historical EMBER yearly power-sector emissions.,EMBER series: Other fossil
2001,3.13,MtCO2,Viet Nam,Power sector - Other fossil,EMBER,,Historical,Historical EMBER yearly power-sector emissions.,EMBER series: Other fossil
2002,2.89,MtCO2,Viet Nam,Power sector - Other fossil,EMBER,,Historical,Historical EMBER yearly power-sector emissions.,EMBER series: Other fossil
2003,1.75,MtCO2,Viet Nam,Power sector - Other fossil,EMBER,,Historical,Historical EMBER yearly power-sector emissions.,EMBER series: Other fossil
2004,1.11,MtCO2,Viet Nam,Power sector - Other fossil,EMBER,,Historical,Historical EMBER yearly power-sector emissions.,EMBER series: Other fossil
2005,1.43,MtCO2,Viet Nam,Power sector - Other fossil,EMBER,,Historical,Historical EMBER yearly power-sector emissions.,EMBER series: Other fossil
2006,0.92,MtCO2,Viet Nam,Power sector - Other fossil,EMBER,,Historical,Historical EMBER yearly power-sector emissions.,EMBER series: Other fossil
2007,1.75,MtCO2,Viet Nam,Power sector - Other fossil,EMBER,,Historical,Historical EMBER yearly power-sector emissions.,EMBER series: Other fossil
2008,1.03,MtCO2,Viet Nam,Power sector - Other fossil,EMBER,,Historical,Historical EMBER yearly power-sector emissions.,EMBER series: Other fossil
2009,1.17,MtCO2,Viet Nam,Power sector - Other fossil,EMBER,,Historical,Historical EMBER yearly power-sector emissions.,EMBER series: Other fossil
2010,1.66,MtCO2,Viet Nam,Power sector - Other fossil,EMBER,,Historical,Historical EMBER yearly power-sector emissions.,EMBER series: Other fossil
2011,0.48,MtCO2,Viet Nam,Power sector - Other fossil,EMBER,,Historical,Historical EMBER yearly power-sector emissions.,EMBER series: Other fossil
2012,0.07,MtCO2,Viet Nam,Power sector - Other fossil,EMBER,,Historical,Historical EMBER yearly power-sector emissions.,EMBER series: Other fossil
2013,0.48,MtCO2,Viet Nam,Power sector - Other fossil,EMBER,,Historical,Historical EMBER yearly power-sector emissions.,EMBER series: Other fossil
2014,0.46,MtCO2,Viet Nam,Power sector - Other fossil,EMBER,,Historical,Historical EMBER yearly power-sector emissions.,EMBER series: Other fossil
2015,0.65,MtCO2,Viet Nam,Power sector - Other fossil,EMBER,,Historical,Historical EMBER yearly power-sector emissions.,EMBER series: Other fossil
2016,0.78,MtCO2,Viet Nam,Power sector - Other fossil,EMBER,,Historical,Historical EMBER yearly power-sector emissions.,EMBER series: Other fossil
2017,0.1,MtCO2,Viet Nam,Power sector - Other fossil,EMBER,,Historical,Historical EMBER yearly power-sector emissions.,EMBER series: Other fossil
2018,0.49,MtCO2,Viet Nam,Power sector - Other fossil,EMBER,,Historical,Historical EMBER yearly power-sector emissions.,EMBER series: Other fossil
2019,1.45,MtCO2,Viet Nam,Power sector - Other fossil,EMBER,,Historical,Historical EMBER yearly power-sector emissions.,EMBER series: Other fossil
2020,1.22,MtCO2,Viet Nam,Power sector - Other fossil,EMBER,,Historical,Historical EMBER yearly power-sector emissions.,EMBER series: Other fossil
2021,0.52,MtCO2,Viet Nam,Power sector - Other fossil,EMBER,,Historical,Historical EMBER yearly power-sector emissions.,EMBER series: Other fossil
2022,0.47,MtCO2,Viet Nam,Power sector - Other fossil,EMBER,,Historical,Historical EMBER yearly power-sector emissions.,EMBER series: Other fossil
2023,1.12,MtCO2,Viet Nam,Power sector - Other fossil,EMBER,,Historical,Historical EMBER yearly power-sector emissions.,EMBER series: Other fossil
2024,0.41,MtCO2,Viet Nam,Power sector - Other fossil,EMBER,,Historical,Historical EMBER yearly power-sector emissions.,EMBER series: Other fossil
2000,0,MtCO2,Viet Nam,Power sector - Solar,EMBER,,Historical,Historical EMBER yearly power-sector emissions.,EMBER series: Solar
2001,0,MtCO2,Viet Nam,Power sector - Solar,EMBER,,Historical,Historical EMBER yearly power-sector emissions.,EMBER series: Solar
2002,0,MtCO2,Viet Nam,Power sector - Solar,EMBER,,Historical,Historical EMBER yearly power-sector emissions.,EMBER series: Solar
2003,0,MtCO2,Viet Nam,Power sector - Solar,EMBER,,Historical,Historical EMBER yearly power-sector emissions.,EMBER series: Solar
2004,0,MtCO2,Viet Nam,Power sector - Solar,EMBER,,Historical,Historical EMBER yearly power-sector emissions.,EMBER series: Solar
2005,0,MtCO2,Viet Nam,Power sector - Solar,EMBER,,Historical,Historical EMBER yearly power-sector emissions.,EMBER series: Solar
2006,0,MtCO2,Viet Nam,Power sector - Solar,EMBER,,Historical,Historical EMBER yearly power-sector emissions.,EMBER series: Solar
2007,0,MtCO2,Viet Nam,Power sector - Solar,EMBER,,Historical,Historical EMBER yearly power-sector emissions.,EMBER series: Solar
2008,0,MtCO2,Viet Nam,Power sector - Solar,EMBER,,Historical,Historical EMBER yearly power-sector emissions.,EMBER series: Solar
2009,0,MtCO2,Viet Nam,Power sector - Solar,EMBER,,Historical,Historical EMBER yearly power-sector emissions.,EMBER series: Solar
2010,0,MtCO2,Viet Nam,Power sector - Solar,EMBER,,Historical,Historical EMBER yearly power-sector emissions.,EMBER series: Solar
2011,0,MtCO2,Viet Nam,Power sector - Solar,EMBER,,Historical,Historical EMBER yearly power-sector emissions.,EMBER series: Solar
2012,0,MtCO2,Viet Nam,Power sector - Solar,EMBER,,Historical,Historical EMBER yearly power-sector emissions.,EMBER series: Solar
2013,0,MtCO2,Viet Nam,Power sector - Solar,EMBER,,Historical,Historical EMBER yearly power-sector emissions.,EMBER series: Solar
2014,0,MtCO2,Viet Nam,Power sector - Solar,EMBER,,Historical,Historical EMBER yearly power-sector emissions.,EMBER series: Solar
2015,0,MtCO2,Viet Nam,Power sector - Solar,EMBER,,Historical,Historical EMBER yearly power-sector emissions.,EMBER series: Solar
2016,0,MtCO2,Viet Nam,Power sector - Solar,EMBER,,Historical,Historical EMBER yearly power-sector emissions.,EMBER series: Solar
2017,0,MtCO2,Viet Nam,Power sector - Solar,EMBER,,Historical,Historical EMBER yearly power-sector emissions.,EMBER series: Solar
2018,0,MtCO2,Viet Nam,Power sector - Solar,EMBER,,Historical,Historical EMBER yearly power-sector emissions.,EMBER series: Solar
2019,0.23,MtCO2,Viet Nam,Power sector - Solar,EMBER,,Historical,Historical EMBER yearly power-sector emissions.,EMBER series: Solar
2020,0.51,MtCO2,Viet Nam,Power sector - Solar,EMBER,,Historical,Historical EMBER yearly power-sector emissions.,EMBER series: Solar
2021,1.24,MtCO2,Viet Nam,Power sector - Solar,EMBER,,Historical,Historical EMBER yearly power-sector emissions.,EMBER series: Solar
2022,1.22,MtCO2,Viet Nam,Power sector - Solar,EMBER,,Historical,Historical EMBER yearly power-sector emissions.,EMBER series: Solar
2023,1.22,MtCO2,Viet Nam,Power sector - Solar,EMBER,,Historical,Historical EMBER yearly power-sector emissions.,EMBER series: Solar
2024,1.23,MtCO2,Viet Nam,Power sector - Solar,EMBER,,Historical,Historical EMBER yearly power-sector emissions.,EMBER series: Solar
2000,0,MtCO2,Viet Nam,Power sector - Wind,EMBER,,Historical,Historical EMBER yearly power-sector emissions.,EMBER series: Wind
2001,0,MtCO2,Viet Nam,Power sector - Wind,EMBER,,Historical,Historical EMBER yearly power-sector emissions.,EMBER series: Wind
2002,0,MtCO2,Viet Nam,Power sector - Wind,EMBER,,Historical,Historical EMBER yearly power-sector emissions.,EMBER series: Wind
2003,0,MtCO2,Viet Nam,Power sector - Wind,EMBER,,Historical,Historical EMBER yearly power-sector emissions.,EMBER series: Wind
2004,0,MtCO2,Viet Nam,Power sector - Wind,EMBER,,Historical,Historical EMBER yearly power-sector emissions.,EMBER series: Wind
2005,0,MtCO2,Viet Nam,Power sector - Wind,EMBER,,Historical,Historical EMBER yearly power-sector emissions.,EMBER series: Wind
2006,0,MtCO2,Viet Nam,Power sector - Wind,EMBER,,Historical,Historical EMBER yearly power-sector emissions.,EMBER series: Wind
2007,0,MtCO2,Viet Nam,Power sector - Wind,EMBER,,Historical,Historical EMBER yearly power-sector emissions.,EMBER series: Wind
2008,0,MtCO2,Viet Nam,Power sector - Wind,EMBER,,Historical,Historical EMBER yearly power-sector emissions.,EMBER series: Wind
2009,0,MtCO2,Viet Nam,Power sector - Wind,EMBER,,Historical,Historical EMBER yearly power-sector emissions.,EMBER series: Wind
2010,0,MtCO2,Viet Nam,Power sector - Wind,EMBER,,Historical,Historical EMBER yearly power-sector emissions.,EMBER series: Wind
2011,0,MtCO2,Viet Nam,Power sector - Wind,EMBER,,Historical,Historical EMBER yearly power-sector emissions.,EMBER series: Wind
2012,0,MtCO2,Viet Nam,Power sector - Wind,EMBER,,Historical,Historical EMBER yearly power-sector emissions.,EMBER series: Wind
2013,0,MtCO2,Viet Nam,Power sector - Wind,EMBER,,Historical,Historical EMBER yearly power-sector emissions.,EMBER series: Wind
2014,0,MtCO2,Viet Nam,Power sector - Wind,EMBER,,Historical,Historical EMBER yearly power-sector emissions.,EMBER series: Wind
2015,0,MtCO2,Viet Nam,Power sector - Wind,EMBER,,Historical,Historical EMBER yearly power-sector emissions.,EMBER series: Wind
2016,0,MtCO2,Viet Nam,Power sector - Wind,EMBER,,Historical,Historical EMBER yearly power-sector emissions.,EMBER series: Wind
2017,0.01,MtCO2,Viet Nam,Power sector - Wind,EMBER,,Historical,Historical EMBER yearly power-sector emissions.,EMBER series: Wind
2018,0.01,MtCO2,Viet Nam,Power sector - Wind,EMBER,,Historical,Historical EMBER yearly power-sector emissions.,EMBER series: Wind
2019,0.01,MtCO2,Viet Nam,Power sector - Wind,EMBER,,Historical,Historical EMBER yearly power-sector emissions.,EMBER series: Wind
2020,0.01,MtCO2,Viet Nam,Power sector - Wind,EMBER,,Historical,Historical EMBER yearly power-sector emissions.,EMBER series: Wind
2021,0.05,MtCO2,Viet Nam,Power sector - Wind,EMBER,,Historical,Historical EMBER yearly power-sector emissions.,EMBER series: Wind
2022,0.13,MtCO2,Viet Nam,Power sector - Wind,EMBER,,Historical,Historical EMBER yearly power-sector emissions.,EMBER series: Wind
2023,0.16,MtCO2,Viet Nam,Power sector - Wind,EMBER,,Historical,Historical EMBER yearly power-sector emissions.,EMBER series: Wind
2024,0.18,MtCO2,Viet Nam,Power sector - Wind,EMBER,,Historical,Historical EMBER yearly power-sector emissions.,EMBER series: Wind
2000,44.237,MtCO2,Viet Nam,Energy-related CO2 from fuel combustion,IEA,,Historical,Historical CO2 emissions from fuel combustion.,"Original value column: CO2 emissions from fuel combustion, Viet Nam"
2001,48.811,MtCO2,Viet Nam,Energy-related CO2 from fuel combustion,IEA,,Historical,Historical CO2 emissions from fuel combustion.,"Original value column: CO2 emissions from fuel combustion, Viet Nam"
2002,57.187,MtCO2,Viet Nam,Energy-related CO2 from fuel combustion,IEA,,Historical,Historical CO2 emissions from fuel combustion.,"Original value column: CO2 emissions from fuel combustion, Viet Nam"
2003,60.316,MtCO2,Viet Nam,Energy-related CO2 from fuel combustion,IEA,,Historical,Historical CO2 emissions from fuel combustion.,"Original value column: CO2 emissions from fuel combustion, Viet Nam"
2004,73.549,MtCO2,Viet Nam,Energy-related CO2 from fuel combustion,IEA,,Historical,Historical CO2 emissions from fuel combustion.,"Original value column: CO2 emissions from fuel combustion, Viet Nam"
2005,79.23,MtCO2,Viet Nam,Energy-related CO2 from fuel combustion,IEA,,Historical,Historical CO2 emissions from fuel combustion.,"Original value column: CO2 emissions from fuel combustion, Viet Nam"
2006,81.577,MtCO2,Viet Nam,Energy-related CO2 from fuel combustion,IEA,,Historical,Historical CO2 emissions from fuel combustion.,"Original value column: CO2 emissions from fuel combustion, Viet Nam"
2007,90.003,MtCO2,Viet Nam,Energy-related CO2 from fuel combustion,IEA,,Historical,Historical CO2 emissions from fuel combustion.,"Original value column: CO2 emissions from fuel combustion, Viet Nam"
2008,101.243,MtCO2,Viet Nam,Energy-related CO2 from fuel combustion,IEA,,Historical,Historical CO2 emissions from fuel combustion.,"Original value column: CO2 emissions from fuel combustion, Viet Nam"
2009,111.993,MtCO2,Viet Nam,Energy-related CO2 from fuel combustion,IEA,,Historical,Historical CO2 emissions from fuel combustion.,"Original value column: CO2 emissions from fuel combustion, Viet Nam"
2010,126.659,MtCO2,Viet Nam,Energy-related CO2 from fuel combustion,IEA,,Historical,Historical CO2 emissions from fuel combustion.,"Original value column: CO2 emissions from fuel combustion, Viet Nam"
2011,126.354,MtCO2,Viet Nam,Energy-related CO2 from fuel combustion,IEA,,Historical,Historical CO2 emissions from fuel combustion.,"Original value column: CO2 emissions from fuel combustion, Viet Nam"
2012,125.598,MtCO2,Viet Nam,Energy-related CO2 from fuel combustion,IEA,,Historical,Historical CO2 emissions from fuel combustion.,"Original value column: CO2 emissions from fuel combustion, Viet Nam"
2013,131.891,MtCO2,Viet Nam,Energy-related CO2 from fuel combustion,IEA,,Historical,Historical CO2 emissions from fuel combustion.,"Original value column: CO2 emissions from fuel combustion, Viet Nam"
2014,145.914,MtCO2,Viet Nam,Energy-related CO2 from fuel combustion,IEA,,Historical,Historical CO2 emissions from fuel combustion.,"Original value column: CO2 emissions from fuel combustion, Viet Nam"
2015,165.16,MtCO2,Viet Nam,Energy-related CO2 from fuel combustion,IEA,,Historical,Historical CO2 emissions from fuel combustion.,"Original value column: CO2 emissions from fuel combustion, Viet Nam"
2016,184.133,MtCO2,Viet Nam,Energy-related CO2 from fuel combustion,IEA,,Historical,Historical CO2 emissions from fuel combustion.,"Original value column: CO2 emissions from fuel combustion, Viet Nam"
2017,185.881,MtCO2,Viet Nam,Energy-related CO2 from fuel combustion,IEA,,Historical,Historical CO2 emissions from fuel combustion.,"Original value column: CO2 emissions from fuel combustion, Viet Nam"
2018,235.833,MtCO2,Viet Nam,Energy-related CO2 from fuel combustion,IEA,,Historical,Historical CO2 emissions from fuel combustion.,"Original value column: CO2 emissions from fuel combustion, Viet Nam"
2019,283.616,MtCO2,Viet Nam,Energy-related CO2 from fuel combustion,IEA,,Historical,Historical CO2 emissions from fuel combustion.,"Original value column: CO2 emissions from fuel combustion, Viet Nam"
2020,293.785,MtCO2,Viet Nam,Energy-related CO2 from fuel combustion,IEA,,Historical,Historical CO2 emissions from fuel combustion.,"Original value column: CO2 emissions from fuel combustion, Viet Nam"
2021,280.442,MtCO2,Viet Nam,Energy-related CO2 from fuel combustion,IEA,,Historical,Historical CO2 emissions from fuel combustion.,"Original value column: CO2 emissions from fuel combustion, Viet Nam"
2022,285.994,MtCO2,Viet Nam,Energy-related CO2 from fuel combustion,IEA,,Historical,Historical CO2 emissions from fuel combustion.,"Original value column: CO2 emissions from fuel combustion, Viet Nam"
2023,292.879,MtCO2,Viet Nam,Energy-related CO2 from fuel combustion,IEA,,Historical,Historical CO2 emissions from fuel combustion.,"Original value column: CO2 emissions from fuel combustion, Viet Nam"
2000,44.237,MtCO2e,Viet Nam,Energy-related emissions,IEA historical + DEA/PDP8 projection,PDP8-compatible BSL,Historical,Uses IEA historical values where available; otherwise uses DEA BSL non-power emissions plus the PDP8-compatible power pathway.,Projection combines DEA non-power CO2eq with EMBER/PDP8 power CO2; interpret as an energy-emissions pathway in MtCO2e-equivalent terms.
2001,48.811,MtCO2e,Viet Nam,Energy-related emissions,IEA historical + DEA/PDP8 projection,PDP8-compatible BSL,Historical,Uses IEA historical values where available; otherwise uses DEA BSL non-power emissions plus the PDP8-compatible power pathway.,Projection combines DEA non-power CO2eq with EMBER/PDP8 power CO2; interpret as an energy-emissions pathway in MtCO2e-equivalent terms.
2002,57.187,MtCO2e,Viet Nam,Energy-related emissions,IEA historical + DEA/PDP8 projection,PDP8-compatible BSL,Historical,Uses IEA historical values where available; otherwise uses DEA BSL non-power emissions plus the PDP8-compatible power pathway.,Projection combines DEA non-power CO2eq with EMBER/PDP8 power CO2; interpret as an energy-emissions pathway in MtCO2e-equivalent terms.
2003,60.316,MtCO2e,Viet Nam,Energy-related emissions,IEA historical + DEA/PDP8 projection,PDP8-compatible BSL,Historical,Uses IEA historical values where available; otherwise uses DEA BSL non-power emissions plus the PDP8-compatible power pathway.,Projection combines DEA non-power CO2eq with EMBER/PDP8 power CO2; interpret as an energy-emissions pathway in MtCO2e-equivalent terms.
2004,73.549,MtCO2e,Viet Nam,Energy-related emissions,IEA historical + DEA/PDP8 projection,PDP8-compatible BSL,Historical,Uses IEA historical values where available; otherwise uses DEA BSL non-power emissions plus the PDP8-compatible power pathway.,Projection combines DEA non-power CO2eq with EMBER/PDP8 power CO2; interpret as an energy-emissions pathway in MtCO2e-equivalent terms.
2005,79.23,MtCO2e,Viet Nam,Energy-related emissions,IEA historical + DEA/PDP8 projection,PDP8-compatible BSL,Historical,Uses IEA historical values where available; otherwise uses DEA BSL non-power emissions plus the PDP8-compatible power pathway.,Projection combines DEA non-power CO2eq with EMBER/PDP8 power CO2; interpret as an energy-emissions pathway in MtCO2e-equivalent terms.
2006,81.577,MtCO2e,Viet Nam,Energy-related emissions,IEA historical + DEA/PDP8 projection,PDP8-compatible BSL,Historical,Uses IEA historical values where available; otherwise uses DEA BSL non-power emissions plus the PDP8-compatible power pathway.,Projection combines DEA non-power CO2eq with EMBER/PDP8 power CO2; interpret as an energy-emissions pathway in MtCO2e-equivalent terms.
2007,90.003,MtCO2e,Viet Nam,Energy-related emissions,IEA historical + DEA/PDP8 projection,PDP8-compatible BSL,Historical,Uses IEA historical values where available; otherwise uses DEA BSL non-power emissions plus the PDP8-compatible power pathway.,Projection combines DEA non-power CO2eq with EMBER/PDP8 power CO2; interpret as an energy-emissions pathway in MtCO2e-equivalent terms.
2008,101.243,MtCO2e,Viet Nam,Energy-related emissions,IEA historical + DEA/PDP8 projection,PDP8-compatible BSL,Historical,Uses IEA historical values where available; otherwise uses DEA BSL non-power emissions plus the PDP8-compatible power pathway.,Projection combines DEA non-power CO2eq with EMBER/PDP8 power CO2; interpret as an energy-emissions pathway in MtCO2e-equivalent terms.
2009,111.993,MtCO2e,Viet Nam,Energy-related emissions,IEA historical + DEA/PDP8 projection,PDP8-compatible BSL,Historical,Uses IEA historical values where available; otherwise uses DEA BSL non-power emissions plus the PDP8-compatible power pathway.,Projection combines DEA non-power CO2eq with EMBER/PDP8 power CO2; interpret as an energy-emissions pathway in MtCO2e-equivalent terms.
2010,126.659,MtCO2e,Viet Nam,Energy-related emissions,IEA historical + DEA/PDP8 projection,PDP8-compatible BSL,Historical,Uses IEA historical values where available; otherwise uses DEA BSL non-power emissions plus the PDP8-compatible power pathway.,Projection combines DEA non-power CO2eq with EMBER/PDP8 power CO2; interpret as an energy-emissions pathway in MtCO2e-equivalent terms.
2011,126.354,MtCO2e,Viet Nam,Energy-related emissions,IEA historical + DEA/PDP8 projection,PDP8-compatible BSL,Historical,Uses IEA historical values where available; otherwise uses DEA BSL non-power emissions plus the PDP8-compatible power pathway.,Projection combines DEA non-power CO2eq with EMBER/PDP8 power CO2; interpret as an energy-emissions pathway in MtCO2e-equivalent terms.
2012,125.598,MtCO2e,Viet Nam,Energy-related emissions,IEA historical + DEA/PDP8 projection,PDP8-compatible BSL,Historical,Uses IEA historical values where available; otherwise uses DEA BSL non-power emissions plus the PDP8-compatible power pathway.,Projection combines DEA non-power CO2eq with EMBER/PDP8 power CO2; interpret as an energy-emissions pathway in MtCO2e-equivalent terms.
2013,131.891,MtCO2e,Viet Nam,Energy-related emissions,IEA historical + DEA/PDP8 projection,PDP8-compatible BSL,Historical,Uses IEA historical values where available; otherwise uses DEA BSL non-power emissions plus the PDP8-compatible power pathway.,Projection combines DEA non-power CO2eq with EMBER/PDP8 power CO2; interpret as an energy-emissions pathway in MtCO2e-equivalent terms.
2014,145.914,MtCO2e,Viet Nam,Energy-related emissions,IEA historical + DEA/PDP8 projection,PDP8-compatible BSL,Historical,Uses IEA historical values where available; otherwise uses DEA BSL non-power emissions plus the PDP8-compatible power pathway.,Projection combines DEA non-power CO2eq with EMBER/PDP8 power CO2; interpret as an energy-emissions pathway in MtCO2e-equivalent terms.
2015,165.16,MtCO2e,Viet Nam,Energy-related emissions,IEA historical + DEA/PDP8 projection,PDP8-compatible BSL,Historical,Uses IEA historical values where available; otherwise uses DEA BSL non-power emissions plus the PDP8-compatible power pathway.,Projection combines DEA non-power CO2eq with EMBER/PDP8 power CO2; interpret as an energy-emissions pathway in MtCO2e-equivalent terms.
2016,184.133,MtCO2e,Viet Nam,Energy-related emissions,IEA historical + DEA/PDP8 projection,PDP8-compatible BSL,Historical,Uses IEA historical values where available; otherwise uses DEA BSL non-power emissions plus the PDP8-compatible power pathway.,Projection combines DEA non-power CO2eq with EMBER/PDP8 power CO2; interpret as an energy-emissions pathway in MtCO2e-equivalent terms.
2017,185.881,MtCO2e,Viet Nam,Energy-related emissions,IEA historical + DEA/PDP8 projection,PDP8-compatible BSL,Historical,Uses IEA historical values where available; otherwise uses DEA BSL non-power emissions plus the PDP8-compatible power pathway.,Projection combines DEA non-power CO2eq with EMBER/PDP8 power CO2; interpret as an energy-emissions pathway in MtCO2e-equivalent terms.
2018,235.833,MtCO2e,Viet Nam,Energy-related emissions,IEA historical + DEA/PDP8 projection,PDP8-compatible BSL,Historical,Uses IEA historical values where available; otherwise uses DEA BSL non-power emissions plus the PDP8-compatible power pathway.,Projection combines DEA non-power CO2eq with EMBER/PDP8 power CO2; interpret as an energy-emissions pathway in MtCO2e-equivalent terms.
2019,283.616,MtCO2e,Viet Nam,Energy-related emissions,IEA historical + DEA/PDP8 projection,PDP8-compatible BSL,Historical,Uses IEA historical values where available; otherwise uses DEA BSL non-power emissions plus the PDP8-compatible power pathway.,Projection combines DEA non-power CO2eq with EMBER/PDP8 power CO2; interpret as an energy-emissions pathway in MtCO2e-equivalent terms.
2020,293.785,MtCO2e,Viet Nam,Energy-related emissions,IEA historical + DEA/PDP8 projection,PDP8-compatible BSL,Historical,Uses IEA historical values where available; otherwise uses DEA BSL non-power emissions plus the PDP8-compatible power pathway.,Projection combines DEA non-power CO2eq with EMBER/PDP8 power CO2; interpret as an energy-emissions pathway in MtCO2e-equivalent terms.
2021,280.442,MtCO2e,Viet Nam,Energy-related emissions,IEA historical + DEA/PDP8 projection,PDP8-compatible BSL,Historical,Uses IEA historical values where available; otherwise uses DEA BSL non-power emissions plus the PDP8-compatible power pathway.,Projection combines DEA non-power CO2eq with EMBER/PDP8 power CO2; interpret as an energy-emissions pathway in MtCO2e-equivalent terms.
2022,285.994,MtCO2e,Viet Nam,Energy-related emissions,IEA historical + DEA/PDP8 projection,PDP8-compatible BSL,Historical,Uses IEA historical values where available; otherwise uses DEA BSL non-power emissions plus the PDP8-compatible power pathway.,Projection combines DEA non-power CO2eq with EMBER/PDP8 power CO2; interpret as an energy-emissions pathway in MtCO2e-equivalent terms.
2023,292.879,MtCO2e,Viet Nam,Energy-related emissions,IEA historical + DEA/PDP8 projection,PDP8-compatible BSL,Historical,Uses IEA historical values where available; otherwise uses DEA BSL non-power emissions plus the PDP8-compatible power pathway.,Projection combines DEA non-power CO2eq with EMBER/PDP8 power CO2; interpret as an energy-emissions pathway in MtCO2e-equivalent terms.
2024,381.58000000000004,MtCO2e,Viet Nam,Energy-related emissions,IEA historical + DEA/PDP8 projection,PDP8-compatible BSL,Projected,Uses IEA historical values where available; otherwise uses DEA BSL non-power emissions plus the PDP8-compatible power pathway.,Projection combines DEA non-power CO2eq with EMBER/PDP8 power CO2; interpret as an energy-emissions pathway in MtCO2e-equivalent terms.
2025,385.31666666666666,MtCO2e,Viet Nam,Energy-related emissions,IEA historical + DEA/PDP8 projection,PDP8-compatible BSL,Projected,Uses IEA historical values where available; otherwise uses DEA BSL non-power emissions plus the PDP8-compatible power pathway.,Projection combines DEA non-power CO2eq with EMBER/PDP8 power CO2; interpret as an energy-emissions pathway in MtCO2e-equivalent terms.
2026,389.05333333333334,MtCO2e,Viet Nam,Energy-related emissions,IEA historical + DEA/PDP8 projection,PDP8-compatible BSL,Projected,Uses IEA historical values where available; otherwise uses DEA BSL non-power emissions plus the PDP8-compatible power pathway.,Projection combines DEA non-power CO2eq with EMBER/PDP8 power CO2; interpret as an energy-emissions pathway in MtCO2e-equivalent terms.
2027,392.79,MtCO2e,Viet Nam,Energy-related emissions,IEA historical + DEA/PDP8 projection,PDP8-compatible BSL,Projected,Uses IEA historical values where available; otherwise uses DEA BSL non-power emissions plus the PDP8-compatible power pathway.,Projection combines DEA non-power CO2eq with EMBER/PDP8 power CO2; interpret as an energy-emissions pathway in MtCO2e-equivalent terms.
2028,396.52666666666664,MtCO2e,Viet Nam,Energy-related emissions,IEA historical + DEA/PDP8 projection,PDP8-compatible BSL,Projected,Uses IEA historical values where available; otherwise uses DEA BSL non-power emissions plus the PDP8-compatible power pathway.,Projection combines DEA non-power CO2eq with EMBER/PDP8 power CO2; interpret as an energy-emissions pathway in MtCO2e-equivalent terms.
2029,400.2633333333333,MtCO2e,Viet Nam,Energy-related emissions,IEA historical + DEA/PDP8 projection,PDP8-compatible BSL,Projected,Uses IEA historical values where available; otherwise uses DEA BSL non-power emissions plus the PDP8-compatible power pathway.,Projection combines DEA non-power CO2eq with EMBER/PDP8 power CO2; interpret as an energy-emissions pathway in MtCO2e-equivalent terms.
2030,404,MtCO2e,Viet Nam,Energy-related emissions,IEA historical + DEA/PDP8 projection,PDP8-compatible BSL,Projected,Uses IEA historical values where available; otherwise uses DEA BSL non-power emissions plus the PDP8-compatible power pathway.,Projection combines DEA non-power CO2eq with EMBER/PDP8 power CO2; interpret as an energy-emissions pathway in MtCO2e-equivalent terms.
2031,393.6,MtCO2e,Viet Nam,Energy-related emissions,IEA historical + DEA/PDP8 projection,PDP8-compatible BSL,Projected,Uses IEA historical values where available; otherwise uses DEA BSL non-power emissions plus the PDP8-compatible power pathway.,Projection combines DEA non-power CO2eq with EMBER/PDP8 power CO2; interpret as an energy-emissions pathway in MtCO2e-equivalent terms.
2032,383.2,MtCO2e,Viet Nam,Energy-related emissions,IEA historical + DEA/PDP8 projection,PDP8-compatible BSL,Projected,Uses IEA historical values where available; otherwise uses DEA BSL non-power emissions plus the PDP8-compatible power pathway.,Projection combines DEA non-power CO2eq with EMBER/PDP8 power CO2; interpret as an energy-emissions pathway in MtCO2e-equivalent terms.
2033,372.8,MtCO2e,Viet Nam,Energy-related emissions,IEA historical + DEA/PDP8 projection,PDP8-compatible BSL,Projected,Uses IEA historical values where available; otherwise uses DEA BSL non-power emissions plus the PDP8-compatible power pathway.,Projection combines DEA non-power CO2eq with EMBER/PDP8 power CO2; interpret as an energy-emissions pathway in MtCO2e-equivalent terms.
2034,362.4,MtCO2e,Viet Nam,Energy-related emissions,IEA historical + DEA/PDP8 projection,PDP8-compatible BSL,Projected,Uses IEA historical values where available; otherwise uses DEA BSL non-power emissions plus the PDP8-compatible power pathway.,Projection combines DEA non-power CO2eq with EMBER/PDP8 power CO2; interpret as an energy-emissions pathway in MtCO2e-equivalent terms.
2035,352,MtCO2e,Viet Nam,Energy-related emissions,IEA historical + DEA/PDP8 projection,PDP8-compatible BSL,Projected,Uses IEA historical values where available; otherwise uses DEA BSL non-power emissions plus the PDP8-compatible power pathway.,Projection combines DEA non-power CO2eq with EMBER/PDP8 power CO2; interpret as an energy-emissions pathway in MtCO2e-equivalent terms.
2036,341.6,MtCO2e,Viet Nam,Energy-related emissions,IEA historical + DEA/PDP8 projection,PDP8-compatible BSL,Projected,Uses IEA historical values where available; otherwise uses DEA BSL non-power emissions plus the PDP8-compatible power pathway.,Projection combines DEA non-power CO2eq with EMBER/PDP8 power CO2; interpret as an energy-emissions pathway in MtCO2e-equivalent terms.
2037,331.2,MtCO2e,Viet Nam,Energy-related emissions,IEA historical + DEA/PDP8 projection,PDP8-compatible BSL,Projected,Uses IEA historical values where available; otherwise uses DEA BSL non-power emissions plus the PDP8-compatible power pathway.,Projection combines DEA non-power CO2eq with EMBER/PDP8 power CO2; interpret as an energy-emissions pathway in MtCO2e-equivalent terms.
2038,320.8,MtCO2e,Viet Nam,Energy-related emissions,IEA historical + DEA/PDP8 projection,PDP8-compatible BSL,Projected,Uses IEA historical values where available; otherwise uses DEA BSL non-power emissions plus the PDP8-compatible power pathway.,Projection combines DEA non-power CO2eq with EMBER/PDP8 power CO2; interpret as an energy-emissions pathway in MtCO2e-equivalent terms.
2039,310.4,MtCO2e,Viet Nam,Energy-related emissions,IEA historical + DEA/PDP8 projection,PDP8-compatible BSL,Projected,Uses IEA historical values where available; otherwise uses DEA BSL non-power emissions plus the PDP8-compatible power pathway.,Projection combines DEA non-power CO2eq with EMBER/PDP8 power CO2; interpret as an energy-emissions pathway in MtCO2e-equivalent terms.
2040,300,MtCO2e,Viet Nam,Energy-related emissions,IEA historical + DEA/PDP8 projection,PDP8-compatible BSL,Projected,Uses IEA historical values where available; otherwise uses DEA BSL non-power emissions plus the PDP8-compatible power pathway.,Projection combines DEA non-power CO2eq with EMBER/PDP8 power CO2; interpret as an energy-emissions pathway in MtCO2e-equivalent terms.
2041,289.6,MtCO2e,Viet Nam,Energy-related emissions,IEA historical + DEA/PDP8 projection,PDP8-compatible BSL,Projected,Uses IEA historical values where available; otherwise uses DEA BSL non-power emissions plus the PDP8-compatible power pathway.,Projection combines DEA non-power CO2eq with EMBER/PDP8 power CO2; interpret as an energy-emissions pathway in MtCO2e-equivalent terms.
2042,279.2,MtCO2e,Viet Nam,Energy-related emissions,IEA historical + DEA/PDP8 projection,PDP8-compatible BSL,Projected,Uses IEA historical values where available; otherwise uses DEA BSL non-power emissions plus the PDP8-compatible power pathway.,Projection combines DEA non-power CO2eq with EMBER/PDP8 power CO2; interpret as an energy-emissions pathway in MtCO2e-equivalent terms.
2043,268.8,MtCO2e,Viet Nam,Energy-related emissions,IEA historical + DEA/PDP8 projection,PDP8-compatible BSL,Projected,Uses IEA historical values where available; otherwise uses DEA BSL non-power emissions plus the PDP8-compatible power pathway.,Projection combines DEA non-power CO2eq with EMBER/PDP8 power CO2; interpret as an energy-emissions pathway in MtCO2e-equivalent terms.
2044,258.4,MtCO2e,Viet Nam,Energy-related emissions,IEA historical + DEA/PDP8 projection,PDP8-compatible BSL,Projected,Uses IEA historical values where available; otherwise uses DEA BSL non-power emissions plus the PDP8-compatible power pathway.,Projection combines DEA non-power CO2eq with EMBER/PDP8 power CO2; interpret as an energy-emissions pathway in MtCO2e-equivalent terms.
2045,248,MtCO2e,Viet Nam,Energy-related emissions,IEA historical + DEA/PDP8 projection,PDP8-compatible BSL,Projected,Uses IEA historical values where available; otherwise uses DEA BSL non-power emissions plus the PDP8-compatible power pathway.,Projection combines DEA non-power CO2eq with EMBER/PDP8 power CO2; interpret as an energy-emissions pathway in MtCO2e-equivalent terms.
2046,237.6,MtCO2e,Viet Nam,Energy-related emissions,IEA historical + DEA/PDP8 projection,PDP8-compatible BSL,Projected,Uses IEA historical values where available; otherwise uses DEA BSL non-power emissions plus the PDP8-compatible power pathway.,Projection combines DEA non-power CO2eq with EMBER/PDP8 power CO2; interpret as an energy-emissions pathway in MtCO2e-equivalent terms.
2047,227.2,MtCO2e,Viet Nam,Energy-related emissions,IEA historical + DEA/PDP8 projection,PDP8-compatible BSL,Projected,Uses IEA historical values where available; otherwise uses DEA BSL non-power emissions plus the PDP8-compatible power pathway.,Projection combines DEA non-power CO2eq with EMBER/PDP8 power CO2; interpret as an energy-emissions pathway in MtCO2e-equivalent terms.
2048,216.79999999999998,MtCO2e,Viet Nam,Energy-related emissions,IEA historical + DEA/PDP8 projection,PDP8-compatible BSL,Projected,Uses IEA historical values where available; otherwise uses DEA BSL non-power emissions plus the PDP8-compatible power pathway.,Projection combines DEA non-power CO2eq with EMBER/PDP8 power CO2; interpret as an energy-emissions pathway in MtCO2e-equivalent terms.
2049,206.4,MtCO2e,Viet Nam,Energy-related emissions,IEA historical + DEA/PDP8 projection,PDP8-compatible BSL,Projected,Uses IEA historical values where available; otherwise uses DEA BSL non-power emissions plus the PDP8-compatible power pathway.,Projection combines DEA non-power CO2eq with EMBER/PDP8 power CO2; interpret as an energy-emissions pathway in MtCO2e-equivalent terms.
2050,196,MtCO2e,Viet Nam,Energy-related emissions,IEA historical + DEA/PDP8 projection,PDP8-compatible BSL,Projected,Uses IEA historical values where available; otherwise uses DEA BSL non-power emissions plus the PDP8-compatible power pathway.,Projection combines DEA non-power CO2eq with EMBER/PDP8 power CO2; interpret as an energy-emissions pathway in MtCO2e-equivalent terms.
2000,8.55,MtCO2,Viet Nam,Power sector,PDP8-compatible pathway,PDP8,Historical,"Linear path from the latest EMBER observation to the 2030 PDP8 target, then linearly to the 2050 PDP8 target.",PDP8 targets: 2030 = 170 MtCO2; 2050 = 27 MtCO2.
2001,8.9,MtCO2,Viet Nam,Power sector,PDP8-compatible pathway,PDP8,Historical,"Linear path from the latest EMBER observation to the 2030 PDP8 target, then linearly to the 2050 PDP8 target.",PDP8 targets: 2030 = 170 MtCO2; 2050 = 27 MtCO2.
2002,12.33,MtCO2,Viet Nam,Power sector,PDP8-compatible pathway,PDP8,Historical,"Linear path from the latest EMBER observation to the 2030 PDP8 target, then linearly to the 2050 PDP8 target.",PDP8 targets: 2030 = 170 MtCO2; 2050 = 27 MtCO2.
2003,15.38,MtCO2,Viet Nam,Power sector,PDP8-compatible pathway,PDP8,Historical,"Linear path from the latest EMBER observation to the 2030 PDP8 target, then linearly to the 2050 PDP8 target.",PDP8 targets: 2030 = 170 MtCO2; 2050 = 27 MtCO2.
2004,18.81,MtCO2,Viet Nam,Power sector,PDP8-compatible pathway,PDP8,Historical,"Linear path from the latest EMBER observation to the 2030 PDP8 target, then linearly to the 2050 PDP8 target.",PDP8 targets: 2030 = 170 MtCO2; 2050 = 27 MtCO2.
2005,24.09,MtCO2,Viet Nam,Power sector,PDP8-compatible pathway,PDP8,Historical,"Linear path from the latest EMBER observation to the 2030 PDP8 target, then linearly to the 2050 PDP8 target.",PDP8 targets: 2030 = 170 MtCO2; 2050 = 27 MtCO2.
2006,25.96,MtCO2,Viet Nam,Power sector,PDP8-compatible pathway,PDP8,Historical,"Linear path from the latest EMBER observation to the 2030 PDP8 target, then linearly to the 2050 PDP8 target.",PDP8 targets: 2030 = 170 MtCO2; 2050 = 27 MtCO2.
2007,28.16,MtCO2,Viet Nam,Power sector,PDP8-compatible pathway,PDP8,Historical,"Linear path from the latest EMBER observation to the 2030 PDP8 target, then linearly to the 2050 PDP8 target.",PDP8 targets: 2030 = 170 MtCO2; 2050 = 27 MtCO2.
2008,29.93,MtCO2,Viet Nam,Power sector,PDP8-compatible pathway,PDP8,Historical,"Linear path from the latest EMBER observation to the 2030 PDP8 target, then linearly to the 2050 PDP8 target.",PDP8 targets: 2030 = 170 MtCO2; 2050 = 27 MtCO2.
2009,33.22,MtCO2,Viet Nam,Power sector,PDP8-compatible pathway,PDP8,Historical,"Linear path from the latest EMBER observation to the 2030 PDP8 target, then linearly to the 2050 PDP8 target.",PDP8 targets: 2030 = 170 MtCO2; 2050 = 27 MtCO2.
2010,41.34,MtCO2,Viet Nam,Power sector,PDP8-compatible pathway,PDP8,Historical,"Linear path from the latest EMBER observation to the 2030 PDP8 target, then linearly to the 2050 PDP8 target.",PDP8 targets: 2030 = 170 MtCO2; 2050 = 27 MtCO2.
2011,41.16,MtCO2,Viet Nam,Power sector,PDP8-compatible pathway,PDP8,Historical,"Linear path from the latest EMBER observation to the 2030 PDP8 target, then linearly to the 2050 PDP8 target.",PDP8 targets: 2030 = 170 MtCO2; 2050 = 27 MtCO2.
2012,42.54,MtCO2,Viet Nam,Power sector,PDP8-compatible pathway,PDP8,Historical,"Linear path from the latest EMBER observation to the 2030 PDP8 target, then linearly to the 2050 PDP8 target.",PDP8 targets: 2030 = 170 MtCO2; 2050 = 27 MtCO2.
2013,46.22,MtCO2,Viet Nam,Power sector,PDP8-compatible pathway,PDP8,Historical,"Linear path from the latest EMBER observation to the 2030 PDP8 target, then linearly to the 2050 PDP8 target.",PDP8 targets: 2030 = 170 MtCO2; 2050 = 27 MtCO2.
2014,56.67,MtCO2,Viet Nam,Power sector,PDP8-compatible pathway,PDP8,Historical,"Linear path from the latest EMBER observation to the 2030 PDP8 target, then linearly to the 2050 PDP8 target.",PDP8 targets: 2030 = 170 MtCO2; 2050 = 27 MtCO2.
2015,78.34,MtCO2,Viet Nam,Power sector,PDP8-compatible pathway,PDP8,Historical,"Linear path from the latest EMBER observation to the 2030 PDP8 target, then linearly to the 2050 PDP8 target.",PDP8 targets: 2030 = 170 MtCO2; 2050 = 27 MtCO2.
2016,87.64,MtCO2,Viet Nam,Power sector,PDP8-compatible pathway,PDP8,Historical,"Linear path from the latest EMBER observation to the 2030 PDP8 target, then linearly to the 2050 PDP8 target.",PDP8 targets: 2030 = 170 MtCO2; 2050 = 27 MtCO2.
2017,83.84,MtCO2,Viet Nam,Power sector,PDP8-compatible pathway,PDP8,Historical,"Linear path from the latest EMBER observation to the 2030 PDP8 target, then linearly to the 2050 PDP8 target.",PDP8 targets: 2030 = 170 MtCO2; 2050 = 27 MtCO2.
2018,104.89,MtCO2,Viet Nam,Power sector,PDP8-compatible pathway,PDP8,Historical,"Linear path from the latest EMBER observation to the 2030 PDP8 target, then linearly to the 2050 PDP8 target.",PDP8 targets: 2030 = 170 MtCO2; 2050 = 27 MtCO2.
2019,131.23,MtCO2,Viet Nam,Power sector,PDP8-compatible pathway,PDP8,Historical,"Linear path from the latest EMBER observation to the 2030 PDP8 target, then linearly to the 2050 PDP8 target.",PDP8 targets: 2030 = 170 MtCO2; 2050 = 27 MtCO2.
2020,128.97,MtCO2,Viet Nam,Power sector,PDP8-compatible pathway,PDP8,Historical,"Linear path from the latest EMBER observation to the 2030 PDP8 target, then linearly to the 2050 PDP8 target.",PDP8 targets: 2030 = 170 MtCO2; 2050 = 27 MtCO2.
2021,120.51,MtCO2,Viet Nam,Power sector,PDP8-compatible pathway,PDP8,Historical,"Linear path from the latest EMBER observation to the 2030 PDP8 target, then linearly to the 2050 PDP8 target.",PDP8 targets: 2030 = 170 MtCO2; 2050 = 27 MtCO2.
2022,110.15,MtCO2,Viet Nam,Power sector,PDP8-compatible pathway,PDP8,Historical,"Linear path from the latest EMBER observation to the 2030 PDP8 target, then linearly to the 2050 PDP8 target.",PDP8 targets: 2030 = 170 MtCO2; 2050 = 27 MtCO2.
2023,130.79,MtCO2,Viet Nam,Power sector,PDP8-compatible pathway,PDP8,Historical,"Linear path from the latest EMBER observation to the 2030 PDP8 target, then linearly to the 2050 PDP8 target.",PDP8 targets: 2030 = 170 MtCO2; 2050 = 27 MtCO2.
2024,147.58,MtCO2,Viet Nam,Power sector,PDP8-compatible pathway,PDP8,Historical,"Linear path from the latest EMBER observation to the 2030 PDP8 target, then linearly to the 2050 PDP8 target.",PDP8 targets: 2030 = 170 MtCO2; 2050 = 27 MtCO2.
2025,151.31666666666666,MtCO2,Viet Nam,Power sector,PDP8-compatible pathway,PDP8,Projected,"Linear path from the latest EMBER observation to the 2030 PDP8 target, then linearly to the 2050 PDP8 target.",PDP8 targets: 2030 = 170 MtCO2; 2050 = 27 MtCO2.
2026,155.05333333333334,MtCO2,Viet Nam,Power sector,PDP8-compatible pathway,PDP8,Projected,"Linear path from the latest EMBER observation to the 2030 PDP8 target, then linearly to the 2050 PDP8 target.",PDP8 targets: 2030 = 170 MtCO2; 2050 = 27 MtCO2.
2027,158.79000000000002,MtCO2,Viet Nam,Power sector,PDP8-compatible pathway,PDP8,Projected,"Linear path from the latest EMBER observation to the 2030 PDP8 target, then linearly to the 2050 PDP8 target.",PDP8 targets: 2030 = 170 MtCO2; 2050 = 27 MtCO2.
2028,162.52666666666667,MtCO2,Viet Nam,Power sector,PDP8-compatible pathway,PDP8,Projected,"Linear path from the latest EMBER observation to the 2030 PDP8 target, then linearly to the 2050 PDP8 target.",PDP8 targets: 2030 = 170 MtCO2; 2050 = 27 MtCO2.
2029,166.26333333333332,MtCO2,Viet Nam,Power sector,PDP8-compatible pathway,PDP8,Projected,"Linear path from the latest EMBER observation to the 2030 PDP8 target, then linearly to the 2050 PDP8 target.",PDP8 targets: 2030 = 170 MtCO2; 2050 = 27 MtCO2.
2030,170,MtCO2,Viet Nam,Power sector,PDP8-compatible pathway,PDP8,Target,"Linear path from the latest EMBER observation to the 2030 PDP8 target, then linearly to the 2050 PDP8 target.",PDP8 targets: 2030 = 170 MtCO2; 2050 = 27 MtCO2.
2031,162.85,MtCO2,Viet Nam,Power sector,PDP8-compatible pathway,PDP8,Projected,"Linear path from the latest EMBER observation to the 2030 PDP8 target, then linearly to the 2050 PDP8 target.",PDP8 targets: 2030 = 170 MtCO2; 2050 = 27 MtCO2.
2032,155.7,MtCO2,Viet Nam,Power sector,PDP8-compatible pathway,PDP8,Projected,"Linear path from the latest EMBER observation to the 2030 PDP8 target, then linearly to the 2050 PDP8 target.",PDP8 targets: 2030 = 170 MtCO2; 2050 = 27 MtCO2.
2033,148.55,MtCO2,Viet Nam,Power sector,PDP8-compatible pathway,PDP8,Projected,"Linear path from the latest EMBER observation to the 2030 PDP8 target, then linearly to the 2050 PDP8 target.",PDP8 targets: 2030 = 170 MtCO2; 2050 = 27 MtCO2.
2034,141.4,MtCO2,Viet Nam,Power sector,PDP8-compatible pathway,PDP8,Projected,"Linear path from the latest EMBER observation to the 2030 PDP8 target, then linearly to the 2050 PDP8 target.",PDP8 targets: 2030 = 170 MtCO2; 2050 = 27 MtCO2.
2035,134.25,MtCO2,Viet Nam,Power sector,PDP8-compatible pathway,PDP8,Projected,"Linear path from the latest EMBER observation to the 2030 PDP8 target, then linearly to the 2050 PDP8 target.",PDP8 targets: 2030 = 170 MtCO2; 2050 = 27 MtCO2.
2036,127.1,MtCO2,Viet Nam,Power sector,PDP8-compatible pathway,PDP8,Projected,"Linear path from the latest EMBER observation to the 2030 PDP8 target, then linearly to the 2050 PDP8 target.",PDP8 targets: 2030 = 170 MtCO2; 2050 = 27 MtCO2.
2037,119.94999999999999,MtCO2,Viet Nam,Power sector,PDP8-compatible pathway,PDP8,Projected,"Linear path from the latest EMBER observation to the 2030 PDP8 target, then linearly to the 2050 PDP8 target.",PDP8 targets: 2030 = 170 MtCO2; 2050 = 27 MtCO2.
2038,112.8,MtCO2,Viet Nam,Power sector,PDP8-compatible pathway,PDP8,Projected,"Linear path from the latest EMBER observation to the 2030 PDP8 target, then linearly to the 2050 PDP8 target.",PDP8 targets: 2030 = 170 MtCO2; 2050 = 27 MtCO2.
2039,105.64999999999999,MtCO2,Viet Nam,Power sector,PDP8-compatible pathway,PDP8,Projected,"Linear path from the latest EMBER observation to the 2030 PDP8 target, then linearly to the 2050 PDP8 target.",PDP8 targets: 2030 = 170 MtCO2; 2050 = 27 MtCO2.
2040,98.5,MtCO2,Viet Nam,Power sector,PDP8-compatible pathway,PDP8,Projected,"Linear path from the latest EMBER observation to the 2030 PDP8 target, then linearly to the 2050 PDP8 target.",PDP8 targets: 2030 = 170 MtCO2; 2050 = 27 MtCO2.
2041,91.35,MtCO2,Viet Nam,Power sector,PDP8-compatible pathway,PDP8,Projected,"Linear path from the latest EMBER observation to the 2030 PDP8 target, then linearly to the 2050 PDP8 target.",PDP8 targets: 2030 = 170 MtCO2; 2050 = 27 MtCO2.
2042,84.19999999999999,MtCO2,Viet Nam,Power sector,PDP8-compatible pathway,PDP8,Projected,"Linear path from the latest EMBER observation to the 2030 PDP8 target, then linearly to the 2050 PDP8 target.",PDP8 targets: 2030 = 170 MtCO2; 2050 = 27 MtCO2.
2043,77.05,MtCO2,Viet Nam,Power sector,PDP8-compatible pathway,PDP8,Projected,"Linear path from the latest EMBER observation to the 2030 PDP8 target, then linearly to the 2050 PDP8 target.",PDP8 targets: 2030 = 170 MtCO2; 2050 = 27 MtCO2.
2044,69.89999999999999,MtCO2,Viet Nam,Power sector,PDP8-compatible pathway,PDP8,Projected,"Linear path from the latest EMBER observation to the 2030 PDP8 target, then linearly to the 2050 PDP8 target.",PDP8 targets: 2030 = 170 MtCO2; 2050 = 27 MtCO2.
2045,62.75,MtCO2,Viet Nam,Power sector,PDP8-compatible pathway,PDP8,Projected,"Linear path from the latest EMBER observation to the 2030 PDP8 target, then linearly to the 2050 PDP8 target.",PDP8 targets: 2030 = 170 MtCO2; 2050 = 27 MtCO2.
2046,55.599999999999994,MtCO2,Viet Nam,Power sector,PDP8-compatible pathway,PDP8,Projected,"Linear path from the latest EMBER observation to the 2030 PDP8 target, then linearly to the 2050 PDP8 target.",PDP8 targets: 2030 = 170 MtCO2; 2050 = 27 MtCO2.
2047,48.44999999999999,MtCO2,Viet Nam,Power sector,PDP8-compatible pathway,PDP8,Projected,"Linear path from the latest EMBER observation to the 2030 PDP8 target, then linearly to the 2050 PDP8 target.",PDP8 targets: 2030 = 170 MtCO2; 2050 = 27 MtCO2.
2048,41.29999999999998,MtCO2,Viet Nam,Power sector,PDP8-compatible pathway,PDP8,Projected,"Linear path from the latest EMBER observation to the 2030 PDP8 target, then linearly to the 2050 PDP8 target.",PDP8 targets: 2030 = 170 MtCO2; 2050 = 27 MtCO2.
2049,34.150000000000006,MtCO2,Viet Nam,Power sector,PDP8-compatible pathway,PDP8,Projected,"Linear path from the latest EMBER observation to the 2030 PDP8 target, then linearly to the 2050 PDP8 target.",PDP8 targets: 2030 = 170 MtCO2; 2050 = 27 MtCO2.
2050,27,MtCO2,Viet Nam,Power sector,PDP8-compatible pathway,PDP8,Target,"Linear path from the latest EMBER observation to the 2030 PDP8 target, then linearly to the 2050 PDP8 target.",PDP8 targets: 2030 = 170 MtCO2; 2050 = 27 MtCO2.
