"","Technology","Plan","Year","Capacity_MW","CAPEX_kUSD_MW","CAPEX_kUSD_MW_lwr","CAPEX_kUSD_MW_upr","CAP_MIOUSD","CAP_MIOUSD_lwr","CAP_MIOUSD_upr","delta_cap","INV_MIOUSD","INV_MIOUSD_lwr","INV_MIOUSD_upr","CAP_GW_Add"
"1","Coal_PVC","PDP8",2000,550,NA,NA,NA,NA,NA,NA,NA,NA,NA,NA,NA
"2","Coal_PVC","PDP8",2001,550,NA,NA,NA,NA,NA,NA,0,NA,NA,NA,0
"3","Coal_PVC","PDP8",2002,1140,NA,NA,NA,NA,NA,NA,590,NA,NA,NA,0.59
"4","Coal_PVC","PDP8",2003,1140,NA,NA,NA,NA,NA,NA,0,NA,NA,NA,0
"5","Coal_PVC","PDP8",2004,1390,NA,NA,NA,NA,NA,NA,250,NA,NA,NA,0.25
"6","Coal_PVC","PDP8",2005,1279,NA,NA,NA,NA,NA,NA,-111,NA,NA,NA,0
"7","Coal_PVC","PDP8",2006,1399,NA,NA,NA,NA,NA,NA,120,NA,NA,NA,0.12
"8","Coal_PVC","PDP8",2007,1584,NA,NA,NA,NA,NA,NA,185,NA,NA,NA,0.185
"9","Coal_PVC","PDP8",2008,1584,NA,NA,NA,NA,NA,NA,0,NA,NA,NA,0
"10","Coal_PVC","PDP8",2009,1884,NA,NA,NA,NA,NA,NA,300,NA,NA,NA,0.3
"11","Coal_PVC","PDP8",2010,1514,NA,NA,NA,NA,NA,NA,-370,NA,NA,NA,0
"12","Coal_PVC","PDP8",2011,2794,NA,NA,NA,NA,NA,NA,1280,NA,NA,NA,1.28
"13","Coal_PVC","PDP8",2012,2804,NA,NA,NA,NA,NA,NA,10,NA,NA,NA,0.01
"14","Coal_PVC","PDP8",2013,3844,NA,NA,NA,NA,NA,NA,1040,NA,NA,NA,1.04
"15","Coal_PVC","PDP8",2014,6944,NA,NA,NA,NA,NA,NA,3100,NA,NA,NA,3.1
"16","Coal_PVC","PDP8",2015,11304,NA,NA,NA,NA,NA,NA,4360,NA,NA,NA,4.36
"17","Coal_PVC","PDP8",2016,10524,NA,NA,NA,NA,NA,NA,-780,NA,NA,NA,0
"18","Coal_PVC","PDP8",2017,12814,NA,NA,NA,NA,NA,NA,2290,NA,NA,NA,2.29
"19","Coal_PVC","PDP8",2018,14424,NA,NA,NA,NA,NA,NA,1610,NA,NA,NA,1.61
"20","Coal_PVC","PDP8",2019,15624,NA,NA,NA,NA,NA,NA,1200,NA,NA,NA,1.2
"21","Coal_PVC","PDP8",2020,16914,1789,1634,1944,30259.146,27637.476,32880.816,1290,2307.81,2107.86,2507.76,1.29
"22","Coal_PVC","PDP8",2021,19314,1789,1634,1944,34552.746,31559.076,37546.416,2400,4293.6,3921.6,4665.6,2.4
"23","Coal_PVC","PDP8",2022,21234,1789,1634,1944,37987.626,34696.356,41278.896,1920,3434.88,3137.28,3732.48,1.92
"24","Coal_PVC","PDP8",2023,23144,1789,1634,1944,41404.616,37817.296,44991.936,1910,3416.99,3120.94,3713.04,1.91
"25","Coal_PVC","PDP8",2024,23864,1789,1634,1944,42692.696,38993.776,46391.616,720,1288.08,1176.48,1399.68,0.72
"26","Coal_PVC","PDP8",2025,26163,1789,1634,1944,46805.607,42750.342,50860.872,2299,4112.911,3756.566,4469.256,2.299
"27","Coal_PVC","PDP8",2026,26143,1789,1634,1944,46769.827,42717.662,50821.992,-20,0,0,0,0
"28","Coal_PVC","PDP8",2027,26123,1789,1634,1944,46734.047,42684.982,50783.112,-20,0,0,0,0
"29","Coal_PVC","PDP8",2028,26103,1789,1634,1944,46698.267,42652.302,50744.232,-20,0,0,0,0
"30","Coal_PVC","PDP8",2029,26083,1789,1634,1944,46662.487,42619.622,50705.352,-20,0,0,0,0
"31","Coal_PVC","PDP8",2030,26063,1698,1543,1853,44254.974,40215.209,48294.739,-20,0,0,0,0
"32","Coal_PVC","PDP8",2031,24759.85,1698,1543,1853,42042.2253,38204.44855,45880.00205,-1303.15,0,0,0,0
"33","Coal_PVC","PDP8",2032,23456.7,1698,1543,1853,39829.4766,36193.6881,43465.2651,-1303.15,0,0,0,0
"34","Coal_PVC","PDP8",2033,22153.55,1698,1543,1853,37616.7279,34182.92765,41050.52815,-1303.15,0,0,0,0
"35","Coal_PVC","PDP8",2034,20850.4,1698,1543,1853,35403.9792,32172.1672,38635.7912,-1303.15,0,0,0,0
"36","Coal_PVC","PDP8",2035,19547.25,1698,1543,1853,33191.2305,30161.40675,36221.05425,-1303.15,0,0,0,0
"37","Coal_PVC","PDP8",2036,18244.1,1698,1543,1853,30978.4818,28150.6463,33806.3173,-1303.15,0,0,0,0
"38","Coal_PVC","PDP8",2037,16940.95,1698,1543,1853,28765.7331,26139.88585,31391.58035,-1303.15,0,0,0,0
"39","Coal_PVC","PDP8",2038,15637.8,1698,1543,1853,26552.9844,24129.1254,28976.8434,-1303.15,0,0,0,0
"40","Coal_PVC","PDP8",2039,14334.65,1698,1543,1853,24340.2357,22118.36495,26562.10645,-1303.15,0,0,0,0
"41","Coal_PVC","PDP8",2040,13031.5,1698,1543,1853,22127.487,20107.6045,24147.3695,-1303.15,0,0,0,0
"42","Coal_PVC","PDP8",2041,11728.35,1698,1543,1853,19914.7383,18096.84405,21732.63255,-1303.15,0,0,0,0
"43","Coal_PVC","PDP8",2042,10425.2,1698,1543,1853,17701.9896,16086.0836,19317.8956,-1303.15,0,0,0,0
"44","Coal_PVC","PDP8",2043,9122.05,1698,1543,1853,15489.2409,14075.32315,16903.15865,-1303.15,0,0,0,0
"45","Coal_PVC","PDP8",2044,7818.9,1698,1543,1853,13276.4922,12064.5627,14488.4217,-1303.15,0,0,0,0
"46","Coal_PVC","PDP8",2045,6515.75,1698,1543,1853,11063.7435,10053.80225,12073.68475,-1303.15,0,0,0,0
"47","Coal_PVC","PDP8",2046,5212.6,1698,1543,1853,8850.9948,8043.0418,9658.9478,-1303.15,0,0,0,0
"48","Coal_PVC","PDP8",2047,3909.45,1698,1543,1853,6638.2461,6032.28135,7244.21085,-1303.15,0,0,0,0
"49","Coal_PVC","PDP8",2048,2606.3,1698,1543,1853,4425.4974,4021.5209,4829.4739,-1303.15,0,0,0,0
"50","Coal_PVC","PDP8",2049,1303.15,1698,1543,1853,2212.7487,2010.76045,2414.73695,-1303.15,0,0,0,0
"51","Coal_PVC","PDP8",2050,0,1674,1519,1829,0,0,0,-1303.15,0,0,0,0
"52","Coal_PVC","PDP8_rev_low",2000,550,NA,NA,NA,NA,NA,NA,NA,NA,NA,NA,NA
"53","Coal_PVC","PDP8_rev_low",2001,550,NA,NA,NA,NA,NA,NA,0,NA,NA,NA,0
"54","Coal_PVC","PDP8_rev_low",2002,1140,NA,NA,NA,NA,NA,NA,590,NA,NA,NA,0.59
"55","Coal_PVC","PDP8_rev_low",2003,1140,NA,NA,NA,NA,NA,NA,0,NA,NA,NA,0
"56","Coal_PVC","PDP8_rev_low",2004,1390,NA,NA,NA,NA,NA,NA,250,NA,NA,NA,0.25
"57","Coal_PVC","PDP8_rev_low",2005,1279,NA,NA,NA,NA,NA,NA,-111,NA,NA,NA,0
"58","Coal_PVC","PDP8_rev_low",2006,1399,NA,NA,NA,NA,NA,NA,120,NA,NA,NA,0.12
"59","Coal_PVC","PDP8_rev_low",2007,1584,NA,NA,NA,NA,NA,NA,185,NA,NA,NA,0.185
"60","Coal_PVC","PDP8_rev_low",2008,1584,NA,NA,NA,NA,NA,NA,0,NA,NA,NA,0
"61","Coal_PVC","PDP8_rev_low",2009,1884,NA,NA,NA,NA,NA,NA,300,NA,NA,NA,0.3
"62","Coal_PVC","PDP8_rev_low",2010,1514,NA,NA,NA,NA,NA,NA,-370,NA,NA,NA,0
"63","Coal_PVC","PDP8_rev_low",2011,2794,NA,NA,NA,NA,NA,NA,1280,NA,NA,NA,1.28
"64","Coal_PVC","PDP8_rev_low",2012,2804,NA,NA,NA,NA,NA,NA,10,NA,NA,NA,0.01
"65","Coal_PVC","PDP8_rev_low",2013,3844,NA,NA,NA,NA,NA,NA,1040,NA,NA,NA,1.04
"66","Coal_PVC","PDP8_rev_low",2014,6944,NA,NA,NA,NA,NA,NA,3100,NA,NA,NA,3.1
"67","Coal_PVC","PDP8_rev_low",2015,11304,NA,NA,NA,NA,NA,NA,4360,NA,NA,NA,4.36
"68","Coal_PVC","PDP8_rev_low",2016,10524,NA,NA,NA,NA,NA,NA,-780,NA,NA,NA,0
"69","Coal_PVC","PDP8_rev_low",2017,12814,NA,NA,NA,NA,NA,NA,2290,NA,NA,NA,2.29
"70","Coal_PVC","PDP8_rev_low",2018,14424,NA,NA,NA,NA,NA,NA,1610,NA,NA,NA,1.61
"71","Coal_PVC","PDP8_rev_low",2019,15624,NA,NA,NA,NA,NA,NA,1200,NA,NA,NA,1.2
"72","Coal_PVC","PDP8_rev_low",2020,16914,1789,1634,1944,30259.146,27637.476,32880.816,1290,2307.81,2107.86,2507.76,1.29
"73","Coal_PVC","PDP8_rev_low",2021,19314,1789,1634,1944,34552.746,31559.076,37546.416,2400,4293.6,3921.6,4665.6,2.4
"74","Coal_PVC","PDP8_rev_low",2022,21234,1789,1634,1944,37987.626,34696.356,41278.896,1920,3434.88,3137.28,3732.48,1.92
"75","Coal_PVC","PDP8_rev_low",2023,23144,1789,1634,1944,41404.616,37817.296,44991.936,1910,3416.99,3120.94,3713.04,1.91
"76","Coal_PVC","PDP8_rev_low",2024,23864,1789,1634,1944,42692.696,38993.776,46391.616,720,1288.08,1176.48,1399.68,0.72
"77","Coal_PVC","PDP8_rev_low",2025,26163,1789,1634,1944,46805.607,42750.342,50860.872,2299,4112.911,3756.566,4469.256,2.299
"78","Coal_PVC","PDP8_rev_low",2026,26314.2,1789,1634,1944,47076.1038,42997.4028,51154.8048,151.200000000001,270.496800000001,247.060800000001,293.932800000001,0.151200000000001
"79","Coal_PVC","PDP8_rev_low",2027,26465.4,1789,1634,1944,47346.6006,43244.4636,51448.7376,151.200000000001,270.496800000001,247.060800000001,293.932800000001,0.151200000000001
"80","Coal_PVC","PDP8_rev_low",2028,26616.6,1789,1634,1944,47617.0974,43491.5244,51742.6704,151.199999999997,270.496799999995,247.060799999995,293.932799999994,0.151199999999997
"81","Coal_PVC","PDP8_rev_low",2029,26767.8,1789,1634,1944,47887.5942,43738.5852,52036.6032,151.200000000001,270.496800000001,247.060800000001,293.932800000001,0.151200000000001
"82","Coal_PVC","PDP8_rev_low",2030,26919,1698,1543,1853,45708.462,41536.017,49880.907,151.200000000001,256.737600000001,233.301600000001,280.173600000001,0.151200000000001
"83","Coal_PVC","PDP8_rev_low",2031,25573.05,1698,1543,1853,43423.0389,39459.21615,47386.86165,-1345.95,0,0,0,0
"84","Coal_PVC","PDP8_rev_low",2032,24227.1,1698,1543,1853,41137.6158,37382.4153,44892.8163,-1345.95,0,0,0,0
"85","Coal_PVC","PDP8_rev_low",2033,22881.15,1698,1543,1853,38852.1927,35305.61445,42398.77095,-1345.95,0,0,0,0
"86","Coal_PVC","PDP8_rev_low",2034,21535.2,1698,1543,1853,36566.7696,33228.8136,39904.7256,-1345.95,0,0,0,0
"87","Coal_PVC","PDP8_rev_low",2035,20189.25,1698,1543,1853,34281.3465,31152.01275,37410.68025,-1345.95,0,0,0,0
"88","Coal_PVC","PDP8_rev_low",2036,18843.3,1698,1543,1853,31995.9234,29075.2119,34916.6349,-1345.95,0,0,0,0
"89","Coal_PVC","PDP8_rev_low",2037,17497.35,1698,1543,1853,29710.5003,26998.41105,32422.58955,-1345.95,0,0,0,0
"90","Coal_PVC","PDP8_rev_low",2038,16151.4,1698,1543,1853,27425.0772,24921.6102,29928.5442,-1345.95,0,0,0,0
"91","Coal_PVC","PDP8_rev_low",2039,14805.45,1698,1543,1853,25139.6541,22844.80935,27434.49885,-1345.95,0,0,0,0
"92","Coal_PVC","PDP8_rev_low",2040,13459.5,1698,1543,1853,22854.231,20768.0085,24940.4535,-1345.95,0,0,0,0
"93","Coal_PVC","PDP8_rev_low",2041,12113.55,1698,1543,1853,20568.8079,18691.20765,22446.40815,-1345.95,0,0,0,0
"94","Coal_PVC","PDP8_rev_low",2042,10767.6,1698,1543,1853,18283.3848,16614.4068,19952.3628,-1345.95,0,0,0,0
"95","Coal_PVC","PDP8_rev_low",2043,9421.65,1698,1543,1853,15997.9617,14537.60595,17458.31745,-1345.95,0,0,0,0
"96","Coal_PVC","PDP8_rev_low",2044,8075.7,1698,1543,1853,13712.5386,12460.8051,14964.2721,-1345.95,0,0,0,0
"97","Coal_PVC","PDP8_rev_low",2045,6729.75,1698,1543,1853,11427.1155,10384.00425,12470.22675,-1345.95,0,0,0,0
"98","Coal_PVC","PDP8_rev_low",2046,5383.8,1698,1543,1853,9141.6924,8307.2034,9976.1814,-1345.95,0,0,0,0
"99","Coal_PVC","PDP8_rev_low",2047,4037.85,1698,1543,1853,6856.2693,6230.40255,7482.13605,-1345.95,0,0,0,0
"100","Coal_PVC","PDP8_rev_low",2048,2691.9,1698,1543,1853,4570.8462,4153.6017,4988.0907,-1345.95,0,0,0,0
"101","Coal_PVC","PDP8_rev_low",2049,1345.95,1698,1543,1853,2285.4231,2076.80085,2494.04535,-1345.95,0,0,0,0
"102","Coal_PVC","PDP8_rev_low",2050,0,1674,1519,1829,0,0,0,-1345.95,0,0,0,0
"103","Coal_PVC","PDP8_rev_high",2000,550,NA,NA,NA,NA,NA,NA,NA,NA,NA,NA,NA
"104","Coal_PVC","PDP8_rev_high",2001,550,NA,NA,NA,NA,NA,NA,0,NA,NA,NA,0
"105","Coal_PVC","PDP8_rev_high",2002,1140,NA,NA,NA,NA,NA,NA,590,NA,NA,NA,0.59
"106","Coal_PVC","PDP8_rev_high",2003,1140,NA,NA,NA,NA,NA,NA,0,NA,NA,NA,0
"107","Coal_PVC","PDP8_rev_high",2004,1390,NA,NA,NA,NA,NA,NA,250,NA,NA,NA,0.25
"108","Coal_PVC","PDP8_rev_high",2005,1279,NA,NA,NA,NA,NA,NA,-111,NA,NA,NA,0
"109","Coal_PVC","PDP8_rev_high",2006,1399,NA,NA,NA,NA,NA,NA,120,NA,NA,NA,0.12
"110","Coal_PVC","PDP8_rev_high",2007,1584,NA,NA,NA,NA,NA,NA,185,NA,NA,NA,0.185
"111","Coal_PVC","PDP8_rev_high",2008,1584,NA,NA,NA,NA,NA,NA,0,NA,NA,NA,0
"112","Coal_PVC","PDP8_rev_high",2009,1884,NA,NA,NA,NA,NA,NA,300,NA,NA,NA,0.3
"113","Coal_PVC","PDP8_rev_high",2010,1514,NA,NA,NA,NA,NA,NA,-370,NA,NA,NA,0
"114","Coal_PVC","PDP8_rev_high",2011,2794,NA,NA,NA,NA,NA,NA,1280,NA,NA,NA,1.28
"115","Coal_PVC","PDP8_rev_high",2012,2804,NA,NA,NA,NA,NA,NA,10,NA,NA,NA,0.01
"116","Coal_PVC","PDP8_rev_high",2013,3844,NA,NA,NA,NA,NA,NA,1040,NA,NA,NA,1.04
"117","Coal_PVC","PDP8_rev_high",2014,6944,NA,NA,NA,NA,NA,NA,3100,NA,NA,NA,3.1
"118","Coal_PVC","PDP8_rev_high",2015,11304,NA,NA,NA,NA,NA,NA,4360,NA,NA,NA,4.36
"119","Coal_PVC","PDP8_rev_high",2016,10524,NA,NA,NA,NA,NA,NA,-780,NA,NA,NA,0
"120","Coal_PVC","PDP8_rev_high",2017,12814,NA,NA,NA,NA,NA,NA,2290,NA,NA,NA,2.29
"121","Coal_PVC","PDP8_rev_high",2018,14424,NA,NA,NA,NA,NA,NA,1610,NA,NA,NA,1.61
"122","Coal_PVC","PDP8_rev_high",2019,15624,NA,NA,NA,NA,NA,NA,1200,NA,NA,NA,1.2
"123","Coal_PVC","PDP8_rev_high",2020,16914,1789,1634,1944,30259.146,27637.476,32880.816,1290,2307.81,2107.86,2507.76,1.29
"124","Coal_PVC","PDP8_rev_high",2021,19314,1789,1634,1944,34552.746,31559.076,37546.416,2400,4293.6,3921.6,4665.6,2.4
"125","Coal_PVC","PDP8_rev_high",2022,21234,1789,1634,1944,37987.626,34696.356,41278.896,1920,3434.88,3137.28,3732.48,1.92
"126","Coal_PVC","PDP8_rev_high",2023,23144,1789,1634,1944,41404.616,37817.296,44991.936,1910,3416.99,3120.94,3713.04,1.91
"127","Coal_PVC","PDP8_rev_high",2024,23864,1789,1634,1944,42692.696,38993.776,46391.616,720,1288.08,1176.48,1399.68,0.72
"128","Coal_PVC","PDP8_rev_high",2025,26163,1789,1634,1944,46805.607,42750.342,50860.872,2299,4112.911,3756.566,4469.256,2.299
"129","Coal_PVC","PDP8_rev_high",2026,26314.2,1789,1634,1944,47076.1038,42997.4028,51154.8048,151.200000000001,270.496800000001,247.060800000001,293.932800000001,0.151200000000001
"130","Coal_PVC","PDP8_rev_high",2027,26465.4,1789,1634,1944,47346.6006,43244.4636,51448.7376,151.200000000001,270.496800000001,247.060800000001,293.932800000001,0.151200000000001
"131","Coal_PVC","PDP8_rev_high",2028,26616.6,1789,1634,1944,47617.0974,43491.5244,51742.6704,151.199999999997,270.496799999995,247.060799999995,293.932799999994,0.151199999999997
"132","Coal_PVC","PDP8_rev_high",2029,26767.8,1789,1634,1944,47887.5942,43738.5852,52036.6032,151.200000000001,270.496800000001,247.060800000001,293.932800000001,0.151200000000001
"133","Coal_PVC","PDP8_rev_high",2030,26919,1698,1543,1853,45708.462,41536.017,49880.907,151.200000000001,256.737600000001,233.301600000001,280.173600000001,0.151200000000001
"134","Coal_PVC","PDP8_rev_high",2031,25573.05,1698,1543,1853,43423.0389,39459.21615,47386.86165,-1345.95,0,0,0,0
"135","Coal_PVC","PDP8_rev_high",2032,24227.1,1698,1543,1853,41137.6158,37382.4153,44892.8163,-1345.95,0,0,0,0
"136","Coal_PVC","PDP8_rev_high",2033,22881.15,1698,1543,1853,38852.1927,35305.61445,42398.77095,-1345.95,0,0,0,0
"137","Coal_PVC","PDP8_rev_high",2034,21535.2,1698,1543,1853,36566.7696,33228.8136,39904.7256,-1345.95,0,0,0,0
"138","Coal_PVC","PDP8_rev_high",2035,20189.25,1698,1543,1853,34281.3465,31152.01275,37410.68025,-1345.95,0,0,0,0
"139","Coal_PVC","PDP8_rev_high",2036,18843.3,1698,1543,1853,31995.9234,29075.2119,34916.6349,-1345.95,0,0,0,0
"140","Coal_PVC","PDP8_rev_high",2037,17497.35,1698,1543,1853,29710.5003,26998.41105,32422.58955,-1345.95,0,0,0,0
"141","Coal_PVC","PDP8_rev_high",2038,16151.4,1698,1543,1853,27425.0772,24921.6102,29928.5442,-1345.95,0,0,0,0
"142","Coal_PVC","PDP8_rev_high",2039,14805.45,1698,1543,1853,25139.6541,22844.80935,27434.49885,-1345.95,0,0,0,0
"143","Coal_PVC","PDP8_rev_high",2040,13459.5,1698,1543,1853,22854.231,20768.0085,24940.4535,-1345.95,0,0,0,0
"144","Coal_PVC","PDP8_rev_high",2041,12113.55,1698,1543,1853,20568.8079,18691.20765,22446.40815,-1345.95,0,0,0,0
"145","Coal_PVC","PDP8_rev_high",2042,10767.6,1698,1543,1853,18283.3848,16614.4068,19952.3628,-1345.95,0,0,0,0
"146","Coal_PVC","PDP8_rev_high",2043,9421.65,1698,1543,1853,15997.9617,14537.60595,17458.31745,-1345.95,0,0,0,0
"147","Coal_PVC","PDP8_rev_high",2044,8075.7,1698,1543,1853,13712.5386,12460.8051,14964.2721,-1345.95,0,0,0,0
"148","Coal_PVC","PDP8_rev_high",2045,6729.75,1698,1543,1853,11427.1155,10384.00425,12470.22675,-1345.95,0,0,0,0
"149","Coal_PVC","PDP8_rev_high",2046,5383.8,1698,1543,1853,9141.6924,8307.2034,9976.1814,-1345.95,0,0,0,0
"150","Coal_PVC","PDP8_rev_high",2047,4037.85,1698,1543,1853,6856.2693,6230.40255,7482.13605,-1345.95,0,0,0,0
"151","Coal_PVC","PDP8_rev_high",2048,2691.9,1698,1543,1853,4570.8462,4153.6017,4988.0907,-1345.95,0,0,0,0
"152","Coal_PVC","PDP8_rev_high",2049,1345.95,1698,1543,1853,2285.4231,2076.80085,2494.04535,-1345.95,0,0,0,0
"153","Coal_PVC","PDP8_rev_high",2050,0,1674,1519,1829,0,0,0,-1345.95,0,0,0,0
"154","Coal_CFB","PDP8",2000,0,NA,NA,NA,NA,NA,NA,NA,NA,NA,NA,NA
"155","Coal_CFB","PDP8",2001,0,NA,NA,NA,NA,NA,NA,0,NA,NA,NA,0
"156","Coal_CFB","PDP8",2002,0,NA,NA,NA,NA,NA,NA,0,NA,NA,NA,0
"157","Coal_CFB","PDP8",2003,0,NA,NA,NA,NA,NA,NA,0,NA,NA,NA,0
"158","Coal_CFB","PDP8",2004,0,NA,NA,NA,NA,NA,NA,0,NA,NA,NA,0
"159","Coal_CFB","PDP8",2005,111,NA,NA,NA,NA,NA,NA,111,NA,NA,NA,0.111
"160","Coal_CFB","PDP8",2006,111,NA,NA,NA,NA,NA,NA,0,NA,NA,NA,0
"161","Coal_CFB","PDP8",2007,226,NA,NA,NA,NA,NA,NA,115,NA,NA,NA,0.115
"162","Coal_CFB","PDP8",2008,226,NA,NA,NA,NA,NA,NA,0,NA,NA,NA,0
"163","Coal_CFB","PDP8",2009,446,NA,NA,NA,NA,NA,NA,220,NA,NA,NA,0.22
"164","Coal_CFB","PDP8",2010,1116,NA,NA,NA,NA,NA,NA,670,NA,NA,NA,0.67
"165","Coal_CFB","PDP8",2011,1116,NA,NA,NA,NA,NA,NA,0,NA,NA,NA,0
"166","Coal_CFB","PDP8",2012,1556,NA,NA,NA,NA,NA,NA,440,NA,NA,NA,0.44
"167","Coal_CFB","PDP8",2013,1556,NA,NA,NA,NA,NA,NA,0,NA,NA,NA,0
"168","Coal_CFB","PDP8",2014,1556,NA,NA,NA,NA,NA,NA,0,NA,NA,NA,0
"169","Coal_CFB","PDP8",2015,1676,NA,NA,NA,NA,NA,NA,120,NA,NA,NA,0.12
"170","Coal_CFB","PDP8",2016,2756,NA,NA,NA,NA,NA,NA,1080,NA,NA,NA,1.08
"171","Coal_CFB","PDP8",2017,2756,NA,NA,NA,NA,NA,NA,0,NA,NA,NA,0
"172","Coal_CFB","PDP8",2018,3376,NA,NA,NA,NA,NA,NA,620,NA,NA,NA,0.62
"173","Coal_CFB","PDP8",2019,3376,NA,NA,NA,NA,NA,NA,0,NA,NA,NA,0
"174","Coal_CFB","PDP8",2020,3376,1530,985,2075,5165.28,3325.36,7005.2,0,0,0,0,0
"175","Coal_CFB","PDP8",2021,3376,1530,985,2075,5165.28,3325.36,7005.2,0,0,0,0,0
"176","Coal_CFB","PDP8",2022,3376,1530,985,2075,5165.28,3325.36,7005.2,0,0,0,0,0
"177","Coal_CFB","PDP8",2023,3376,1530,985,2075,5165.28,3325.36,7005.2,0,0,0,0,0
"178","Coal_CFB","PDP8",2024,3376,1530,985,2075,5165.28,3325.36,7005.2,0,0,0,0,0
"179","Coal_CFB","PDP8",2025,3376,1530,985,2075,5165.28,3325.36,7005.2,0,0,0,0,0
"180","Coal_CFB","PDP8",2026,3528,1530,985,2075,5397.84,3475.08,7320.6,152,232.56,149.72,315.4,0.152
"181","Coal_CFB","PDP8",2027,3680,1530,985,2075,5630.4,3624.8,7636,152,232.56,149.72,315.4,0.152
"182","Coal_CFB","PDP8",2028,3832,1530,985,2075,5862.96,3774.52,7951.4,152,232.56,149.72,315.4,0.152
"183","Coal_CFB","PDP8",2029,3984,1530,985,2075,6095.52,3924.24,8266.8,152,232.56,149.72,315.4,0.152
"184","Coal_CFB","PDP8",2030,4136,1520,1030,2010,6286.72,4260.08,8313.36,152,231.04,156.56,305.52,0.152
"185","Coal_CFB","PDP8",2031,3929.2,1520,1030,2010,5972.384,4047.076,7897.692,-206.8,0,0,0,0
"186","Coal_CFB","PDP8",2032,3722.4,1520,1030,2010,5658.048,3834.072,7482.024,-206.8,0,0,0,0
"187","Coal_CFB","PDP8",2033,3515.6,1520,1030,2010,5343.712,3621.068,7066.356,-206.8,0,0,0,0
"188","Coal_CFB","PDP8",2034,3308.8,1520,1030,2010,5029.376,3408.064,6650.688,-206.8,0,0,0,0
"189","Coal_CFB","PDP8",2035,3102,1520,1030,2010,4715.04,3195.06,6235.02,-206.8,0,0,0,0
"190","Coal_CFB","PDP8",2036,2895.2,1520,1030,2010,4400.704,2982.056,5819.352,-206.8,0,0,0,0
"191","Coal_CFB","PDP8",2037,2688.4,1520,1030,2010,4086.368,2769.052,5403.684,-206.8,0,0,0,0
"192","Coal_CFB","PDP8",2038,2481.6,1520,1030,2010,3772.032,2556.048,4988.016,-206.8,0,0,0,0
"193","Coal_CFB","PDP8",2039,2274.8,1520,1030,2010,3457.696,2343.044,4572.348,-206.8,0,0,0,0
"194","Coal_CFB","PDP8",2040,2068,1520,1030,2010,3143.36,2130.04,4156.68,-206.8,0,0,0,0
"195","Coal_CFB","PDP8",2041,1861.2,1520,1030,2010,2829.024,1917.036,3741.012,-206.8,0,0,0,0
"196","Coal_CFB","PDP8",2042,1654.4,1520,1030,2010,2514.688,1704.032,3325.344,-206.8,0,0,0,0
"197","Coal_CFB","PDP8",2043,1447.6,1520,1030,2010,2200.352,1491.028,2909.676,-206.8,0,0,0,0
"198","Coal_CFB","PDP8",2044,1240.8,1520,1030,2010,1886.016,1278.024,2494.008,-206.8,0,0,0,0
"199","Coal_CFB","PDP8",2045,1034,1520,1030,2010,1571.68,1065.02,2078.34,-206.8,0,0,0,0
"200","Coal_CFB","PDP8",2046,827.2,1520,1030,2010,1257.344,852.016,1662.672,-206.8,0,0,0,0
"201","Coal_CFB","PDP8",2047,620.4,1520,1030,2010,943.008,639.012,1247.004,-206.8,0,0,0,0
"202","Coal_CFB","PDP8",2048,413.6,1520,1030,2010,628.672,426.008,831.336,-206.8,0,0,0,0
"203","Coal_CFB","PDP8",2049,206.8,1520,1030,2010,314.336,213.004,415.668,-206.8,0,0,0,0
"204","Coal_CFB","PDP8",2050,0,1500,1010,1990,0,0,0,-206.8,0,0,0,0
"205","Coal_CFB","PDP8_rev_low",2000,0,NA,NA,NA,NA,NA,NA,NA,NA,NA,NA,NA
"206","Coal_CFB","PDP8_rev_low",2001,0,NA,NA,NA,NA,NA,NA,0,NA,NA,NA,0
"207","Coal_CFB","PDP8_rev_low",2002,0,NA,NA,NA,NA,NA,NA,0,NA,NA,NA,0
"208","Coal_CFB","PDP8_rev_low",2003,0,NA,NA,NA,NA,NA,NA,0,NA,NA,NA,0
"209","Coal_CFB","PDP8_rev_low",2004,0,NA,NA,NA,NA,NA,NA,0,NA,NA,NA,0
"210","Coal_CFB","PDP8_rev_low",2005,111,NA,NA,NA,NA,NA,NA,111,NA,NA,NA,0.111
"211","Coal_CFB","PDP8_rev_low",2006,111,NA,NA,NA,NA,NA,NA,0,NA,NA,NA,0
"212","Coal_CFB","PDP8_rev_low",2007,226,NA,NA,NA,NA,NA,NA,115,NA,NA,NA,0.115
"213","Coal_CFB","PDP8_rev_low",2008,226,NA,NA,NA,NA,NA,NA,0,NA,NA,NA,0
"214","Coal_CFB","PDP8_rev_low",2009,446,NA,NA,NA,NA,NA,NA,220,NA,NA,NA,0.22
"215","Coal_CFB","PDP8_rev_low",2010,1116,NA,NA,NA,NA,NA,NA,670,NA,NA,NA,0.67
"216","Coal_CFB","PDP8_rev_low",2011,1116,NA,NA,NA,NA,NA,NA,0,NA,NA,NA,0
"217","Coal_CFB","PDP8_rev_low",2012,1556,NA,NA,NA,NA,NA,NA,440,NA,NA,NA,0.44
"218","Coal_CFB","PDP8_rev_low",2013,1556,NA,NA,NA,NA,NA,NA,0,NA,NA,NA,0
"219","Coal_CFB","PDP8_rev_low",2014,1556,NA,NA,NA,NA,NA,NA,0,NA,NA,NA,0
"220","Coal_CFB","PDP8_rev_low",2015,1676,NA,NA,NA,NA,NA,NA,120,NA,NA,NA,0.12
"221","Coal_CFB","PDP8_rev_low",2016,2756,NA,NA,NA,NA,NA,NA,1080,NA,NA,NA,1.08
"222","Coal_CFB","PDP8_rev_low",2017,2756,NA,NA,NA,NA,NA,NA,0,NA,NA,NA,0
"223","Coal_CFB","PDP8_rev_low",2018,3376,NA,NA,NA,NA,NA,NA,620,NA,NA,NA,0.62
"224","Coal_CFB","PDP8_rev_low",2019,3376,NA,NA,NA,NA,NA,NA,0,NA,NA,NA,0
"225","Coal_CFB","PDP8_rev_low",2020,3376,1530,985,2075,5165.28,3325.36,7005.2,0,0,0,0,0
"226","Coal_CFB","PDP8_rev_low",2021,3376,1530,985,2075,5165.28,3325.36,7005.2,0,0,0,0,0
"227","Coal_CFB","PDP8_rev_low",2022,3376,1530,985,2075,5165.28,3325.36,7005.2,0,0,0,0,0
"228","Coal_CFB","PDP8_rev_low",2023,3376,1530,985,2075,5165.28,3325.36,7005.2,0,0,0,0,0
"229","Coal_CFB","PDP8_rev_low",2024,3376,1530,985,2075,5165.28,3325.36,7005.2,0,0,0,0,0
"230","Coal_CFB","PDP8_rev_low",2025,3376,1530,985,2075,5165.28,3325.36,7005.2,0,0,0,0,0
"231","Coal_CFB","PDP8_rev_low",2026,3528,1530,985,2075,5397.84,3475.08,7320.6,152,232.56,149.72,315.4,0.152
"232","Coal_CFB","PDP8_rev_low",2027,3680,1530,985,2075,5630.4,3624.8,7636,152,232.56,149.72,315.4,0.152
"233","Coal_CFB","PDP8_rev_low",2028,3832,1530,985,2075,5862.96,3774.52,7951.4,152,232.56,149.72,315.4,0.152
"234","Coal_CFB","PDP8_rev_low",2029,3984,1530,985,2075,6095.52,3924.24,8266.8,152,232.56,149.72,315.4,0.152
"235","Coal_CFB","PDP8_rev_low",2030,4136,1520,1030,2010,6286.72,4260.08,8313.36,152,231.04,156.56,305.52,0.152
"236","Coal_CFB","PDP8_rev_low",2031,3929.2,1520,1030,2010,5972.384,4047.076,7897.692,-206.8,0,0,0,0
"237","Coal_CFB","PDP8_rev_low",2032,3722.4,1520,1030,2010,5658.048,3834.072,7482.024,-206.8,0,0,0,0
"238","Coal_CFB","PDP8_rev_low",2033,3515.6,1520,1030,2010,5343.712,3621.068,7066.356,-206.8,0,0,0,0
"239","Coal_CFB","PDP8_rev_low",2034,3308.8,1520,1030,2010,5029.376,3408.064,6650.688,-206.8,0,0,0,0
"240","Coal_CFB","PDP8_rev_low",2035,3102,1520,1030,2010,4715.04,3195.06,6235.02,-206.8,0,0,0,0
"241","Coal_CFB","PDP8_rev_low",2036,2895.2,1520,1030,2010,4400.704,2982.056,5819.352,-206.8,0,0,0,0
"242","Coal_CFB","PDP8_rev_low",2037,2688.4,1520,1030,2010,4086.368,2769.052,5403.684,-206.8,0,0,0,0
"243","Coal_CFB","PDP8_rev_low",2038,2481.6,1520,1030,2010,3772.032,2556.048,4988.016,-206.8,0,0,0,0
"244","Coal_CFB","PDP8_rev_low",2039,2274.8,1520,1030,2010,3457.696,2343.044,4572.348,-206.8,0,0,0,0
"245","Coal_CFB","PDP8_rev_low",2040,2068,1520,1030,2010,3143.36,2130.04,4156.68,-206.8,0,0,0,0
"246","Coal_CFB","PDP8_rev_low",2041,1861.2,1520,1030,2010,2829.024,1917.036,3741.012,-206.8,0,0,0,0
"247","Coal_CFB","PDP8_rev_low",2042,1654.4,1520,1030,2010,2514.688,1704.032,3325.344,-206.8,0,0,0,0
"248","Coal_CFB","PDP8_rev_low",2043,1447.6,1520,1030,2010,2200.352,1491.028,2909.676,-206.8,0,0,0,0
"249","Coal_CFB","PDP8_rev_low",2044,1240.8,1520,1030,2010,1886.016,1278.024,2494.008,-206.8,0,0,0,0
"250","Coal_CFB","PDP8_rev_low",2045,1034,1520,1030,2010,1571.68,1065.02,2078.34,-206.8,0,0,0,0
"251","Coal_CFB","PDP8_rev_low",2046,827.2,1520,1030,2010,1257.344,852.016,1662.672,-206.8,0,0,0,0
"252","Coal_CFB","PDP8_rev_low",2047,620.4,1520,1030,2010,943.008,639.012,1247.004,-206.8,0,0,0,0
"253","Coal_CFB","PDP8_rev_low",2048,413.6,1520,1030,2010,628.672,426.008,831.336,-206.8,0,0,0,0
"254","Coal_CFB","PDP8_rev_low",2049,206.8,1520,1030,2010,314.336,213.004,415.668,-206.8,0,0,0,0
"255","Coal_CFB","PDP8_rev_low",2050,0,1500,1010,1990,0,0,0,-206.8,0,0,0,0
"256","Coal_CFB","PDP8_rev_high",2000,0,NA,NA,NA,NA,NA,NA,NA,NA,NA,NA,NA
"257","Coal_CFB","PDP8_rev_high",2001,0,NA,NA,NA,NA,NA,NA,0,NA,NA,NA,0
"258","Coal_CFB","PDP8_rev_high",2002,0,NA,NA,NA,NA,NA,NA,0,NA,NA,NA,0
"259","Coal_CFB","PDP8_rev_high",2003,0,NA,NA,NA,NA,NA,NA,0,NA,NA,NA,0
"260","Coal_CFB","PDP8_rev_high",2004,0,NA,NA,NA,NA,NA,NA,0,NA,NA,NA,0
"261","Coal_CFB","PDP8_rev_high",2005,111,NA,NA,NA,NA,NA,NA,111,NA,NA,NA,0.111
"262","Coal_CFB","PDP8_rev_high",2006,111,NA,NA,NA,NA,NA,NA,0,NA,NA,NA,0
"263","Coal_CFB","PDP8_rev_high",2007,226,NA,NA,NA,NA,NA,NA,115,NA,NA,NA,0.115
"264","Coal_CFB","PDP8_rev_high",2008,226,NA,NA,NA,NA,NA,NA,0,NA,NA,NA,0
"265","Coal_CFB","PDP8_rev_high",2009,446,NA,NA,NA,NA,NA,NA,220,NA,NA,NA,0.22
"266","Coal_CFB","PDP8_rev_high",2010,1116,NA,NA,NA,NA,NA,NA,670,NA,NA,NA,0.67
"267","Coal_CFB","PDP8_rev_high",2011,1116,NA,NA,NA,NA,NA,NA,0,NA,NA,NA,0
"268","Coal_CFB","PDP8_rev_high",2012,1556,NA,NA,NA,NA,NA,NA,440,NA,NA,NA,0.44
"269","Coal_CFB","PDP8_rev_high",2013,1556,NA,NA,NA,NA,NA,NA,0,NA,NA,NA,0
"270","Coal_CFB","PDP8_rev_high",2014,1556,NA,NA,NA,NA,NA,NA,0,NA,NA,NA,0
"271","Coal_CFB","PDP8_rev_high",2015,1676,NA,NA,NA,NA,NA,NA,120,NA,NA,NA,0.12
"272","Coal_CFB","PDP8_rev_high",2016,2756,NA,NA,NA,NA,NA,NA,1080,NA,NA,NA,1.08
"273","Coal_CFB","PDP8_rev_high",2017,2756,NA,NA,NA,NA,NA,NA,0,NA,NA,NA,0
"274","Coal_CFB","PDP8_rev_high",2018,3376,NA,NA,NA,NA,NA,NA,620,NA,NA,NA,0.62
"275","Coal_CFB","PDP8_rev_high",2019,3376,NA,NA,NA,NA,NA,NA,0,NA,NA,NA,0
"276","Coal_CFB","PDP8_rev_high",2020,3376,1530,985,2075,5165.28,3325.36,7005.2,0,0,0,0,0
"277","Coal_CFB","PDP8_rev_high",2021,3376,1530,985,2075,5165.28,3325.36,7005.2,0,0,0,0,0
"278","Coal_CFB","PDP8_rev_high",2022,3376,1530,985,2075,5165.28,3325.36,7005.2,0,0,0,0,0
"279","Coal_CFB","PDP8_rev_high",2023,3376,1530,985,2075,5165.28,3325.36,7005.2,0,0,0,0,0
"280","Coal_CFB","PDP8_rev_high",2024,3376,1530,985,2075,5165.28,3325.36,7005.2,0,0,0,0,0
"281","Coal_CFB","PDP8_rev_high",2025,3376,1530,985,2075,5165.28,3325.36,7005.2,0,0,0,0,0
"282","Coal_CFB","PDP8_rev_high",2026,3528,1530,985,2075,5397.84,3475.08,7320.6,152,232.56,149.72,315.4,0.152
"283","Coal_CFB","PDP8_rev_high",2027,3680,1530,985,2075,5630.4,3624.8,7636,152,232.56,149.72,315.4,0.152
"284","Coal_CFB","PDP8_rev_high",2028,3832,1530,985,2075,5862.96,3774.52,7951.4,152,232.56,149.72,315.4,0.152
"285","Coal_CFB","PDP8_rev_high",2029,3984,1530,985,2075,6095.52,3924.24,8266.8,152,232.56,149.72,315.4,0.152
"286","Coal_CFB","PDP8_rev_high",2030,4136,1520,1030,2010,6286.72,4260.08,8313.36,152,231.04,156.56,305.52,0.152
"287","Coal_CFB","PDP8_rev_high",2031,3929.2,1520,1030,2010,5972.384,4047.076,7897.692,-206.8,0,0,0,0
"288","Coal_CFB","PDP8_rev_high",2032,3722.4,1520,1030,2010,5658.048,3834.072,7482.024,-206.8,0,0,0,0
"289","Coal_CFB","PDP8_rev_high",2033,3515.6,1520,1030,2010,5343.712,3621.068,7066.356,-206.8,0,0,0,0
"290","Coal_CFB","PDP8_rev_high",2034,3308.8,1520,1030,2010,5029.376,3408.064,6650.688,-206.8,0,0,0,0
"291","Coal_CFB","PDP8_rev_high",2035,3102,1520,1030,2010,4715.04,3195.06,6235.02,-206.8,0,0,0,0
"292","Coal_CFB","PDP8_rev_high",2036,2895.2,1520,1030,2010,4400.704,2982.056,5819.352,-206.8,0,0,0,0
"293","Coal_CFB","PDP8_rev_high",2037,2688.4,1520,1030,2010,4086.368,2769.052,5403.684,-206.8,0,0,0,0
"294","Coal_CFB","PDP8_rev_high",2038,2481.6,1520,1030,2010,3772.032,2556.048,4988.016,-206.8,0,0,0,0
"295","Coal_CFB","PDP8_rev_high",2039,2274.8,1520,1030,2010,3457.696,2343.044,4572.348,-206.8,0,0,0,0
"296","Coal_CFB","PDP8_rev_high",2040,2068,1520,1030,2010,3143.36,2130.04,4156.68,-206.8,0,0,0,0
"297","Coal_CFB","PDP8_rev_high",2041,1861.2,1520,1030,2010,2829.024,1917.036,3741.012,-206.8,0,0,0,0
"298","Coal_CFB","PDP8_rev_high",2042,1654.4,1520,1030,2010,2514.688,1704.032,3325.344,-206.8,0,0,0,0
"299","Coal_CFB","PDP8_rev_high",2043,1447.6,1520,1030,2010,2200.352,1491.028,2909.676,-206.8,0,0,0,0
"300","Coal_CFB","PDP8_rev_high",2044,1240.8,1520,1030,2010,1886.016,1278.024,2494.008,-206.8,0,0,0,0
"301","Coal_CFB","PDP8_rev_high",2045,1034,1520,1030,2010,1571.68,1065.02,2078.34,-206.8,0,0,0,0
"302","Coal_CFB","PDP8_rev_high",2046,827.2,1520,1030,2010,1257.344,852.016,1662.672,-206.8,0,0,0,0
"303","Coal_CFB","PDP8_rev_high",2047,620.4,1520,1030,2010,943.008,639.012,1247.004,-206.8,0,0,0,0
"304","Coal_CFB","PDP8_rev_high",2048,413.6,1520,1030,2010,628.672,426.008,831.336,-206.8,0,0,0,0
"305","Coal_CFB","PDP8_rev_high",2049,206.8,1520,1030,2010,314.336,213.004,415.668,-206.8,0,0,0,0
"306","Coal_CFB","PDP8_rev_high",2050,0,1500,1010,1990,0,0,0,-206.8,0,0,0,0
"307","Coal_conv_biomassNH3_PVC","PDP8",2000,NA,NA,NA,NA,NA,NA,NA,NA,NA,NA,NA,NA
"308","Coal_conv_biomassNH3_PVC","PDP8",2001,NA,NA,NA,NA,NA,NA,NA,NA,NA,NA,NA,NA
"309","Coal_conv_biomassNH3_PVC","PDP8",2002,NA,NA,NA,NA,NA,NA,NA,NA,NA,NA,NA,NA
"310","Coal_conv_biomassNH3_PVC","PDP8",2003,NA,NA,NA,NA,NA,NA,NA,NA,NA,NA,NA,NA
"311","Coal_conv_biomassNH3_PVC","PDP8",2004,NA,NA,NA,NA,NA,NA,NA,NA,NA,NA,NA,NA
"312","Coal_conv_biomassNH3_PVC","PDP8",2005,NA,NA,NA,NA,NA,NA,NA,NA,NA,NA,NA,NA
"313","Coal_conv_biomassNH3_PVC","PDP8",2006,NA,NA,NA,NA,NA,NA,NA,NA,NA,NA,NA,NA
"314","Coal_conv_biomassNH3_PVC","PDP8",2007,NA,NA,NA,NA,NA,NA,NA,NA,NA,NA,NA,NA
"315","Coal_conv_biomassNH3_PVC","PDP8",2008,NA,NA,NA,NA,NA,NA,NA,NA,NA,NA,NA,NA
"316","Coal_conv_biomassNH3_PVC","PDP8",2009,NA,NA,NA,NA,NA,NA,NA,NA,NA,NA,NA,NA
"317","Coal_conv_biomassNH3_PVC","PDP8",2010,NA,NA,NA,NA,NA,NA,NA,NA,NA,NA,NA,NA
"318","Coal_conv_biomassNH3_PVC","PDP8",2011,NA,NA,NA,NA,NA,NA,NA,NA,NA,NA,NA,NA
"319","Coal_conv_biomassNH3_PVC","PDP8",2012,NA,NA,NA,NA,NA,NA,NA,NA,NA,NA,NA,NA
"320","Coal_conv_biomassNH3_PVC","PDP8",2013,NA,NA,NA,NA,NA,NA,NA,NA,NA,NA,NA,NA
"321","Coal_conv_biomassNH3_PVC","PDP8",2014,NA,NA,NA,NA,NA,NA,NA,NA,NA,NA,NA,NA
"322","Coal_conv_biomassNH3_PVC","PDP8",2015,NA,NA,NA,NA,NA,NA,NA,NA,NA,NA,NA,NA
"323","Coal_conv_biomassNH3_PVC","PDP8",2016,NA,NA,NA,NA,NA,NA,NA,NA,NA,NA,NA,NA
"324","Coal_conv_biomassNH3_PVC","PDP8",2017,NA,NA,NA,NA,NA,NA,NA,NA,NA,NA,NA,NA
"325","Coal_conv_biomassNH3_PVC","PDP8",2018,NA,NA,NA,NA,NA,NA,NA,NA,NA,NA,NA,NA
"326","Coal_conv_biomassNH3_PVC","PDP8",2019,NA,NA,NA,NA,NA,NA,NA,NA,NA,NA,NA,NA
"327","Coal_conv_biomassNH3_PVC","PDP8",2020,NA,370,170,570,NA,NA,NA,NA,NA,NA,NA,NA
"328","Coal_conv_biomassNH3_PVC","PDP8",2021,NA,370,170,570,NA,NA,NA,NA,NA,NA,NA,NA
"329","Coal_conv_biomassNH3_PVC","PDP8",2022,NA,370,170,570,NA,NA,NA,NA,NA,NA,NA,NA
"330","Coal_conv_biomassNH3_PVC","PDP8",2023,NA,370,170,570,NA,NA,NA,NA,NA,NA,NA,NA
"331","Coal_conv_biomassNH3_PVC","PDP8",2024,NA,370,170,570,NA,NA,NA,NA,NA,NA,NA,NA
"332","Coal_conv_biomassNH3_PVC","PDP8",2025,0,370,170,570,0,0,0,NA,NA,NA,NA,NA
"333","Coal_conv_biomassNH3_PVC","PDP8",2026,0,370,170,570,0,0,0,0,0,0,0,0
"334","Coal_conv_biomassNH3_PVC","PDP8",2027,0,370,170,570,0,0,0,0,0,0,0,0
"335","Coal_conv_biomassNH3_PVC","PDP8",2028,0,370,170,570,0,0,0,0,0,0,0,0
"336","Coal_conv_biomassNH3_PVC","PDP8",2029,0,370,170,570,0,0,0,0,0,0,0,0
"337","Coal_conv_biomassNH3_PVC","PDP8",2030,0,370,170,570,0,0,0,0,0,0,0,0
"338","Coal_conv_biomassNH3_PVC","PDP8",2031,0,370,170,570,0,0,0,0,0,0,0,0
"339","Coal_conv_biomassNH3_PVC","PDP8",2032,0,370,170,570,0,0,0,0,0,0,0,0
"340","Coal_conv_biomassNH3_PVC","PDP8",2033,0,370,170,570,0,0,0,0,0,0,0,0
"341","Coal_conv_biomassNH3_PVC","PDP8",2034,0,370,170,570,0,0,0,0,0,0,0,0
"342","Coal_conv_biomassNH3_PVC","PDP8",2035,0,370,170,570,0,0,0,0,0,0,0,0
"343","Coal_conv_biomassNH3_PVC","PDP8",2036,0,370,170,570,0,0,0,0,0,0,0,0
"344","Coal_conv_biomassNH3_PVC","PDP8",2037,0,370,170,570,0,0,0,0,0,0,0,0
"345","Coal_conv_biomassNH3_PVC","PDP8",2038,0,370,170,570,0,0,0,0,0,0,0,0
"346","Coal_conv_biomassNH3_PVC","PDP8",2039,0,370,170,570,0,0,0,0,0,0,0,0
"347","Coal_conv_biomassNH3_PVC","PDP8",2040,0,370,170,570,0,0,0,0,0,0,0,0
"348","Coal_conv_biomassNH3_PVC","PDP8",2041,0,370,170,570,0,0,0,0,0,0,0,0
"349","Coal_conv_biomassNH3_PVC","PDP8",2042,0,370,170,570,0,0,0,0,0,0,0,0
"350","Coal_conv_biomassNH3_PVC","PDP8",2043,0,370,170,570,0,0,0,0,0,0,0,0
"351","Coal_conv_biomassNH3_PVC","PDP8",2044,0,370,170,570,0,0,0,0,0,0,0,0
"352","Coal_conv_biomassNH3_PVC","PDP8",2045,0,370,170,570,0,0,0,0,0,0,0,0
"353","Coal_conv_biomassNH3_PVC","PDP8",2046,0,370,170,570,0,0,0,0,0,0,0,0
"354","Coal_conv_biomassNH3_PVC","PDP8",2047,0,370,170,570,0,0,0,0,0,0,0,0
"355","Coal_conv_biomassNH3_PVC","PDP8",2048,0,370,170,570,0,0,0,0,0,0,0,0
"356","Coal_conv_biomassNH3_PVC","PDP8",2049,0,370,170,570,0,0,0,0,0,0,0,0
"357","Coal_conv_biomassNH3_PVC","PDP8",2050,0,370,170,570,0,0,0,0,0,0,0,0
"358","Coal_conv_biomassNH3_PVC","PDP8_rev_low",2000,NA,NA,NA,NA,NA,NA,NA,NA,NA,NA,NA,NA
"359","Coal_conv_biomassNH3_PVC","PDP8_rev_low",2001,NA,NA,NA,NA,NA,NA,NA,NA,NA,NA,NA,NA
"360","Coal_conv_biomassNH3_PVC","PDP8_rev_low",2002,NA,NA,NA,NA,NA,NA,NA,NA,NA,NA,NA,NA
"361","Coal_conv_biomassNH3_PVC","PDP8_rev_low",2003,NA,NA,NA,NA,NA,NA,NA,NA,NA,NA,NA,NA
"362","Coal_conv_biomassNH3_PVC","PDP8_rev_low",2004,NA,NA,NA,NA,NA,NA,NA,NA,NA,NA,NA,NA
"363","Coal_conv_biomassNH3_PVC","PDP8_rev_low",2005,NA,NA,NA,NA,NA,NA,NA,NA,NA,NA,NA,NA
"364","Coal_conv_biomassNH3_PVC","PDP8_rev_low",2006,NA,NA,NA,NA,NA,NA,NA,NA,NA,NA,NA,NA
"365","Coal_conv_biomassNH3_PVC","PDP8_rev_low",2007,NA,NA,NA,NA,NA,NA,NA,NA,NA,NA,NA,NA
"366","Coal_conv_biomassNH3_PVC","PDP8_rev_low",2008,NA,NA,NA,NA,NA,NA,NA,NA,NA,NA,NA,NA
"367","Coal_conv_biomassNH3_PVC","PDP8_rev_low",2009,NA,NA,NA,NA,NA,NA,NA,NA,NA,NA,NA,NA
"368","Coal_conv_biomassNH3_PVC","PDP8_rev_low",2010,NA,NA,NA,NA,NA,NA,NA,NA,NA,NA,NA,NA
"369","Coal_conv_biomassNH3_PVC","PDP8_rev_low",2011,NA,NA,NA,NA,NA,NA,NA,NA,NA,NA,NA,NA
"370","Coal_conv_biomassNH3_PVC","PDP8_rev_low",2012,NA,NA,NA,NA,NA,NA,NA,NA,NA,NA,NA,NA
"371","Coal_conv_biomassNH3_PVC","PDP8_rev_low",2013,NA,NA,NA,NA,NA,NA,NA,NA,NA,NA,NA,NA
"372","Coal_conv_biomassNH3_PVC","PDP8_rev_low",2014,NA,NA,NA,NA,NA,NA,NA,NA,NA,NA,NA,NA
"373","Coal_conv_biomassNH3_PVC","PDP8_rev_low",2015,NA,NA,NA,NA,NA,NA,NA,NA,NA,NA,NA,NA
"374","Coal_conv_biomassNH3_PVC","PDP8_rev_low",2016,NA,NA,NA,NA,NA,NA,NA,NA,NA,NA,NA,NA
"375","Coal_conv_biomassNH3_PVC","PDP8_rev_low",2017,NA,NA,NA,NA,NA,NA,NA,NA,NA,NA,NA,NA
"376","Coal_conv_biomassNH3_PVC","PDP8_rev_low",2018,NA,NA,NA,NA,NA,NA,NA,NA,NA,NA,NA,NA
"377","Coal_conv_biomassNH3_PVC","PDP8_rev_low",2019,NA,NA,NA,NA,NA,NA,NA,NA,NA,NA,NA,NA
"378","Coal_conv_biomassNH3_PVC","PDP8_rev_low",2020,NA,370,170,570,NA,NA,NA,NA,NA,NA,NA,NA
"379","Coal_conv_biomassNH3_PVC","PDP8_rev_low",2021,NA,370,170,570,NA,NA,NA,NA,NA,NA,NA,NA
"380","Coal_conv_biomassNH3_PVC","PDP8_rev_low",2022,NA,370,170,570,NA,NA,NA,NA,NA,NA,NA,NA
"381","Coal_conv_biomassNH3_PVC","PDP8_rev_low",2023,NA,370,170,570,NA,NA,NA,NA,NA,NA,NA,NA
"382","Coal_conv_biomassNH3_PVC","PDP8_rev_low",2024,NA,370,170,570,NA,NA,NA,NA,NA,NA,NA,NA
"383","Coal_conv_biomassNH3_PVC","PDP8_rev_low",2025,0,370,170,570,0,0,0,NA,NA,NA,NA,NA
"384","Coal_conv_biomassNH3_PVC","PDP8_rev_low",2026,0,370,170,570,0,0,0,0,0,0,0,0
"385","Coal_conv_biomassNH3_PVC","PDP8_rev_low",2027,0,370,170,570,0,0,0,0,0,0,0,0
"386","Coal_conv_biomassNH3_PVC","PDP8_rev_low",2028,0,370,170,570,0,0,0,0,0,0,0,0
"387","Coal_conv_biomassNH3_PVC","PDP8_rev_low",2029,0,370,170,570,0,0,0,0,0,0,0,0
"388","Coal_conv_biomassNH3_PVC","PDP8_rev_low",2030,0,370,170,570,0,0,0,0,0,0,0,0
"389","Coal_conv_biomassNH3_PVC","PDP8_rev_low",2031,1083.1,370,170,570,400.747,184.127,617.367,1083.1,400.747,184.127,617.367,1.0831
"390","Coal_conv_biomassNH3_PVC","PDP8_rev_low",2032,2166.2,370,170,570,801.494,368.254,1234.734,1083.1,400.747,184.127,617.367,1.0831
"391","Coal_conv_biomassNH3_PVC","PDP8_rev_low",2033,3249.3,370,170,570,1202.241,552.381,1852.101,1083.1,400.747,184.127,617.367,1.0831
"392","Coal_conv_biomassNH3_PVC","PDP8_rev_low",2034,4332.4,370,170,570,1602.988,736.508,2469.468,1083.1,400.747,184.127,617.367000000001,1.0831
"393","Coal_conv_biomassNH3_PVC","PDP8_rev_low",2035,5415.5,370,170,570,2003.735,920.635,3086.835,1083.1,400.747,184.127,617.367,1.0831
"394","Coal_conv_biomassNH3_PVC","PDP8_rev_low",2036,6498.6,370,170,570,2404.482,1104.762,3704.202,1083.1,400.747,184.127,617.367,1.0831
"395","Coal_conv_biomassNH3_PVC","PDP8_rev_low",2037,7581.7,370,170,570,2805.229,1288.889,4321.569,1083.1,400.747,184.127,617.367,1.0831
"396","Coal_conv_biomassNH3_PVC","PDP8_rev_low",2038,8664.8,370,170,570,3205.976,1473.016,4938.936,1083.1,400.747,184.127,617.367000000001,1.0831
"397","Coal_conv_biomassNH3_PVC","PDP8_rev_low",2039,9747.9,370,170,570,3606.723,1657.143,5556.303,1083.1,400.747,184.127,617.366999999999,1.0831
"398","Coal_conv_biomassNH3_PVC","PDP8_rev_low",2040,10831,370,170,570,4007.47,1841.27,6173.67,1083.1,400.747,184.127,617.367,1.0831
"399","Coal_conv_biomassNH3_PVC","PDP8_rev_low",2041,11914.1,370,170,570,4408.217,2025.397,6791.037,1083.1,400.747,184.127,617.367,1.0831
"400","Coal_conv_biomassNH3_PVC","PDP8_rev_low",2042,12997.2,370,170,570,4808.964,2209.524,7408.404,1083.1,400.747,184.127,617.366999999999,1.0831
"401","Coal_conv_biomassNH3_PVC","PDP8_rev_low",2043,14080.3,370,170,570,5209.711,2393.651,8025.771,1083.1,400.747000000001,184.127,617.367000000001,1.0831
"402","Coal_conv_biomassNH3_PVC","PDP8_rev_low",2044,15163.4,370,170,570,5610.458,2577.778,8643.138,1083.1,400.747,184.127,617.366999999999,1.0831
"403","Coal_conv_biomassNH3_PVC","PDP8_rev_low",2045,16246.5,370,170,570,6011.205,2761.905,9260.505,1083.1,400.747,184.127,617.367,1.0831
"404","Coal_conv_biomassNH3_PVC","PDP8_rev_low",2046,17329.6,370,170,570,6411.952,2946.032,9877.872,1083.1,400.747000000001,184.127,617.367000000001,1.0831
"405","Coal_conv_biomassNH3_PVC","PDP8_rev_low",2047,18412.7,370,170,570,6812.699,3130.159,10495.239,1083.1,400.747,184.127,617.366999999999,1.0831
"406","Coal_conv_biomassNH3_PVC","PDP8_rev_low",2048,19495.8,370,170,570,7213.446,3314.286,11112.606,1083.1,400.747,184.127,617.366999999999,1.0831
"407","Coal_conv_biomassNH3_PVC","PDP8_rev_low",2049,20578.9,370,170,570,7614.193,3498.413,11729.973,1083.1,400.747,184.127,617.366999999999,1.0831
"408","Coal_conv_biomassNH3_PVC","PDP8_rev_low",2050,21662,370,170,570,8014.94,3682.54,12347.34,1083.1,400.747000000001,184.127,617.367000000001,1.0831
"409","Coal_conv_biomassNH3_PVC","PDP8_rev_high",2000,NA,NA,NA,NA,NA,NA,NA,NA,NA,NA,NA,NA
"410","Coal_conv_biomassNH3_PVC","PDP8_rev_high",2001,NA,NA,NA,NA,NA,NA,NA,NA,NA,NA,NA,NA
"411","Coal_conv_biomassNH3_PVC","PDP8_rev_high",2002,NA,NA,NA,NA,NA,NA,NA,NA,NA,NA,NA,NA
"412","Coal_conv_biomassNH3_PVC","PDP8_rev_high",2003,NA,NA,NA,NA,NA,NA,NA,NA,NA,NA,NA,NA
"413","Coal_conv_biomassNH3_PVC","PDP8_rev_high",2004,NA,NA,NA,NA,NA,NA,NA,NA,NA,NA,NA,NA
"414","Coal_conv_biomassNH3_PVC","PDP8_rev_high",2005,NA,NA,NA,NA,NA,NA,NA,NA,NA,NA,NA,NA
"415","Coal_conv_biomassNH3_PVC","PDP8_rev_high",2006,NA,NA,NA,NA,NA,NA,NA,NA,NA,NA,NA,NA
"416","Coal_conv_biomassNH3_PVC","PDP8_rev_high",2007,NA,NA,NA,NA,NA,NA,NA,NA,NA,NA,NA,NA
"417","Coal_conv_biomassNH3_PVC","PDP8_rev_high",2008,NA,NA,NA,NA,NA,NA,NA,NA,NA,NA,NA,NA
"418","Coal_conv_biomassNH3_PVC","PDP8_rev_high",2009,NA,NA,NA,NA,NA,NA,NA,NA,NA,NA,NA,NA
"419","Coal_conv_biomassNH3_PVC","PDP8_rev_high",2010,NA,NA,NA,NA,NA,NA,NA,NA,NA,NA,NA,NA
"420","Coal_conv_biomassNH3_PVC","PDP8_rev_high",2011,NA,NA,NA,NA,NA,NA,NA,NA,NA,NA,NA,NA
"421","Coal_conv_biomassNH3_PVC","PDP8_rev_high",2012,NA,NA,NA,NA,NA,NA,NA,NA,NA,NA,NA,NA
"422","Coal_conv_biomassNH3_PVC","PDP8_rev_high",2013,NA,NA,NA,NA,NA,NA,NA,NA,NA,NA,NA,NA
"423","Coal_conv_biomassNH3_PVC","PDP8_rev_high",2014,NA,NA,NA,NA,NA,NA,NA,NA,NA,NA,NA,NA
"424","Coal_conv_biomassNH3_PVC","PDP8_rev_high",2015,NA,NA,NA,NA,NA,NA,NA,NA,NA,NA,NA,NA
"425","Coal_conv_biomassNH3_PVC","PDP8_rev_high",2016,NA,NA,NA,NA,NA,NA,NA,NA,NA,NA,NA,NA
"426","Coal_conv_biomassNH3_PVC","PDP8_rev_high",2017,NA,NA,NA,NA,NA,NA,NA,NA,NA,NA,NA,NA
"427","Coal_conv_biomassNH3_PVC","PDP8_rev_high",2018,NA,NA,NA,NA,NA,NA,NA,NA,NA,NA,NA,NA
"428","Coal_conv_biomassNH3_PVC","PDP8_rev_high",2019,NA,NA,NA,NA,NA,NA,NA,NA,NA,NA,NA,NA
"429","Coal_conv_biomassNH3_PVC","PDP8_rev_high",2020,NA,370,170,570,NA,NA,NA,NA,NA,NA,NA,NA
"430","Coal_conv_biomassNH3_PVC","PDP8_rev_high",2021,NA,370,170,570,NA,NA,NA,NA,NA,NA,NA,NA
"431","Coal_conv_biomassNH3_PVC","PDP8_rev_high",2022,NA,370,170,570,NA,NA,NA,NA,NA,NA,NA,NA
"432","Coal_conv_biomassNH3_PVC","PDP8_rev_high",2023,NA,370,170,570,NA,NA,NA,NA,NA,NA,NA,NA
"433","Coal_conv_biomassNH3_PVC","PDP8_rev_high",2024,NA,370,170,570,NA,NA,NA,NA,NA,NA,NA,NA
"434","Coal_conv_biomassNH3_PVC","PDP8_rev_high",2025,0,370,170,570,0,0,0,NA,NA,NA,NA,NA
"435","Coal_conv_biomassNH3_PVC","PDP8_rev_high",2026,0,370,170,570,0,0,0,0,0,0,0,0
"436","Coal_conv_biomassNH3_PVC","PDP8_rev_high",2027,0,370,170,570,0,0,0,0,0,0,0,0
"437","Coal_conv_biomassNH3_PVC","PDP8_rev_high",2028,0,370,170,570,0,0,0,0,0,0,0,0
"438","Coal_conv_biomassNH3_PVC","PDP8_rev_high",2029,0,370,170,570,0,0,0,0,0,0,0,0
"439","Coal_conv_biomassNH3_PVC","PDP8_rev_high",2030,0,370,170,570,0,0,0,0,0,0,0,0
"440","Coal_conv_biomassNH3_PVC","PDP8_rev_high",2031,1083.1,370,170,570,400.747,184.127,617.367,1083.1,400.747,184.127,617.367,1.0831
"441","Coal_conv_biomassNH3_PVC","PDP8_rev_high",2032,2166.2,370,170,570,801.494,368.254,1234.734,1083.1,400.747,184.127,617.367,1.0831
"442","Coal_conv_biomassNH3_PVC","PDP8_rev_high",2033,3249.3,370,170,570,1202.241,552.381,1852.101,1083.1,400.747,184.127,617.367,1.0831
"443","Coal_conv_biomassNH3_PVC","PDP8_rev_high",2034,4332.4,370,170,570,1602.988,736.508,2469.468,1083.1,400.747,184.127,617.367000000001,1.0831
"444","Coal_conv_biomassNH3_PVC","PDP8_rev_high",2035,5415.5,370,170,570,2003.735,920.635,3086.835,1083.1,400.747,184.127,617.367,1.0831
"445","Coal_conv_biomassNH3_PVC","PDP8_rev_high",2036,6498.6,370,170,570,2404.482,1104.762,3704.202,1083.1,400.747,184.127,617.367,1.0831
"446","Coal_conv_biomassNH3_PVC","PDP8_rev_high",2037,7581.7,370,170,570,2805.229,1288.889,4321.569,1083.1,400.747,184.127,617.367,1.0831
"447","Coal_conv_biomassNH3_PVC","PDP8_rev_high",2038,8664.8,370,170,570,3205.976,1473.016,4938.936,1083.1,400.747,184.127,617.367000000001,1.0831
"448","Coal_conv_biomassNH3_PVC","PDP8_rev_high",2039,9747.9,370,170,570,3606.723,1657.143,5556.303,1083.1,400.747,184.127,617.366999999999,1.0831
"449","Coal_conv_biomassNH3_PVC","PDP8_rev_high",2040,10831,370,170,570,4007.47,1841.27,6173.67,1083.1,400.747,184.127,617.367,1.0831
"450","Coal_conv_biomassNH3_PVC","PDP8_rev_high",2041,11914.1,370,170,570,4408.217,2025.397,6791.037,1083.1,400.747,184.127,617.367,1.0831
"451","Coal_conv_biomassNH3_PVC","PDP8_rev_high",2042,12997.2,370,170,570,4808.964,2209.524,7408.404,1083.1,400.747,184.127,617.366999999999,1.0831
"452","Coal_conv_biomassNH3_PVC","PDP8_rev_high",2043,14080.3,370,170,570,5209.711,2393.651,8025.771,1083.1,400.747000000001,184.127,617.367000000001,1.0831
"453","Coal_conv_biomassNH3_PVC","PDP8_rev_high",2044,15163.4,370,170,570,5610.458,2577.778,8643.138,1083.1,400.747,184.127,617.366999999999,1.0831
"454","Coal_conv_biomassNH3_PVC","PDP8_rev_high",2045,16246.5,370,170,570,6011.205,2761.905,9260.505,1083.1,400.747,184.127,617.367,1.0831
"455","Coal_conv_biomassNH3_PVC","PDP8_rev_high",2046,17329.6,370,170,570,6411.952,2946.032,9877.872,1083.1,400.747000000001,184.127,617.367000000001,1.0831
"456","Coal_conv_biomassNH3_PVC","PDP8_rev_high",2047,18412.7,370,170,570,6812.699,3130.159,10495.239,1083.1,400.747,184.127,617.366999999999,1.0831
"457","Coal_conv_biomassNH3_PVC","PDP8_rev_high",2048,19495.8,370,170,570,7213.446,3314.286,11112.606,1083.1,400.747,184.127,617.366999999999,1.0831
"458","Coal_conv_biomassNH3_PVC","PDP8_rev_high",2049,20578.9,370,170,570,7614.193,3498.413,11729.973,1083.1,400.747,184.127,617.366999999999,1.0831
"459","Coal_conv_biomassNH3_PVC","PDP8_rev_high",2050,21662,370,170,570,8014.94,3682.54,12347.34,1083.1,400.747000000001,184.127,617.367000000001,1.0831
"460","Coal_conv_biomassNH3_CFB","PDP8",2000,NA,NA,NA,NA,NA,NA,NA,NA,NA,NA,NA,NA
"461","Coal_conv_biomassNH3_CFB","PDP8",2001,NA,NA,NA,NA,NA,NA,NA,NA,NA,NA,NA,NA
"462","Coal_conv_biomassNH3_CFB","PDP8",2002,NA,NA,NA,NA,NA,NA,NA,NA,NA,NA,NA,NA
"463","Coal_conv_biomassNH3_CFB","PDP8",2003,NA,NA,NA,NA,NA,NA,NA,NA,NA,NA,NA,NA
"464","Coal_conv_biomassNH3_CFB","PDP8",2004,NA,NA,NA,NA,NA,NA,NA,NA,NA,NA,NA,NA
"465","Coal_conv_biomassNH3_CFB","PDP8",2005,NA,NA,NA,NA,NA,NA,NA,NA,NA,NA,NA,NA
"466","Coal_conv_biomassNH3_CFB","PDP8",2006,NA,NA,NA,NA,NA,NA,NA,NA,NA,NA,NA,NA
"467","Coal_conv_biomassNH3_CFB","PDP8",2007,NA,NA,NA,NA,NA,NA,NA,NA,NA,NA,NA,NA
"468","Coal_conv_biomassNH3_CFB","PDP8",2008,NA,NA,NA,NA,NA,NA,NA,NA,NA,NA,NA,NA
"469","Coal_conv_biomassNH3_CFB","PDP8",2009,NA,NA,NA,NA,NA,NA,NA,NA,NA,NA,NA,NA
"470","Coal_conv_biomassNH3_CFB","PDP8",2010,NA,NA,NA,NA,NA,NA,NA,NA,NA,NA,NA,NA
"471","Coal_conv_biomassNH3_CFB","PDP8",2011,NA,NA,NA,NA,NA,NA,NA,NA,NA,NA,NA,NA
"472","Coal_conv_biomassNH3_CFB","PDP8",2012,NA,NA,NA,NA,NA,NA,NA,NA,NA,NA,NA,NA
"473","Coal_conv_biomassNH3_CFB","PDP8",2013,NA,NA,NA,NA,NA,NA,NA,NA,NA,NA,NA,NA
"474","Coal_conv_biomassNH3_CFB","PDP8",2014,NA,NA,NA,NA,NA,NA,NA,NA,NA,NA,NA,NA
"475","Coal_conv_biomassNH3_CFB","PDP8",2015,NA,NA,NA,NA,NA,NA,NA,NA,NA,NA,NA,NA
"476","Coal_conv_biomassNH3_CFB","PDP8",2016,NA,NA,NA,NA,NA,NA,NA,NA,NA,NA,NA,NA
"477","Coal_conv_biomassNH3_CFB","PDP8",2017,NA,NA,NA,NA,NA,NA,NA,NA,NA,NA,NA,NA
"478","Coal_conv_biomassNH3_CFB","PDP8",2018,NA,NA,NA,NA,NA,NA,NA,NA,NA,NA,NA,NA
"479","Coal_conv_biomassNH3_CFB","PDP8",2019,NA,NA,NA,NA,NA,NA,NA,NA,NA,NA,NA,NA
"480","Coal_conv_biomassNH3_CFB","PDP8",2020,NA,0,0,0,NA,NA,NA,NA,NA,NA,NA,NA
"481","Coal_conv_biomassNH3_CFB","PDP8",2021,NA,0,0,0,NA,NA,NA,NA,NA,NA,NA,NA
"482","Coal_conv_biomassNH3_CFB","PDP8",2022,NA,0,0,0,NA,NA,NA,NA,NA,NA,NA,NA
"483","Coal_conv_biomassNH3_CFB","PDP8",2023,NA,0,0,0,NA,NA,NA,NA,NA,NA,NA,NA
"484","Coal_conv_biomassNH3_CFB","PDP8",2024,NA,0,0,0,NA,NA,NA,NA,NA,NA,NA,NA
"485","Coal_conv_biomassNH3_CFB","PDP8",2025,0,0,0,0,0,0,0,NA,NA,NA,NA,NA
"486","Coal_conv_biomassNH3_CFB","PDP8",2026,0,0,0,0,0,0,0,0,0,0,0,0
"487","Coal_conv_biomassNH3_CFB","PDP8",2027,0,0,0,0,0,0,0,0,0,0,0,0
"488","Coal_conv_biomassNH3_CFB","PDP8",2028,0,0,0,0,0,0,0,0,0,0,0,0
"489","Coal_conv_biomassNH3_CFB","PDP8",2029,0,0,0,0,0,0,0,0,0,0,0,0
"490","Coal_conv_biomassNH3_CFB","PDP8",2030,0,0,0,0,0,0,0,0,0,0,0,0
"491","Coal_conv_biomassNH3_CFB","PDP8",2031,0,0,0,0,0,0,0,0,0,0,0,0
"492","Coal_conv_biomassNH3_CFB","PDP8",2032,0,0,0,0,0,0,0,0,0,0,0,0
"493","Coal_conv_biomassNH3_CFB","PDP8",2033,0,0,0,0,0,0,0,0,0,0,0,0
"494","Coal_conv_biomassNH3_CFB","PDP8",2034,0,0,0,0,0,0,0,0,0,0,0,0
"495","Coal_conv_biomassNH3_CFB","PDP8",2035,0,0,0,0,0,0,0,0,0,0,0,0
"496","Coal_conv_biomassNH3_CFB","PDP8",2036,0,0,0,0,0,0,0,0,0,0,0,0
"497","Coal_conv_biomassNH3_CFB","PDP8",2037,0,0,0,0,0,0,0,0,0,0,0,0
"498","Coal_conv_biomassNH3_CFB","PDP8",2038,0,0,0,0,0,0,0,0,0,0,0,0
"499","Coal_conv_biomassNH3_CFB","PDP8",2039,0,0,0,0,0,0,0,0,0,0,0,0
"500","Coal_conv_biomassNH3_CFB","PDP8",2040,0,0,0,0,0,0,0,0,0,0,0,0
"501","Coal_conv_biomassNH3_CFB","PDP8",2041,0,0,0,0,0,0,0,0,0,0,0,0
"502","Coal_conv_biomassNH3_CFB","PDP8",2042,0,0,0,0,0,0,0,0,0,0,0,0
"503","Coal_conv_biomassNH3_CFB","PDP8",2043,0,0,0,0,0,0,0,0,0,0,0,0
"504","Coal_conv_biomassNH3_CFB","PDP8",2044,0,0,0,0,0,0,0,0,0,0,0,0
"505","Coal_conv_biomassNH3_CFB","PDP8",2045,0,0,0,0,0,0,0,0,0,0,0,0
"506","Coal_conv_biomassNH3_CFB","PDP8",2046,0,0,0,0,0,0,0,0,0,0,0,0
"507","Coal_conv_biomassNH3_CFB","PDP8",2047,0,0,0,0,0,0,0,0,0,0,0,0
"508","Coal_conv_biomassNH3_CFB","PDP8",2048,0,0,0,0,0,0,0,0,0,0,0,0
"509","Coal_conv_biomassNH3_CFB","PDP8",2049,0,0,0,0,0,0,0,0,0,0,0,0
"510","Coal_conv_biomassNH3_CFB","PDP8",2050,0,0,0,0,0,0,0,0,0,0,0,0
"511","Coal_conv_biomassNH3_CFB","PDP8_rev_low",2000,NA,NA,NA,NA,NA,NA,NA,NA,NA,NA,NA,NA
"512","Coal_conv_biomassNH3_CFB","PDP8_rev_low",2001,NA,NA,NA,NA,NA,NA,NA,NA,NA,NA,NA,NA
"513","Coal_conv_biomassNH3_CFB","PDP8_rev_low",2002,NA,NA,NA,NA,NA,NA,NA,NA,NA,NA,NA,NA
"514","Coal_conv_biomassNH3_CFB","PDP8_rev_low",2003,NA,NA,NA,NA,NA,NA,NA,NA,NA,NA,NA,NA
"515","Coal_conv_biomassNH3_CFB","PDP8_rev_low",2004,NA,NA,NA,NA,NA,NA,NA,NA,NA,NA,NA,NA
"516","Coal_conv_biomassNH3_CFB","PDP8_rev_low",2005,NA,NA,NA,NA,NA,NA,NA,NA,NA,NA,NA,NA
"517","Coal_conv_biomassNH3_CFB","PDP8_rev_low",2006,NA,NA,NA,NA,NA,NA,NA,NA,NA,NA,NA,NA
"518","Coal_conv_biomassNH3_CFB","PDP8_rev_low",2007,NA,NA,NA,NA,NA,NA,NA,NA,NA,NA,NA,NA
"519","Coal_conv_biomassNH3_CFB","PDP8_rev_low",2008,NA,NA,NA,NA,NA,NA,NA,NA,NA,NA,NA,NA
"520","Coal_conv_biomassNH3_CFB","PDP8_rev_low",2009,NA,NA,NA,NA,NA,NA,NA,NA,NA,NA,NA,NA
"521","Coal_conv_biomassNH3_CFB","PDP8_rev_low",2010,NA,NA,NA,NA,NA,NA,NA,NA,NA,NA,NA,NA
"522","Coal_conv_biomassNH3_CFB","PDP8_rev_low",2011,NA,NA,NA,NA,NA,NA,NA,NA,NA,NA,NA,NA
"523","Coal_conv_biomassNH3_CFB","PDP8_rev_low",2012,NA,NA,NA,NA,NA,NA,NA,NA,NA,NA,NA,NA
"524","Coal_conv_biomassNH3_CFB","PDP8_rev_low",2013,NA,NA,NA,NA,NA,NA,NA,NA,NA,NA,NA,NA
"525","Coal_conv_biomassNH3_CFB","PDP8_rev_low",2014,NA,NA,NA,NA,NA,NA,NA,NA,NA,NA,NA,NA
"526","Coal_conv_biomassNH3_CFB","PDP8_rev_low",2015,NA,NA,NA,NA,NA,NA,NA,NA,NA,NA,NA,NA
"527","Coal_conv_biomassNH3_CFB","PDP8_rev_low",2016,NA,NA,NA,NA,NA,NA,NA,NA,NA,NA,NA,NA
"528","Coal_conv_biomassNH3_CFB","PDP8_rev_low",2017,NA,NA,NA,NA,NA,NA,NA,NA,NA,NA,NA,NA
"529","Coal_conv_biomassNH3_CFB","PDP8_rev_low",2018,NA,NA,NA,NA,NA,NA,NA,NA,NA,NA,NA,NA
"530","Coal_conv_biomassNH3_CFB","PDP8_rev_low",2019,NA,NA,NA,NA,NA,NA,NA,NA,NA,NA,NA,NA
"531","Coal_conv_biomassNH3_CFB","PDP8_rev_low",2020,NA,0,0,0,NA,NA,NA,NA,NA,NA,NA,NA
"532","Coal_conv_biomassNH3_CFB","PDP8_rev_low",2021,NA,0,0,0,NA,NA,NA,NA,NA,NA,NA,NA
"533","Coal_conv_biomassNH3_CFB","PDP8_rev_low",2022,NA,0,0,0,NA,NA,NA,NA,NA,NA,NA,NA
"534","Coal_conv_biomassNH3_CFB","PDP8_rev_low",2023,NA,0,0,0,NA,NA,NA,NA,NA,NA,NA,NA
"535","Coal_conv_biomassNH3_CFB","PDP8_rev_low",2024,NA,0,0,0,NA,NA,NA,NA,NA,NA,NA,NA
"536","Coal_conv_biomassNH3_CFB","PDP8_rev_low",2025,0,0,0,0,0,0,0,NA,NA,NA,NA,NA
"537","Coal_conv_biomassNH3_CFB","PDP8_rev_low",2026,0,0,0,0,0,0,0,0,0,0,0,0
"538","Coal_conv_biomassNH3_CFB","PDP8_rev_low",2027,0,0,0,0,0,0,0,0,0,0,0,0
"539","Coal_conv_biomassNH3_CFB","PDP8_rev_low",2028,0,0,0,0,0,0,0,0,0,0,0,0
"540","Coal_conv_biomassNH3_CFB","PDP8_rev_low",2029,0,0,0,0,0,0,0,0,0,0,0,0
"541","Coal_conv_biomassNH3_CFB","PDP8_rev_low",2030,0,0,0,0,0,0,0,0,0,0,0,0
"542","Coal_conv_biomassNH3_CFB","PDP8_rev_low",2031,206.8,0,0,0,0,0,0,206.8,0,0,0,0.2068
"543","Coal_conv_biomassNH3_CFB","PDP8_rev_low",2032,413.6,0,0,0,0,0,0,206.8,0,0,0,0.2068
"544","Coal_conv_biomassNH3_CFB","PDP8_rev_low",2033,620.4,0,0,0,0,0,0,206.8,0,0,0,0.2068
"545","Coal_conv_biomassNH3_CFB","PDP8_rev_low",2034,827.2,0,0,0,0,0,0,206.8,0,0,0,0.2068
"546","Coal_conv_biomassNH3_CFB","PDP8_rev_low",2035,1034,0,0,0,0,0,0,206.8,0,0,0,0.2068
"547","Coal_conv_biomassNH3_CFB","PDP8_rev_low",2036,1240.8,0,0,0,0,0,0,206.8,0,0,0,0.2068
"548","Coal_conv_biomassNH3_CFB","PDP8_rev_low",2037,1447.6,0,0,0,0,0,0,206.8,0,0,0,0.2068
"549","Coal_conv_biomassNH3_CFB","PDP8_rev_low",2038,1654.4,0,0,0,0,0,0,206.8,0,0,0,0.2068
"550","Coal_conv_biomassNH3_CFB","PDP8_rev_low",2039,1861.2,0,0,0,0,0,0,206.8,0,0,0,0.2068
"551","Coal_conv_biomassNH3_CFB","PDP8_rev_low",2040,2068,0,0,0,0,0,0,206.8,0,0,0,0.2068
"552","Coal_conv_biomassNH3_CFB","PDP8_rev_low",2041,2274.8,0,0,0,0,0,0,206.8,0,0,0,0.2068
"553","Coal_conv_biomassNH3_CFB","PDP8_rev_low",2042,2481.6,0,0,0,0,0,0,206.8,0,0,0,0.2068
"554","Coal_conv_biomassNH3_CFB","PDP8_rev_low",2043,2688.4,0,0,0,0,0,0,206.8,0,0,0,0.2068
"555","Coal_conv_biomassNH3_CFB","PDP8_rev_low",2044,2895.2,0,0,0,0,0,0,206.8,0,0,0,0.2068
"556","Coal_conv_biomassNH3_CFB","PDP8_rev_low",2045,3102,0,0,0,0,0,0,206.8,0,0,0,0.2068
"557","Coal_conv_biomassNH3_CFB","PDP8_rev_low",2046,3308.8,0,0,0,0,0,0,206.8,0,0,0,0.2068
"558","Coal_conv_biomassNH3_CFB","PDP8_rev_low",2047,3515.6,0,0,0,0,0,0,206.8,0,0,0,0.2068
"559","Coal_conv_biomassNH3_CFB","PDP8_rev_low",2048,3722.4,0,0,0,0,0,0,206.8,0,0,0,0.2068
"560","Coal_conv_biomassNH3_CFB","PDP8_rev_low",2049,3929.2,0,0,0,0,0,0,206.8,0,0,0,0.2068
"561","Coal_conv_biomassNH3_CFB","PDP8_rev_low",2050,4136,0,0,0,0,0,0,206.8,0,0,0,0.2068
"562","Coal_conv_biomassNH3_CFB","PDP8_rev_high",2000,NA,NA,NA,NA,NA,NA,NA,NA,NA,NA,NA,NA
"563","Coal_conv_biomassNH3_CFB","PDP8_rev_high",2001,NA,NA,NA,NA,NA,NA,NA,NA,NA,NA,NA,NA
"564","Coal_conv_biomassNH3_CFB","PDP8_rev_high",2002,NA,NA,NA,NA,NA,NA,NA,NA,NA,NA,NA,NA
"565","Coal_conv_biomassNH3_CFB","PDP8_rev_high",2003,NA,NA,NA,NA,NA,NA,NA,NA,NA,NA,NA,NA
"566","Coal_conv_biomassNH3_CFB","PDP8_rev_high",2004,NA,NA,NA,NA,NA,NA,NA,NA,NA,NA,NA,NA
"567","Coal_conv_biomassNH3_CFB","PDP8_rev_high",2005,NA,NA,NA,NA,NA,NA,NA,NA,NA,NA,NA,NA
"568","Coal_conv_biomassNH3_CFB","PDP8_rev_high",2006,NA,NA,NA,NA,NA,NA,NA,NA,NA,NA,NA,NA
"569","Coal_conv_biomassNH3_CFB","PDP8_rev_high",2007,NA,NA,NA,NA,NA,NA,NA,NA,NA,NA,NA,NA
"570","Coal_conv_biomassNH3_CFB","PDP8_rev_high",2008,NA,NA,NA,NA,NA,NA,NA,NA,NA,NA,NA,NA
"571","Coal_conv_biomassNH3_CFB","PDP8_rev_high",2009,NA,NA,NA,NA,NA,NA,NA,NA,NA,NA,NA,NA
"572","Coal_conv_biomassNH3_CFB","PDP8_rev_high",2010,NA,NA,NA,NA,NA,NA,NA,NA,NA,NA,NA,NA
"573","Coal_conv_biomassNH3_CFB","PDP8_rev_high",2011,NA,NA,NA,NA,NA,NA,NA,NA,NA,NA,NA,NA
"574","Coal_conv_biomassNH3_CFB","PDP8_rev_high",2012,NA,NA,NA,NA,NA,NA,NA,NA,NA,NA,NA,NA
"575","Coal_conv_biomassNH3_CFB","PDP8_rev_high",2013,NA,NA,NA,NA,NA,NA,NA,NA,NA,NA,NA,NA
"576","Coal_conv_biomassNH3_CFB","PDP8_rev_high",2014,NA,NA,NA,NA,NA,NA,NA,NA,NA,NA,NA,NA
"577","Coal_conv_biomassNH3_CFB","PDP8_rev_high",2015,NA,NA,NA,NA,NA,NA,NA,NA,NA,NA,NA,NA
"578","Coal_conv_biomassNH3_CFB","PDP8_rev_high",2016,NA,NA,NA,NA,NA,NA,NA,NA,NA,NA,NA,NA
"579","Coal_conv_biomassNH3_CFB","PDP8_rev_high",2017,NA,NA,NA,NA,NA,NA,NA,NA,NA,NA,NA,NA
"580","Coal_conv_biomassNH3_CFB","PDP8_rev_high",2018,NA,NA,NA,NA,NA,NA,NA,NA,NA,NA,NA,NA
"581","Coal_conv_biomassNH3_CFB","PDP8_rev_high",2019,NA,NA,NA,NA,NA,NA,NA,NA,NA,NA,NA,NA
"582","Coal_conv_biomassNH3_CFB","PDP8_rev_high",2020,NA,0,0,0,NA,NA,NA,NA,NA,NA,NA,NA
"583","Coal_conv_biomassNH3_CFB","PDP8_rev_high",2021,NA,0,0,0,NA,NA,NA,NA,NA,NA,NA,NA
"584","Coal_conv_biomassNH3_CFB","PDP8_rev_high",2022,NA,0,0,0,NA,NA,NA,NA,NA,NA,NA,NA
"585","Coal_conv_biomassNH3_CFB","PDP8_rev_high",2023,NA,0,0,0,NA,NA,NA,NA,NA,NA,NA,NA
"586","Coal_conv_biomassNH3_CFB","PDP8_rev_high",2024,NA,0,0,0,NA,NA,NA,NA,NA,NA,NA,NA
"587","Coal_conv_biomassNH3_CFB","PDP8_rev_high",2025,0,0,0,0,0,0,0,NA,NA,NA,NA,NA
"588","Coal_conv_biomassNH3_CFB","PDP8_rev_high",2026,0,0,0,0,0,0,0,0,0,0,0,0
"589","Coal_conv_biomassNH3_CFB","PDP8_rev_high",2027,0,0,0,0,0,0,0,0,0,0,0,0
"590","Coal_conv_biomassNH3_CFB","PDP8_rev_high",2028,0,0,0,0,0,0,0,0,0,0,0,0
"591","Coal_conv_biomassNH3_CFB","PDP8_rev_high",2029,0,0,0,0,0,0,0,0,0,0,0,0
"592","Coal_conv_biomassNH3_CFB","PDP8_rev_high",2030,0,0,0,0,0,0,0,0,0,0,0,0
"593","Coal_conv_biomassNH3_CFB","PDP8_rev_high",2031,206.8,0,0,0,0,0,0,206.8,0,0,0,0.2068
"594","Coal_conv_biomassNH3_CFB","PDP8_rev_high",2032,413.6,0,0,0,0,0,0,206.8,0,0,0,0.2068
"595","Coal_conv_biomassNH3_CFB","PDP8_rev_high",2033,620.4,0,0,0,0,0,0,206.8,0,0,0,0.2068
"596","Coal_conv_biomassNH3_CFB","PDP8_rev_high",2034,827.2,0,0,0,0,0,0,206.8,0,0,0,0.2068
"597","Coal_conv_biomassNH3_CFB","PDP8_rev_high",2035,1034,0,0,0,0,0,0,206.8,0,0,0,0.2068
"598","Coal_conv_biomassNH3_CFB","PDP8_rev_high",2036,1240.8,0,0,0,0,0,0,206.8,0,0,0,0.2068
"599","Coal_conv_biomassNH3_CFB","PDP8_rev_high",2037,1447.6,0,0,0,0,0,0,206.8,0,0,0,0.2068
"600","Coal_conv_biomassNH3_CFB","PDP8_rev_high",2038,1654.4,0,0,0,0,0,0,206.8,0,0,0,0.2068
"601","Coal_conv_biomassNH3_CFB","PDP8_rev_high",2039,1861.2,0,0,0,0,0,0,206.8,0,0,0,0.2068
"602","Coal_conv_biomassNH3_CFB","PDP8_rev_high",2040,2068,0,0,0,0,0,0,206.8,0,0,0,0.2068
"603","Coal_conv_biomassNH3_CFB","PDP8_rev_high",2041,2274.8,0,0,0,0,0,0,206.8,0,0,0,0.2068
"604","Coal_conv_biomassNH3_CFB","PDP8_rev_high",2042,2481.6,0,0,0,0,0,0,206.8,0,0,0,0.2068
"605","Coal_conv_biomassNH3_CFB","PDP8_rev_high",2043,2688.4,0,0,0,0,0,0,206.8,0,0,0,0.2068
"606","Coal_conv_biomassNH3_CFB","PDP8_rev_high",2044,2895.2,0,0,0,0,0,0,206.8,0,0,0,0.2068
"607","Coal_conv_biomassNH3_CFB","PDP8_rev_high",2045,3102,0,0,0,0,0,0,206.8,0,0,0,0.2068
"608","Coal_conv_biomassNH3_CFB","PDP8_rev_high",2046,3308.8,0,0,0,0,0,0,206.8,0,0,0,0.2068
"609","Coal_conv_biomassNH3_CFB","PDP8_rev_high",2047,3515.6,0,0,0,0,0,0,206.8,0,0,0,0.2068
"610","Coal_conv_biomassNH3_CFB","PDP8_rev_high",2048,3722.4,0,0,0,0,0,0,206.8,0,0,0,0.2068
"611","Coal_conv_biomassNH3_CFB","PDP8_rev_high",2049,3929.2,0,0,0,0,0,0,206.8,0,0,0,0.2068
"612","Coal_conv_biomassNH3_CFB","PDP8_rev_high",2050,4136,0,0,0,0,0,0,206.8,0,0,0,0.2068
"613","Gas","PDP8",2000,1880,NA,NA,NA,NA,NA,NA,NA,NA,NA,NA,NA
"614","Gas","PDP8",2001,1880,NA,NA,NA,NA,NA,NA,0,NA,NA,NA,0
"615","Gas","PDP8",2002,1880,NA,NA,NA,NA,NA,NA,0,NA,NA,NA,0
"616","Gas","PDP8",2003,2360,NA,NA,NA,NA,NA,NA,480,NA,NA,NA,0.48
"617","Gas","PDP8",2004,3570,NA,NA,NA,NA,NA,NA,1210,NA,NA,NA,1.21
"618","Gas","PDP8",2005,4300,NA,NA,NA,NA,NA,NA,730,NA,NA,NA,0.73
"619","Gas","PDP8",2006,4300,NA,NA,NA,NA,NA,NA,0,NA,NA,NA,0
"620","Gas","PDP8",2007,4770,NA,NA,NA,NA,NA,NA,470,NA,NA,NA,0.47
"621","Gas","PDP8",2008,6270,NA,NA,NA,NA,NA,NA,1500,NA,NA,NA,1.5
"622","Gas","PDP8",2009,7070,NA,NA,NA,NA,NA,NA,800,NA,NA,NA,0.8
"623","Gas","PDP8",2010,7070,NA,NA,NA,NA,NA,NA,0,NA,NA,NA,0
"624","Gas","PDP8",2011,7820,NA,NA,NA,NA,NA,NA,750,NA,NA,NA,0.75
"625","Gas","PDP8",2012,7820,NA,NA,NA,NA,NA,NA,0,NA,NA,NA,0
"626","Gas","PDP8",2013,7820,NA,NA,NA,NA,NA,NA,0,NA,NA,NA,0
"627","Gas","PDP8",2014,7820,NA,NA,NA,NA,NA,NA,0,NA,NA,NA,0
"628","Gas","PDP8",2015,8150,NA,NA,NA,NA,NA,NA,330,NA,NA,NA,0.33
"629","Gas","PDP8",2016,8150,NA,NA,NA,NA,NA,NA,0,NA,NA,NA,0
"630","Gas","PDP8",2017,8150,NA,NA,NA,NA,NA,NA,0,NA,NA,NA,0
"631","Gas","PDP8",2018,8150,NA,NA,NA,NA,NA,NA,0,NA,NA,NA,0
"632","Gas","PDP8",2019,8150,NA,NA,NA,NA,NA,NA,0,NA,NA,NA,0
"633","Gas","PDP8",2020,8150,665,515,815,5419.75,4197.25,6642.25,0,0,0,0,0
"634","Gas","PDP8",2021,8150,665,515,815,5419.75,4197.25,6642.25,0,0,0,0,0
"635","Gas","PDP8",2022,8150,665,515,815,5419.75,4197.25,6642.25,0,0,0,0,0
"636","Gas","PDP8",2023,8150,665,515,815,5419.75,4197.25,6642.25,0,0,0,0,0
"637","Gas","PDP8",2024,8150,665,515,815,5419.75,4197.25,6642.25,0,0,0,0,0
"638","Gas","PDP8",2025,8921,665,515,815,5932.465,4594.315,7270.615,771,512.715,397.065,628.365,0.771
"639","Gas","PDP8",2026,10186.8,665,515,815,6774.222,5246.202,8302.242,1265.8,841.757,651.887,1031.627,1.2658
"640","Gas","PDP8",2027,11452.6,665,515,815,7615.979,5898.089,9333.869,1265.8,841.757000000001,651.887000000001,1031.627,1.2658
"641","Gas","PDP8",2028,12718.4,665,515,815,8457.736,6549.976,10365.496,1265.8,841.757,651.887,1031.627,1.2658
"642","Gas","PDP8",2029,13984.2,665,515,815,9299.493,7201.863,11397.123,1265.8,841.757000000001,651.887000000001,1031.627,1.2658
"643","Gas","PDP8",2030,15250,642,492,792,9790.5,7503,12078,1265.8,812.6436,622.7736,1002.5136,1.2658
"644","Gas","PDP8",2031,17192.5,642,492,792,11037.585,8458.71,13616.46,1942.5,1247.085,955.71,1538.46,1.9425
"645","Gas","PDP8",2032,19135,642,492,792,12284.67,9414.42,15154.92,1942.5,1247.085,955.71,1538.46,1.9425
"646","Gas","PDP8",2033,21077.5,642,492,792,13531.755,10370.13,16693.38,1942.5,1247.085,955.71,1538.46,1.9425
"647","Gas","PDP8",2034,23020,642,492,792,14778.84,11325.84,18231.84,1942.5,1247.085,955.71,1538.46,1.9425
"648","Gas","PDP8",2035,24962.5,642,492,792,16025.925,12281.55,19770.3,1942.5,1247.085,955.71,1538.46,1.9425
"649","Gas","PDP8",2036,26905,642,492,792,17273.01,13237.26,21308.76,1942.5,1247.085,955.71,1538.46,1.9425
"650","Gas","PDP8",2037,28847.5,642,492,792,18520.095,14192.97,22847.22,1942.5,1247.085,955.71,1538.46,1.9425
"651","Gas","PDP8",2038,30790,642,492,792,19767.18,15148.68,24385.68,1942.5,1247.085,955.71,1538.46,1.9425
"652","Gas","PDP8",2039,32732.5,642,492,792,21014.265,16104.39,25924.14,1942.5,1247.085,955.71,1538.46,1.9425
"653","Gas","PDP8",2040,34675,642,492,792,22261.35,17060.1,27462.6,1942.5,1247.085,955.71,1538.46,1.9425
"654","Gas","PDP8",2041,36617.5,642,492,792,23508.435,18015.81,29001.06,1942.5,1247.085,955.71,1538.46,1.9425
"655","Gas","PDP8",2042,38560,642,492,792,24755.52,18971.52,30539.52,1942.5,1247.085,955.71,1538.46,1.9425
"656","Gas","PDP8",2043,40502.5,642,492,792,26002.605,19927.23,32077.98,1942.5,1247.085,955.71,1538.46,1.9425
"657","Gas","PDP8",2044,42445,642,492,792,27249.69,20882.94,33616.44,1942.5,1247.085,955.71,1538.46,1.9425
"658","Gas","PDP8",2045,44387.5,642,492,792,28496.775,21838.65,35154.9,1942.5,1247.085,955.71,1538.46,1.9425
"659","Gas","PDP8",2046,46330,642,492,792,29743.86,22794.36,36693.36,1942.5,1247.085,955.71,1538.46,1.9425
"660","Gas","PDP8",2047,48272.5,642,492,792,30990.945,23750.07,38231.82,1942.5,1247.085,955.71,1538.46,1.9425
"661","Gas","PDP8",2048,50215,642,492,792,32238.03,24705.78,39770.28,1942.5,1247.085,955.71,1538.46,1.9425
"662","Gas","PDP8",2049,52157.5,642,492,792,33485.115,25661.49,41308.74,1942.5,1247.085,955.71,1538.46,1.9425
"663","Gas","PDP8",2050,54100,608,458,758,32892.8,24777.8,41007.8,1942.5,1181.04,889.665,1472.415,1.9425
"664","Gas","PDP8_rev_low",2000,1880,NA,NA,NA,NA,NA,NA,NA,NA,NA,NA,NA
"665","Gas","PDP8_rev_low",2001,1880,NA,NA,NA,NA,NA,NA,0,NA,NA,NA,0
"666","Gas","PDP8_rev_low",2002,1880,NA,NA,NA,NA,NA,NA,0,NA,NA,NA,0
"667","Gas","PDP8_rev_low",2003,2360,NA,NA,NA,NA,NA,NA,480,NA,NA,NA,0.48
"668","Gas","PDP8_rev_low",2004,3570,NA,NA,NA,NA,NA,NA,1210,NA,NA,NA,1.21
"669","Gas","PDP8_rev_low",2005,4300,NA,NA,NA,NA,NA,NA,730,NA,NA,NA,0.73
"670","Gas","PDP8_rev_low",2006,4300,NA,NA,NA,NA,NA,NA,0,NA,NA,NA,0
"671","Gas","PDP8_rev_low",2007,4770,NA,NA,NA,NA,NA,NA,470,NA,NA,NA,0.47
"672","Gas","PDP8_rev_low",2008,6270,NA,NA,NA,NA,NA,NA,1500,NA,NA,NA,1.5
"673","Gas","PDP8_rev_low",2009,7070,NA,NA,NA,NA,NA,NA,800,NA,NA,NA,0.8
"674","Gas","PDP8_rev_low",2010,7070,NA,NA,NA,NA,NA,NA,0,NA,NA,NA,0
"675","Gas","PDP8_rev_low",2011,7820,NA,NA,NA,NA,NA,NA,750,NA,NA,NA,0.75
"676","Gas","PDP8_rev_low",2012,7820,NA,NA,NA,NA,NA,NA,0,NA,NA,NA,0
"677","Gas","PDP8_rev_low",2013,7820,NA,NA,NA,NA,NA,NA,0,NA,NA,NA,0
"678","Gas","PDP8_rev_low",2014,7820,NA,NA,NA,NA,NA,NA,0,NA,NA,NA,0
"679","Gas","PDP8_rev_low",2015,8150,NA,NA,NA,NA,NA,NA,330,NA,NA,NA,0.33
"680","Gas","PDP8_rev_low",2016,8150,NA,NA,NA,NA,NA,NA,0,NA,NA,NA,0
"681","Gas","PDP8_rev_low",2017,8150,NA,NA,NA,NA,NA,NA,0,NA,NA,NA,0
"682","Gas","PDP8_rev_low",2018,8150,NA,NA,NA,NA,NA,NA,0,NA,NA,NA,0
"683","Gas","PDP8_rev_low",2019,8150,NA,NA,NA,NA,NA,NA,0,NA,NA,NA,0
"684","Gas","PDP8_rev_low",2020,8150,665,515,815,5419.75,4197.25,6642.25,0,0,0,0,0
"685","Gas","PDP8_rev_low",2021,8150,665,515,815,5419.75,4197.25,6642.25,0,0,0,0,0
"686","Gas","PDP8_rev_low",2022,8150,665,515,815,5419.75,4197.25,6642.25,0,0,0,0,0
"687","Gas","PDP8_rev_low",2023,8150,665,515,815,5419.75,4197.25,6642.25,0,0,0,0,0
"688","Gas","PDP8_rev_low",2024,8150,665,515,815,5419.75,4197.25,6642.25,0,0,0,0,0
"689","Gas","PDP8_rev_low",2025,8921,665,515,815,5932.465,4594.315,7270.615,771,512.715,397.065,628.365,0.771
"690","Gas","PDP8_rev_low",2026,9709,665,515,815,6456.485,5000.135,7912.835,788,524.02,405.82,642.22,0.788
"691","Gas","PDP8_rev_low",2027,10497,665,515,815,6980.505,5405.955,8555.055,788,524.02,405.82,642.22,0.788
"692","Gas","PDP8_rev_low",2028,11285,665,515,815,7504.525,5811.775,9197.275,788,524.02,405.82,642.22,0.788
"693","Gas","PDP8_rev_low",2029,12073,665,515,815,8028.545,6217.595,9839.495,788,524.02,405.82,642.22,0.788
"694","Gas","PDP8_rev_low",2030,12861,642,492,792,8256.762,6327.612,10185.912,788,505.896,387.696,624.096,0.788
"695","Gas","PDP8_rev_low",2031,13679.6,642,492,792,8782.3032,6730.3632,10834.2432,818.6,525.5412,402.7512,648.3312,0.8186
"696","Gas","PDP8_rev_low",2032,14498.2,642,492,792,9307.8444,7133.1144,11482.5744,818.6,525.5412,402.7512,648.3312,0.8186
"697","Gas","PDP8_rev_low",2033,15316.8,642,492,792,9833.3856,7535.8656,12130.9056,818.599999999999,525.541199999999,402.751199999999,648.331199999999,0.818599999999999
"698","Gas","PDP8_rev_low",2034,16135.4,642,492,792,10358.9268,7938.6168,12779.2368,818.6,525.5412,402.7512,648.3312,0.8186
"699","Gas","PDP8_rev_low",2035,16954,642,492,792,10884.468,8341.368,13427.568,818.6,525.5412,402.7512,648.3312,0.8186
"700","Gas","PDP8_rev_low",2036,17772.6,642,492,792,11410.0092,8744.1192,14075.8992,818.599999999999,525.541199999999,402.751199999999,648.331199999999,0.818599999999999
"701","Gas","PDP8_rev_low",2037,18591.2,642,492,792,11935.5504,9146.8704,14724.2304,818.600000000002,525.541200000001,402.751200000001,648.331200000002,0.818600000000002
"702","Gas","PDP8_rev_low",2038,19409.8,642,492,792,12461.0916,9549.6216,15372.5616,818.599999999999,525.541199999999,402.751199999999,648.331199999999,0.818599999999999
"703","Gas","PDP8_rev_low",2039,20228.4,642,492,792,12986.6328,9952.3728,16020.8928,818.600000000002,525.541200000001,402.751200000001,648.331200000002,0.818600000000002
"704","Gas","PDP8_rev_low",2040,21047,642,492,792,13512.174,10355.124,16669.224,818.599999999999,525.541199999999,402.751199999999,648.331199999999,0.818599999999999
"705","Gas","PDP8_rev_low",2041,21865.6,642,492,792,14037.7152,10757.8752,17317.5552,818.599999999999,525.541199999999,402.751199999999,648.331199999999,0.818599999999999
"706","Gas","PDP8_rev_low",2042,22684.2,642,492,792,14563.2564,11160.6264,17965.8864,818.599999999999,525.541199999999,402.751199999999,648.331199999999,0.818599999999999
"707","Gas","PDP8_rev_low",2043,23502.8,642,492,792,15088.7976,11563.3776,18614.2176,818.600000000006,525.541200000004,402.751200000003,648.331200000005,0.818600000000006
"708","Gas","PDP8_rev_low",2044,24321.4,642,492,792,15614.3388,11966.1288,19262.5488,818.599999999999,525.541199999999,402.751199999999,648.331199999999,0.818599999999999
"709","Gas","PDP8_rev_low",2045,25140,642,492,792,16139.88,12368.88,19910.88,818.599999999999,525.541199999999,402.751199999999,648.331199999999,0.818599999999999
"710","Gas","PDP8_rev_low",2046,25958.6,642,492,792,16665.4212,12771.6312,20559.2112,818.599999999999,525.541199999999,402.751199999999,648.331199999999,0.818599999999999
"711","Gas","PDP8_rev_low",2047,26777.2,642,492,792,17190.9624,13174.3824,21207.5424,818.599999999999,525.541199999999,402.751199999999,648.331199999999,0.818599999999999
"712","Gas","PDP8_rev_low",2048,27595.8,642,492,792,17716.5036,13577.1336,21855.8736,818.600000000006,525.541200000004,402.751200000003,648.331200000005,0.818600000000006
"713","Gas","PDP8_rev_low",2049,28414.4,642,492,792,18242.0448,13979.8848,22504.2048,818.599999999999,525.541199999999,402.751199999999,648.331199999999,0.818599999999999
"714","Gas","PDP8_rev_low",2050,29233,608,458,758,17773.664,13388.714,22158.614,818.599999999999,497.708799999999,374.918799999999,620.498799999999,0.818599999999999
"715","Gas","PDP8_rev_high",2000,1880,NA,NA,NA,NA,NA,NA,NA,NA,NA,NA,NA
"716","Gas","PDP8_rev_high",2001,1880,NA,NA,NA,NA,NA,NA,0,NA,NA,NA,0
"717","Gas","PDP8_rev_high",2002,1880,NA,NA,NA,NA,NA,NA,0,NA,NA,NA,0
"718","Gas","PDP8_rev_high",2003,2360,NA,NA,NA,NA,NA,NA,480,NA,NA,NA,0.48
"719","Gas","PDP8_rev_high",2004,3570,NA,NA,NA,NA,NA,NA,1210,NA,NA,NA,1.21
"720","Gas","PDP8_rev_high",2005,4300,NA,NA,NA,NA,NA,NA,730,NA,NA,NA,0.73
"721","Gas","PDP8_rev_high",2006,4300,NA,NA,NA,NA,NA,NA,0,NA,NA,NA,0
"722","Gas","PDP8_rev_high",2007,4770,NA,NA,NA,NA,NA,NA,470,NA,NA,NA,0.47
"723","Gas","PDP8_rev_high",2008,6270,NA,NA,NA,NA,NA,NA,1500,NA,NA,NA,1.5
"724","Gas","PDP8_rev_high",2009,7070,NA,NA,NA,NA,NA,NA,800,NA,NA,NA,0.8
"725","Gas","PDP8_rev_high",2010,7070,NA,NA,NA,NA,NA,NA,0,NA,NA,NA,0
"726","Gas","PDP8_rev_high",2011,7820,NA,NA,NA,NA,NA,NA,750,NA,NA,NA,0.75
"727","Gas","PDP8_rev_high",2012,7820,NA,NA,NA,NA,NA,NA,0,NA,NA,NA,0
"728","Gas","PDP8_rev_high",2013,7820,NA,NA,NA,NA,NA,NA,0,NA,NA,NA,0
"729","Gas","PDP8_rev_high",2014,7820,NA,NA,NA,NA,NA,NA,0,NA,NA,NA,0
"730","Gas","PDP8_rev_high",2015,8150,NA,NA,NA,NA,NA,NA,330,NA,NA,NA,0.33
"731","Gas","PDP8_rev_high",2016,8150,NA,NA,NA,NA,NA,NA,0,NA,NA,NA,0
"732","Gas","PDP8_rev_high",2017,8150,NA,NA,NA,NA,NA,NA,0,NA,NA,NA,0
"733","Gas","PDP8_rev_high",2018,8150,NA,NA,NA,NA,NA,NA,0,NA,NA,NA,0
"734","Gas","PDP8_rev_high",2019,8150,NA,NA,NA,NA,NA,NA,0,NA,NA,NA,0
"735","Gas","PDP8_rev_high",2020,8150,665,515,815,5419.75,4197.25,6642.25,0,0,0,0,0
"736","Gas","PDP8_rev_high",2021,8150,665,515,815,5419.75,4197.25,6642.25,0,0,0,0,0
"737","Gas","PDP8_rev_high",2022,8150,665,515,815,5419.75,4197.25,6642.25,0,0,0,0,0
"738","Gas","PDP8_rev_high",2023,8150,665,515,815,5419.75,4197.25,6642.25,0,0,0,0,0
"739","Gas","PDP8_rev_high",2024,8150,665,515,815,5419.75,4197.25,6642.25,0,0,0,0,0
"740","Gas","PDP8_rev_high",2025,8921,665,515,815,5932.465,4594.315,7270.615,771,512.715,397.065,628.365,0.771
"741","Gas","PDP8_rev_high",2026,10722.8,665,515,815,7130.662,5522.242,8739.082,1801.8,1198.197,927.927,1468.467,1.8018
"742","Gas","PDP8_rev_high",2027,12524.6,665,515,815,8328.859,6450.169,10207.549,1801.8,1198.197,927.927000000001,1468.467,1.8018
"743","Gas","PDP8_rev_high",2028,14326.4,665,515,815,9527.056,7378.096,11676.016,1801.8,1198.197,927.927,1468.467,1.8018
"744","Gas","PDP8_rev_high",2029,16128.2,665,515,815,10725.253,8306.023,13144.483,1801.8,1198.197,927.927000000001,1468.467,1.8018
"745","Gas","PDP8_rev_high",2030,17930,642,492,792,11511.06,8821.56,14200.56,1801.8,1156.7556,886.4856,1427.0256,1.8018
"746","Gas","PDP8_rev_high",2031,19360.55,642,492,792,12429.4731,9525.3906,15333.5556,1430.55,918.4131,703.8306,1132.9956,1.43055
"747","Gas","PDP8_rev_high",2032,20791.1,642,492,792,13347.8862,10229.2212,16466.5512,1430.55,918.4131,703.8306,1132.9956,1.43055
"748","Gas","PDP8_rev_high",2033,22221.65,642,492,792,14266.2993,10933.0518,17599.5468,1430.55,918.413100000002,703.830600000001,1132.9956,1.43055
"749","Gas","PDP8_rev_high",2034,23652.2,642,492,792,15184.7124,11636.8824,18732.5424,1430.55,918.4131,703.8306,1132.9956,1.43055
"750","Gas","PDP8_rev_high",2035,25082.75,642,492,792,16103.1255,12340.713,19865.538,1430.55,918.4131,703.8306,1132.9956,1.43055
"751","Gas","PDP8_rev_high",2036,26513.3,642,492,792,17021.5386,13044.5436,20998.5336,1430.55,918.4131,703.8306,1132.9956,1.43055
"752","Gas","PDP8_rev_high",2037,27943.85,642,492,792,17939.9517,13748.3742,22131.5292,1430.55,918.4131,703.8306,1132.9956,1.43055
"753","Gas","PDP8_rev_high",2038,29374.4,642,492,792,18858.3648,14452.2048,23264.5248,1430.55,918.413100000002,703.830600000001,1132.9956,1.43055
"754","Gas","PDP8_rev_high",2039,30804.95,642,492,792,19776.7779,15156.0354,24397.5204,1430.55,918.4131,703.8306,1132.9956,1.43055
"755","Gas","PDP8_rev_high",2040,32235.5,642,492,792,20695.191,15859.866,25530.516,1430.55,918.4131,703.8306,1132.9956,1.43055
"756","Gas","PDP8_rev_high",2041,33666.05,642,492,792,21613.6041,16563.6966,26663.5116,1430.55,918.413100000002,703.830600000001,1132.9956,1.43055
"757","Gas","PDP8_rev_high",2042,35096.6,642,492,792,22532.0172,17267.5272,27796.5072,1430.55,918.413099999997,703.830599999998,1132.9956,1.43055
"758","Gas","PDP8_rev_high",2043,36527.15,642,492,792,23450.4303,17971.3578,28929.5028,1430.55,918.413100000002,703.830600000001,1132.9956,1.43055
"759","Gas","PDP8_rev_high",2044,37957.7,642,492,792,24368.8434,18675.1884,30062.4984,1430.55,918.413099999997,703.830599999998,1132.9956,1.43055
"760","Gas","PDP8_rev_high",2045,39388.25,642,492,792,25287.2565,19379.019,31195.494,1430.55,918.413100000002,703.830600000001,1132.9956,1.43055
"761","Gas","PDP8_rev_high",2046,40818.8,642,492,792,26205.6696,20082.8496,32328.4896,1430.55,918.413100000002,703.830600000001,1132.9956,1.43055
"762","Gas","PDP8_rev_high",2047,42249.35,642,492,792,27124.0827,20786.6802,33461.4852,1430.55,918.413099999997,703.830599999998,1132.9956,1.43055
"763","Gas","PDP8_rev_high",2048,43679.9,642,492,792,28042.4958,21490.5108,34594.4808,1430.55,918.413100000002,703.830600000001,1132.9956,1.43055
"764","Gas","PDP8_rev_high",2049,45110.45,642,492,792,28960.9089,22194.3414,35727.4764,1430.55,918.413099999997,703.830599999998,1132.9956,1.43055
"765","Gas","PDP8_rev_high",2050,46541,608,458,758,28296.928,21315.778,35278.078,1430.55,869.774400000002,655.191900000001,1084.3569,1.43055
"766","GAS_H2","PDP8",2000,NA,NA,NA,NA,NA,NA,NA,NA,NA,NA,NA,NA
"767","GAS_H2","PDP8",2001,NA,NA,NA,NA,NA,NA,NA,NA,NA,NA,NA,NA
"768","GAS_H2","PDP8",2002,NA,NA,NA,NA,NA,NA,NA,NA,NA,NA,NA,NA
"769","GAS_H2","PDP8",2003,NA,NA,NA,NA,NA,NA,NA,NA,NA,NA,NA,NA
"770","GAS_H2","PDP8",2004,NA,NA,NA,NA,NA,NA,NA,NA,NA,NA,NA,NA
"771","GAS_H2","PDP8",2005,NA,NA,NA,NA,NA,NA,NA,NA,NA,NA,NA,NA
"772","GAS_H2","PDP8",2006,NA,NA,NA,NA,NA,NA,NA,NA,NA,NA,NA,NA
"773","GAS_H2","PDP8",2007,NA,NA,NA,NA,NA,NA,NA,NA,NA,NA,NA,NA
"774","GAS_H2","PDP8",2008,NA,NA,NA,NA,NA,NA,NA,NA,NA,NA,NA,NA
"775","GAS_H2","PDP8",2009,NA,NA,NA,NA,NA,NA,NA,NA,NA,NA,NA,NA
"776","GAS_H2","PDP8",2010,NA,NA,NA,NA,NA,NA,NA,NA,NA,NA,NA,NA
"777","GAS_H2","PDP8",2011,NA,NA,NA,NA,NA,NA,NA,NA,NA,NA,NA,NA
"778","GAS_H2","PDP8",2012,NA,NA,NA,NA,NA,NA,NA,NA,NA,NA,NA,NA
"779","GAS_H2","PDP8",2013,NA,NA,NA,NA,NA,NA,NA,NA,NA,NA,NA,NA
"780","GAS_H2","PDP8",2014,NA,NA,NA,NA,NA,NA,NA,NA,NA,NA,NA,NA
"781","GAS_H2","PDP8",2015,NA,NA,NA,NA,NA,NA,NA,NA,NA,NA,NA,NA
"782","GAS_H2","PDP8",2016,NA,NA,NA,NA,NA,NA,NA,NA,NA,NA,NA,NA
"783","GAS_H2","PDP8",2017,NA,NA,NA,NA,NA,NA,NA,NA,NA,NA,NA,NA
"784","GAS_H2","PDP8",2018,NA,NA,NA,NA,NA,NA,NA,NA,NA,NA,NA,NA
"785","GAS_H2","PDP8",2019,NA,NA,NA,NA,NA,NA,NA,NA,NA,NA,NA,NA
"786","GAS_H2","PDP8",2020,NA,NA,NA,NA,NA,NA,NA,NA,NA,NA,NA,NA
"787","GAS_H2","PDP8",2021,NA,NA,NA,NA,NA,NA,NA,NA,NA,NA,NA,NA
"788","GAS_H2","PDP8",2022,NA,NA,NA,NA,NA,NA,NA,NA,NA,NA,NA,NA
"789","GAS_H2","PDP8",2023,NA,NA,NA,NA,NA,NA,NA,NA,NA,NA,NA,NA
"790","GAS_H2","PDP8",2024,NA,NA,NA,NA,NA,NA,NA,NA,NA,NA,NA,NA
"791","GAS_H2","PDP8",2025,0,NA,NA,NA,NA,NA,NA,NA,NA,NA,NA,NA
"792","GAS_H2","PDP8",2026,0,NA,NA,NA,NA,NA,NA,0,NA,NA,NA,0
"793","GAS_H2","PDP8",2027,0,NA,NA,NA,NA,NA,NA,0,NA,NA,NA,0
"794","GAS_H2","PDP8",2028,0,NA,NA,NA,NA,NA,NA,0,NA,NA,NA,0
"795","GAS_H2","PDP8",2029,0,NA,NA,NA,NA,NA,NA,0,NA,NA,NA,0
"796","GAS_H2","PDP8",2030,0,NA,NA,NA,NA,NA,NA,0,NA,NA,NA,0
"797","GAS_H2","PDP8",2031,0,NA,NA,NA,NA,NA,NA,0,NA,NA,NA,0
"798","GAS_H2","PDP8",2032,0,NA,NA,NA,NA,NA,NA,0,NA,NA,NA,0
"799","GAS_H2","PDP8",2033,0,NA,NA,NA,NA,NA,NA,0,NA,NA,NA,0
"800","GAS_H2","PDP8",2034,0,NA,NA,NA,NA,NA,NA,0,NA,NA,NA,0
"801","GAS_H2","PDP8",2035,0,NA,NA,NA,NA,NA,NA,0,NA,NA,NA,0
"802","GAS_H2","PDP8",2036,0,NA,NA,NA,NA,NA,NA,0,NA,NA,NA,0
"803","GAS_H2","PDP8",2037,0,NA,NA,NA,NA,NA,NA,0,NA,NA,NA,0
"804","GAS_H2","PDP8",2038,0,NA,NA,NA,NA,NA,NA,0,NA,NA,NA,0
"805","GAS_H2","PDP8",2039,0,NA,NA,NA,NA,NA,NA,0,NA,NA,NA,0
"806","GAS_H2","PDP8",2040,0,NA,NA,NA,NA,NA,NA,0,NA,NA,NA,0
"807","GAS_H2","PDP8",2041,0,NA,NA,NA,NA,NA,NA,0,NA,NA,NA,0
"808","GAS_H2","PDP8",2042,0,NA,NA,NA,NA,NA,NA,0,NA,NA,NA,0
"809","GAS_H2","PDP8",2043,0,NA,NA,NA,NA,NA,NA,0,NA,NA,NA,0
"810","GAS_H2","PDP8",2044,0,NA,NA,NA,NA,NA,NA,0,NA,NA,NA,0
"811","GAS_H2","PDP8",2045,0,NA,NA,NA,NA,NA,NA,0,NA,NA,NA,0
"812","GAS_H2","PDP8",2046,0,NA,NA,NA,NA,NA,NA,0,NA,NA,NA,0
"813","GAS_H2","PDP8",2047,0,NA,NA,NA,NA,NA,NA,0,NA,NA,NA,0
"814","GAS_H2","PDP8",2048,0,NA,NA,NA,NA,NA,NA,0,NA,NA,NA,0
"815","GAS_H2","PDP8",2049,0,NA,NA,NA,NA,NA,NA,0,NA,NA,NA,0
"816","GAS_H2","PDP8",2050,0,NA,NA,NA,NA,NA,NA,0,NA,NA,NA,0
"817","GAS_H2","PDP8_rev_low",2000,NA,NA,NA,NA,NA,NA,NA,NA,NA,NA,NA,NA
"818","GAS_H2","PDP8_rev_low",2001,NA,NA,NA,NA,NA,NA,NA,NA,NA,NA,NA,NA
"819","GAS_H2","PDP8_rev_low",2002,NA,NA,NA,NA,NA,NA,NA,NA,NA,NA,NA,NA
"820","GAS_H2","PDP8_rev_low",2003,NA,NA,NA,NA,NA,NA,NA,NA,NA,NA,NA,NA
"821","GAS_H2","PDP8_rev_low",2004,NA,NA,NA,NA,NA,NA,NA,NA,NA,NA,NA,NA
"822","GAS_H2","PDP8_rev_low",2005,NA,NA,NA,NA,NA,NA,NA,NA,NA,NA,NA,NA
"823","GAS_H2","PDP8_rev_low",2006,NA,NA,NA,NA,NA,NA,NA,NA,NA,NA,NA,NA
"824","GAS_H2","PDP8_rev_low",2007,NA,NA,NA,NA,NA,NA,NA,NA,NA,NA,NA,NA
"825","GAS_H2","PDP8_rev_low",2008,NA,NA,NA,NA,NA,NA,NA,NA,NA,NA,NA,NA
"826","GAS_H2","PDP8_rev_low",2009,NA,NA,NA,NA,NA,NA,NA,NA,NA,NA,NA,NA
"827","GAS_H2","PDP8_rev_low",2010,NA,NA,NA,NA,NA,NA,NA,NA,NA,NA,NA,NA
"828","GAS_H2","PDP8_rev_low",2011,NA,NA,NA,NA,NA,NA,NA,NA,NA,NA,NA,NA
"829","GAS_H2","PDP8_rev_low",2012,NA,NA,NA,NA,NA,NA,NA,NA,NA,NA,NA,NA
"830","GAS_H2","PDP8_rev_low",2013,NA,NA,NA,NA,NA,NA,NA,NA,NA,NA,NA,NA
"831","GAS_H2","PDP8_rev_low",2014,NA,NA,NA,NA,NA,NA,NA,NA,NA,NA,NA,NA
"832","GAS_H2","PDP8_rev_low",2015,NA,NA,NA,NA,NA,NA,NA,NA,NA,NA,NA,NA
"833","GAS_H2","PDP8_rev_low",2016,NA,NA,NA,NA,NA,NA,NA,NA,NA,NA,NA,NA
"834","GAS_H2","PDP8_rev_low",2017,NA,NA,NA,NA,NA,NA,NA,NA,NA,NA,NA,NA
"835","GAS_H2","PDP8_rev_low",2018,NA,NA,NA,NA,NA,NA,NA,NA,NA,NA,NA,NA
"836","GAS_H2","PDP8_rev_low",2019,NA,NA,NA,NA,NA,NA,NA,NA,NA,NA,NA,NA
"837","GAS_H2","PDP8_rev_low",2020,NA,NA,NA,NA,NA,NA,NA,NA,NA,NA,NA,NA
"838","GAS_H2","PDP8_rev_low",2021,NA,NA,NA,NA,NA,NA,NA,NA,NA,NA,NA,NA
"839","GAS_H2","PDP8_rev_low",2022,NA,NA,NA,NA,NA,NA,NA,NA,NA,NA,NA,NA
"840","GAS_H2","PDP8_rev_low",2023,NA,NA,NA,NA,NA,NA,NA,NA,NA,NA,NA,NA
"841","GAS_H2","PDP8_rev_low",2024,NA,NA,NA,NA,NA,NA,NA,NA,NA,NA,NA,NA
"842","GAS_H2","PDP8_rev_low",2025,0,NA,NA,NA,NA,NA,NA,NA,NA,NA,NA,NA
"843","GAS_H2","PDP8_rev_low",2026,0,NA,NA,NA,NA,NA,NA,0,NA,NA,NA,0
"844","GAS_H2","PDP8_rev_low",2027,0,NA,NA,NA,NA,NA,NA,0,NA,NA,NA,0
"845","GAS_H2","PDP8_rev_low",2028,0,NA,NA,NA,NA,NA,NA,0,NA,NA,NA,0
"846","GAS_H2","PDP8_rev_low",2029,0,NA,NA,NA,NA,NA,NA,0,NA,NA,NA,0
"847","GAS_H2","PDP8_rev_low",2030,0,NA,NA,NA,NA,NA,NA,0,NA,NA,NA,0
"848","GAS_H2","PDP8_rev_low",2031,351.5,NA,NA,NA,NA,NA,NA,351.5,NA,NA,NA,0.3515
"849","GAS_H2","PDP8_rev_low",2032,703,NA,NA,NA,NA,NA,NA,351.5,NA,NA,NA,0.3515
"850","GAS_H2","PDP8_rev_low",2033,1054.5,NA,NA,NA,NA,NA,NA,351.5,NA,NA,NA,0.3515
"851","GAS_H2","PDP8_rev_low",2034,1406,NA,NA,NA,NA,NA,NA,351.5,NA,NA,NA,0.3515
"852","GAS_H2","PDP8_rev_low",2035,1757.5,NA,NA,NA,NA,NA,NA,351.5,NA,NA,NA,0.3515
"853","GAS_H2","PDP8_rev_low",2036,2109,NA,NA,NA,NA,NA,NA,351.5,NA,NA,NA,0.3515
"854","GAS_H2","PDP8_rev_low",2037,2460.5,NA,NA,NA,NA,NA,NA,351.5,NA,NA,NA,0.3515
"855","GAS_H2","PDP8_rev_low",2038,2812,NA,NA,NA,NA,NA,NA,351.5,NA,NA,NA,0.3515
"856","GAS_H2","PDP8_rev_low",2039,3163.5,NA,NA,NA,NA,NA,NA,351.5,NA,NA,NA,0.3515
"857","GAS_H2","PDP8_rev_low",2040,3515,NA,NA,NA,NA,NA,NA,351.5,NA,NA,NA,0.3515
"858","GAS_H2","PDP8_rev_low",2041,3866.5,NA,NA,NA,NA,NA,NA,351.5,NA,NA,NA,0.3515
"859","GAS_H2","PDP8_rev_low",2042,4218,NA,NA,NA,NA,NA,NA,351.5,NA,NA,NA,0.3515
"860","GAS_H2","PDP8_rev_low",2043,4569.5,NA,NA,NA,NA,NA,NA,351.5,NA,NA,NA,0.3515
"861","GAS_H2","PDP8_rev_low",2044,4921,NA,NA,NA,NA,NA,NA,351.5,NA,NA,NA,0.3515
"862","GAS_H2","PDP8_rev_low",2045,5272.5,NA,NA,NA,NA,NA,NA,351.5,NA,NA,NA,0.3515
"863","GAS_H2","PDP8_rev_low",2046,5624,NA,NA,NA,NA,NA,NA,351.5,NA,NA,NA,0.3515
"864","GAS_H2","PDP8_rev_low",2047,5975.5,NA,NA,NA,NA,NA,NA,351.5,NA,NA,NA,0.3515
"865","GAS_H2","PDP8_rev_low",2048,6327,NA,NA,NA,NA,NA,NA,351.5,NA,NA,NA,0.3515
"866","GAS_H2","PDP8_rev_low",2049,6678.5,NA,NA,NA,NA,NA,NA,351.5,NA,NA,NA,0.3515
"867","GAS_H2","PDP8_rev_low",2050,7030,NA,NA,NA,NA,NA,NA,351.5,NA,NA,NA,0.3515
"868","GAS_H2","PDP8_rev_high",2000,NA,NA,NA,NA,NA,NA,NA,NA,NA,NA,NA,NA
"869","GAS_H2","PDP8_rev_high",2001,NA,NA,NA,NA,NA,NA,NA,NA,NA,NA,NA,NA
"870","GAS_H2","PDP8_rev_high",2002,NA,NA,NA,NA,NA,NA,NA,NA,NA,NA,NA,NA
"871","GAS_H2","PDP8_rev_high",2003,NA,NA,NA,NA,NA,NA,NA,NA,NA,NA,NA,NA
"872","GAS_H2","PDP8_rev_high",2004,NA,NA,NA,NA,NA,NA,NA,NA,NA,NA,NA,NA
"873","GAS_H2","PDP8_rev_high",2005,NA,NA,NA,NA,NA,NA,NA,NA,NA,NA,NA,NA
"874","GAS_H2","PDP8_rev_high",2006,NA,NA,NA,NA,NA,NA,NA,NA,NA,NA,NA,NA
"875","GAS_H2","PDP8_rev_high",2007,NA,NA,NA,NA,NA,NA,NA,NA,NA,NA,NA,NA
"876","GAS_H2","PDP8_rev_high",2008,NA,NA,NA,NA,NA,NA,NA,NA,NA,NA,NA,NA
"877","GAS_H2","PDP8_rev_high",2009,NA,NA,NA,NA,NA,NA,NA,NA,NA,NA,NA,NA
"878","GAS_H2","PDP8_rev_high",2010,NA,NA,NA,NA,NA,NA,NA,NA,NA,NA,NA,NA
"879","GAS_H2","PDP8_rev_high",2011,NA,NA,NA,NA,NA,NA,NA,NA,NA,NA,NA,NA
"880","GAS_H2","PDP8_rev_high",2012,NA,NA,NA,NA,NA,NA,NA,NA,NA,NA,NA,NA
"881","GAS_H2","PDP8_rev_high",2013,NA,NA,NA,NA,NA,NA,NA,NA,NA,NA,NA,NA
"882","GAS_H2","PDP8_rev_high",2014,NA,NA,NA,NA,NA,NA,NA,NA,NA,NA,NA,NA
"883","GAS_H2","PDP8_rev_high",2015,NA,NA,NA,NA,NA,NA,NA,NA,NA,NA,NA,NA
"884","GAS_H2","PDP8_rev_high",2016,NA,NA,NA,NA,NA,NA,NA,NA,NA,NA,NA,NA
"885","GAS_H2","PDP8_rev_high",2017,NA,NA,NA,NA,NA,NA,NA,NA,NA,NA,NA,NA
"886","GAS_H2","PDP8_rev_high",2018,NA,NA,NA,NA,NA,NA,NA,NA,NA,NA,NA,NA
"887","GAS_H2","PDP8_rev_high",2019,NA,NA,NA,NA,NA,NA,NA,NA,NA,NA,NA,NA
"888","GAS_H2","PDP8_rev_high",2020,NA,NA,NA,NA,NA,NA,NA,NA,NA,NA,NA,NA
"889","GAS_H2","PDP8_rev_high",2021,NA,NA,NA,NA,NA,NA,NA,NA,NA,NA,NA,NA
"890","GAS_H2","PDP8_rev_high",2022,NA,NA,NA,NA,NA,NA,NA,NA,NA,NA,NA,NA
"891","GAS_H2","PDP8_rev_high",2023,NA,NA,NA,NA,NA,NA,NA,NA,NA,NA,NA,NA
"892","GAS_H2","PDP8_rev_high",2024,NA,NA,NA,NA,NA,NA,NA,NA,NA,NA,NA,NA
"893","GAS_H2","PDP8_rev_high",2025,0,NA,NA,NA,NA,NA,NA,NA,NA,NA,NA,NA
"894","GAS_H2","PDP8_rev_high",2026,0,NA,NA,NA,NA,NA,NA,0,NA,NA,NA,0
"895","GAS_H2","PDP8_rev_high",2027,0,NA,NA,NA,NA,NA,NA,0,NA,NA,NA,0
"896","GAS_H2","PDP8_rev_high",2028,0,NA,NA,NA,NA,NA,NA,0,NA,NA,NA,0
"897","GAS_H2","PDP8_rev_high",2029,0,NA,NA,NA,NA,NA,NA,0,NA,NA,NA,0
"898","GAS_H2","PDP8_rev_high",2030,0,NA,NA,NA,NA,NA,NA,0,NA,NA,NA,0
"899","GAS_H2","PDP8_rev_high",2031,351.5,NA,NA,NA,NA,NA,NA,351.5,NA,NA,NA,0.3515
"900","GAS_H2","PDP8_rev_high",2032,703,NA,NA,NA,NA,NA,NA,351.5,NA,NA,NA,0.3515
"901","GAS_H2","PDP8_rev_high",2033,1054.5,NA,NA,NA,NA,NA,NA,351.5,NA,NA,NA,0.3515
"902","GAS_H2","PDP8_rev_high",2034,1406,NA,NA,NA,NA,NA,NA,351.5,NA,NA,NA,0.3515
"903","GAS_H2","PDP8_rev_high",2035,1757.5,NA,NA,NA,NA,NA,NA,351.5,NA,NA,NA,0.3515
"904","GAS_H2","PDP8_rev_high",2036,2109,NA,NA,NA,NA,NA,NA,351.5,NA,NA,NA,0.3515
"905","GAS_H2","PDP8_rev_high",2037,2460.5,NA,NA,NA,NA,NA,NA,351.5,NA,NA,NA,0.3515
"906","GAS_H2","PDP8_rev_high",2038,2812,NA,NA,NA,NA,NA,NA,351.5,NA,NA,NA,0.3515
"907","GAS_H2","PDP8_rev_high",2039,3163.5,NA,NA,NA,NA,NA,NA,351.5,NA,NA,NA,0.3515
"908","GAS_H2","PDP8_rev_high",2040,3515,NA,NA,NA,NA,NA,NA,351.5,NA,NA,NA,0.3515
"909","GAS_H2","PDP8_rev_high",2041,3866.5,NA,NA,NA,NA,NA,NA,351.5,NA,NA,NA,0.3515
"910","GAS_H2","PDP8_rev_high",2042,4218,NA,NA,NA,NA,NA,NA,351.5,NA,NA,NA,0.3515
"911","GAS_H2","PDP8_rev_high",2043,4569.5,NA,NA,NA,NA,NA,NA,351.5,NA,NA,NA,0.3515
"912","GAS_H2","PDP8_rev_high",2044,4921,NA,NA,NA,NA,NA,NA,351.5,NA,NA,NA,0.3515
"913","GAS_H2","PDP8_rev_high",2045,5272.5,NA,NA,NA,NA,NA,NA,351.5,NA,NA,NA,0.3515
"914","GAS_H2","PDP8_rev_high",2046,5624,NA,NA,NA,NA,NA,NA,351.5,NA,NA,NA,0.3515
"915","GAS_H2","PDP8_rev_high",2047,5975.5,NA,NA,NA,NA,NA,NA,351.5,NA,NA,NA,0.3515
"916","GAS_H2","PDP8_rev_high",2048,6327,NA,NA,NA,NA,NA,NA,351.5,NA,NA,NA,0.3515
"917","GAS_H2","PDP8_rev_high",2049,6678.5,NA,NA,NA,NA,NA,NA,351.5,NA,NA,NA,0.3515
"918","GAS_H2","PDP8_rev_high",2050,7030,NA,NA,NA,NA,NA,NA,351.5,NA,NA,NA,0.3515
"919","LNG","PDP8",2000,NA,NA,NA,NA,NA,NA,NA,NA,NA,NA,NA,NA
"920","LNG","PDP8",2001,NA,NA,NA,NA,NA,NA,NA,NA,NA,NA,NA,NA
"921","LNG","PDP8",2002,NA,NA,NA,NA,NA,NA,NA,NA,NA,NA,NA,NA
"922","LNG","PDP8",2003,NA,NA,NA,NA,NA,NA,NA,NA,NA,NA,NA,NA
"923","LNG","PDP8",2004,NA,NA,NA,NA,NA,NA,NA,NA,NA,NA,NA,NA
"924","LNG","PDP8",2005,NA,NA,NA,NA,NA,NA,NA,NA,NA,NA,NA,NA
"925","LNG","PDP8",2006,NA,NA,NA,NA,NA,NA,NA,NA,NA,NA,NA,NA
"926","LNG","PDP8",2007,NA,NA,NA,NA,NA,NA,NA,NA,NA,NA,NA,NA
"927","LNG","PDP8",2008,NA,NA,NA,NA,NA,NA,NA,NA,NA,NA,NA,NA
"928","LNG","PDP8",2009,NA,NA,NA,NA,NA,NA,NA,NA,NA,NA,NA,NA
"929","LNG","PDP8",2010,NA,NA,NA,NA,NA,NA,NA,NA,NA,NA,NA,NA
"930","LNG","PDP8",2011,NA,NA,NA,NA,NA,NA,NA,NA,NA,NA,NA,NA
"931","LNG","PDP8",2012,NA,NA,NA,NA,NA,NA,NA,NA,NA,NA,NA,NA
"932","LNG","PDP8",2013,NA,NA,NA,NA,NA,NA,NA,NA,NA,NA,NA,NA
"933","LNG","PDP8",2014,NA,NA,NA,NA,NA,NA,NA,NA,NA,NA,NA,NA
"934","LNG","PDP8",2015,NA,NA,NA,NA,NA,NA,NA,NA,NA,NA,NA,NA
"935","LNG","PDP8",2016,NA,NA,NA,NA,NA,NA,NA,NA,NA,NA,NA,NA
"936","LNG","PDP8",2017,NA,NA,NA,NA,NA,NA,NA,NA,NA,NA,NA,NA
"937","LNG","PDP8",2018,NA,NA,NA,NA,NA,NA,NA,NA,NA,NA,NA,NA
"938","LNG","PDP8",2019,NA,NA,NA,NA,NA,NA,NA,NA,NA,NA,NA,NA
"939","LNG","PDP8",2020,NA,875,725,1025,NA,NA,NA,NA,NA,NA,NA,NA
"940","LNG","PDP8",2021,NA,875,725,1025,NA,NA,NA,NA,NA,NA,NA,NA
"941","LNG","PDP8",2022,NA,875,725,1025,NA,NA,NA,NA,NA,NA,NA,NA
"942","LNG","PDP8",2023,NA,875,725,1025,NA,NA,NA,NA,NA,NA,NA,NA
"943","LNG","PDP8",2024,NA,875,725,1025,NA,NA,NA,NA,NA,NA,NA,NA
"944","LNG","PDP8",2025,0,875,725,1025,0,0,0,NA,NA,NA,NA,NA
"945","LNG","PDP8",2026,4480,875,725,1025,3920,3248,4592,4480,3920,3248,4592,4.48
"946","LNG","PDP8",2027,8960,875,725,1025,7840,6496,9184,4480,3920,3248,4592,4.48
"947","LNG","PDP8",2028,13440,875,725,1025,11760,9744,13776,4480,3920,3248,4592,4.48
"948","LNG","PDP8",2029,17920,875,725,1025,15680,12992,18368,4480,3920,3248,4592,4.48
"949","LNG","PDP8",2030,22400,789,639,939,17673.6,14313.6,21033.6,4480,3534.72,2862.72,4206.72,4.48
"950","LNG","PDP8",2031,22550,789,639,939,17791.95,14409.45,21174.45,150,118.35,95.85,140.85,0.15
"951","LNG","PDP8",2032,22700,789,639,939,17910.3,14505.3,21315.3,150,118.35,95.85,140.85,0.15
"952","LNG","PDP8",2033,22850,789,639,939,18028.65,14601.15,21456.15,150,118.35,95.85,140.85,0.15
"953","LNG","PDP8",2034,23000,789,639,939,18147,14697,21597,150,118.35,95.85,140.85,0.15
"954","LNG","PDP8",2035,23150,789,639,939,18265.35,14792.85,21737.85,150,118.35,95.85,140.85,0.15
"955","LNG","PDP8",2036,23300,789,639,939,18383.7,14888.7,21878.7,150,118.35,95.85,140.85,0.15
"956","LNG","PDP8",2037,23450,789,639,939,18502.05,14984.55,22019.55,150,118.35,95.85,140.85,0.15
"957","LNG","PDP8",2038,23600,789,639,939,18620.4,15080.4,22160.4,150,118.35,95.85,140.85,0.15
"958","LNG","PDP8",2039,23750,789,639,939,18738.75,15176.25,22301.25,150,118.35,95.85,140.85,0.15
"959","LNG","PDP8",2040,23900,789,639,939,18857.1,15272.1,22442.1,150,118.35,95.85,140.85,0.15
"960","LNG","PDP8",2041,24050,789,639,939,18975.45,15367.95,22582.95,150,118.35,95.85,140.85,0.15
"961","LNG","PDP8",2042,24200,789,639,939,19093.8,15463.8,22723.8,150,118.35,95.85,140.85,0.15
"962","LNG","PDP8",2043,24350,789,639,939,19212.15,15559.65,22864.65,150,118.35,95.85,140.85,0.15
"963","LNG","PDP8",2044,24500,789,639,939,19330.5,15655.5,23005.5,150,118.35,95.85,140.85,0.15
"964","LNG","PDP8",2045,24650,789,639,939,19448.85,15751.35,23146.35,150,118.35,95.85,140.85,0.15
"965","LNG","PDP8",2046,24800,789,639,939,19567.2,15847.2,23287.2,150,118.35,95.85,140.85,0.15
"966","LNG","PDP8",2047,24950,789,639,939,19685.55,15943.05,23428.05,150,118.35,95.85,140.85,0.15
"967","LNG","PDP8",2048,25100,789,639,939,19803.9,16038.9,23568.9,150,118.35,95.85,140.85,0.15
"968","LNG","PDP8",2049,25250,789,639,939,19922.25,16134.75,23709.75,150,118.35,95.85,140.85,0.15
"969","LNG","PDP8",2050,25400,778,628,928,19761.2,15951.2,23571.2,150,116.7,94.2,139.2,0.15
"970","LNG","PDP8_rev_low",2000,NA,NA,NA,NA,NA,NA,NA,NA,NA,NA,NA,NA
"971","LNG","PDP8_rev_low",2001,NA,NA,NA,NA,NA,NA,NA,NA,NA,NA,NA,NA
"972","LNG","PDP8_rev_low",2002,NA,NA,NA,NA,NA,NA,NA,NA,NA,NA,NA,NA
"973","LNG","PDP8_rev_low",2003,NA,NA,NA,NA,NA,NA,NA,NA,NA,NA,NA,NA
"974","LNG","PDP8_rev_low",2004,NA,NA,NA,NA,NA,NA,NA,NA,NA,NA,NA,NA
"975","LNG","PDP8_rev_low",2005,NA,NA,NA,NA,NA,NA,NA,NA,NA,NA,NA,NA
"976","LNG","PDP8_rev_low",2006,NA,NA,NA,NA,NA,NA,NA,NA,NA,NA,NA,NA
"977","LNG","PDP8_rev_low",2007,NA,NA,NA,NA,NA,NA,NA,NA,NA,NA,NA,NA
"978","LNG","PDP8_rev_low",2008,NA,NA,NA,NA,NA,NA,NA,NA,NA,NA,NA,NA
"979","LNG","PDP8_rev_low",2009,NA,NA,NA,NA,NA,NA,NA,NA,NA,NA,NA,NA
"980","LNG","PDP8_rev_low",2010,NA,NA,NA,NA,NA,NA,NA,NA,NA,NA,NA,NA
"981","LNG","PDP8_rev_low",2011,NA,NA,NA,NA,NA,NA,NA,NA,NA,NA,NA,NA
"982","LNG","PDP8_rev_low",2012,NA,NA,NA,NA,NA,NA,NA,NA,NA,NA,NA,NA
"983","LNG","PDP8_rev_low",2013,NA,NA,NA,NA,NA,NA,NA,NA,NA,NA,NA,NA
"984","LNG","PDP8_rev_low",2014,NA,NA,NA,NA,NA,NA,NA,NA,NA,NA,NA,NA
"985","LNG","PDP8_rev_low",2015,NA,NA,NA,NA,NA,NA,NA,NA,NA,NA,NA,NA
"986","LNG","PDP8_rev_low",2016,NA,NA,NA,NA,NA,NA,NA,NA,NA,NA,NA,NA
"987","LNG","PDP8_rev_low",2017,NA,NA,NA,NA,NA,NA,NA,NA,NA,NA,NA,NA
"988","LNG","PDP8_rev_low",2018,NA,NA,NA,NA,NA,NA,NA,NA,NA,NA,NA,NA
"989","LNG","PDP8_rev_low",2019,NA,NA,NA,NA,NA,NA,NA,NA,NA,NA,NA,NA
"990","LNG","PDP8_rev_low",2020,NA,875,725,1025,NA,NA,NA,NA,NA,NA,NA,NA
"991","LNG","PDP8_rev_low",2021,NA,875,725,1025,NA,NA,NA,NA,NA,NA,NA,NA
"992","LNG","PDP8_rev_low",2022,NA,875,725,1025,NA,NA,NA,NA,NA,NA,NA,NA
"993","LNG","PDP8_rev_low",2023,NA,875,725,1025,NA,NA,NA,NA,NA,NA,NA,NA
"994","LNG","PDP8_rev_low",2024,NA,875,725,1025,NA,NA,NA,NA,NA,NA,NA,NA
"995","LNG","PDP8_rev_low",2025,0,875,725,1025,0,0,0,NA,NA,NA,NA,NA
"996","LNG","PDP8_rev_low",2026,4504.8,875,725,1025,3941.7,3265.98,4617.42,4504.8,3941.7,3265.98,4617.42,4.5048
"997","LNG","PDP8_rev_low",2027,9009.6,875,725,1025,7883.4,6531.96,9234.84,4504.8,3941.7,3265.98,4617.42,4.5048
"998","LNG","PDP8_rev_low",2028,13514.4,875,725,1025,11825.1,9797.94,13852.26,4504.8,3941.7,3265.98,4617.42,4.5048
"999","LNG","PDP8_rev_low",2029,18019.2,875,725,1025,15766.8,13063.92,18469.68,4504.8,3941.7,3265.98,4617.42,4.5048
"1000","LNG","PDP8_rev_low",2030,22524,789,639,939,17771.436,14392.836,21150.036,4504.8,3554.2872,2878.5672,4230.0072,4.5048
"1001","LNG","PDP8_rev_low",2031,21397.8,789,639,939,16882.8642,13673.1942,20092.5342,-1126.2,0,0,0,0
"1002","LNG","PDP8_rev_low",2032,20271.6,789,639,939,15994.2924,12953.5524,19035.0324,-1126.2,0,0,0,0
"1003","LNG","PDP8_rev_low",2033,19145.4,789,639,939,15105.7206,12233.9106,17977.5306,-1126.2,0,0,0,0
"1004","LNG","PDP8_rev_low",2034,18019.2,789,639,939,14217.1488,11514.2688,16920.0288,-1126.2,0,0,0,0
"1005","LNG","PDP8_rev_low",2035,16893,789,639,939,13328.577,10794.627,15862.527,-1126.2,0,0,0,0
"1006","LNG","PDP8_rev_low",2036,15766.8,789,639,939,12440.0052,10074.9852,14805.0252,-1126.2,0,0,0,0
"1007","LNG","PDP8_rev_low",2037,14640.6,789,639,939,11551.4334,9355.3434,13747.5234,-1126.2,0,0,0,0
"1008","LNG","PDP8_rev_low",2038,13514.4,789,639,939,10662.8616,8635.7016,12690.0216,-1126.2,0,0,0,0
"1009","LNG","PDP8_rev_low",2039,12388.2,789,639,939,9774.2898,7916.0598,11632.5198,-1126.2,0,0,0,0
"1010","LNG","PDP8_rev_low",2040,11262,789,639,939,8885.718,7196.418,10575.018,-1126.2,0,0,0,0
"1011","LNG","PDP8_rev_low",2041,10135.8,789,639,939,7997.1462,6476.7762,9517.5162,-1126.2,0,0,0,0
"1012","LNG","PDP8_rev_low",2042,9009.6,789,639,939,7108.5744,5757.1344,8460.0144,-1126.2,0,0,0,0
"1013","LNG","PDP8_rev_low",2043,7883.4,789,639,939,6220.0026,5037.4926,7402.5126,-1126.2,0,0,0,0
"1014","LNG","PDP8_rev_low",2044,6757.2,789,639,939,5331.4308,4317.8508,6345.0108,-1126.2,0,0,0,0
"1015","LNG","PDP8_rev_low",2045,5631,789,639,939,4442.859,3598.209,5287.509,-1126.2,0,0,0,0
"1016","LNG","PDP8_rev_low",2046,4504.8,789,639,939,3554.2872,2878.5672,4230.0072,-1126.2,0,0,0,0
"1017","LNG","PDP8_rev_low",2047,3378.6,789,639,939,2665.7154,2158.9254,3172.5054,-1126.2,0,0,0,0
"1018","LNG","PDP8_rev_low",2048,2252.4,789,639,939,1777.1436,1439.2836,2115.0036,-1126.2,0,0,0,0
"1019","LNG","PDP8_rev_low",2049,1126.2,789,639,939,888.571800000001,719.641800000001,1057.5018,-1126.2,0,0,0,0
"1020","LNG","PDP8_rev_low",2050,0,778,628,928,0,0,0,-1126.2,0,0,0,0
"1021","LNG","PDP8_rev_high",2000,NA,NA,NA,NA,NA,NA,NA,NA,NA,NA,NA,NA
"1022","LNG","PDP8_rev_high",2001,NA,NA,NA,NA,NA,NA,NA,NA,NA,NA,NA,NA
"1023","LNG","PDP8_rev_high",2002,NA,NA,NA,NA,NA,NA,NA,NA,NA,NA,NA,NA
"1024","LNG","PDP8_rev_high",2003,NA,NA,NA,NA,NA,NA,NA,NA,NA,NA,NA,NA
"1025","LNG","PDP8_rev_high",2004,NA,NA,NA,NA,NA,NA,NA,NA,NA,NA,NA,NA
"1026","LNG","PDP8_rev_high",2005,NA,NA,NA,NA,NA,NA,NA,NA,NA,NA,NA,NA
"1027","LNG","PDP8_rev_high",2006,NA,NA,NA,NA,NA,NA,NA,NA,NA,NA,NA,NA
"1028","LNG","PDP8_rev_high",2007,NA,NA,NA,NA,NA,NA,NA,NA,NA,NA,NA,NA
"1029","LNG","PDP8_rev_high",2008,NA,NA,NA,NA,NA,NA,NA,NA,NA,NA,NA,NA
"1030","LNG","PDP8_rev_high",2009,NA,NA,NA,NA,NA,NA,NA,NA,NA,NA,NA,NA
"1031","LNG","PDP8_rev_high",2010,NA,NA,NA,NA,NA,NA,NA,NA,NA,NA,NA,NA
"1032","LNG","PDP8_rev_high",2011,NA,NA,NA,NA,NA,NA,NA,NA,NA,NA,NA,NA
"1033","LNG","PDP8_rev_high",2012,NA,NA,NA,NA,NA,NA,NA,NA,NA,NA,NA,NA
"1034","LNG","PDP8_rev_high",2013,NA,NA,NA,NA,NA,NA,NA,NA,NA,NA,NA,NA
"1035","LNG","PDP8_rev_high",2014,NA,NA,NA,NA,NA,NA,NA,NA,NA,NA,NA,NA
"1036","LNG","PDP8_rev_high",2015,NA,NA,NA,NA,NA,NA,NA,NA,NA,NA,NA,NA
"1037","LNG","PDP8_rev_high",2016,NA,NA,NA,NA,NA,NA,NA,NA,NA,NA,NA,NA
"1038","LNG","PDP8_rev_high",2017,NA,NA,NA,NA,NA,NA,NA,NA,NA,NA,NA,NA
"1039","LNG","PDP8_rev_high",2018,NA,NA,NA,NA,NA,NA,NA,NA,NA,NA,NA,NA
"1040","LNG","PDP8_rev_high",2019,NA,NA,NA,NA,NA,NA,NA,NA,NA,NA,NA,NA
"1041","LNG","PDP8_rev_high",2020,NA,875,725,1025,NA,NA,NA,NA,NA,NA,NA,NA
"1042","LNG","PDP8_rev_high",2021,NA,875,725,1025,NA,NA,NA,NA,NA,NA,NA,NA
"1043","LNG","PDP8_rev_high",2022,NA,875,725,1025,NA,NA,NA,NA,NA,NA,NA,NA
"1044","LNG","PDP8_rev_high",2023,NA,875,725,1025,NA,NA,NA,NA,NA,NA,NA,NA
"1045","LNG","PDP8_rev_high",2024,NA,875,725,1025,NA,NA,NA,NA,NA,NA,NA,NA
"1046","LNG","PDP8_rev_high",2025,0,875,725,1025,0,0,0,NA,NA,NA,NA,NA
"1047","LNG","PDP8_rev_high",2026,4504.8,875,725,1025,3941.7,3265.98,4617.42,4504.8,3941.7,3265.98,4617.42,4.5048
"1048","LNG","PDP8_rev_high",2027,9009.6,875,725,1025,7883.4,6531.96,9234.84,4504.8,3941.7,3265.98,4617.42,4.5048
"1049","LNG","PDP8_rev_high",2028,13514.4,875,725,1025,11825.1,9797.94,13852.26,4504.8,3941.7,3265.98,4617.42,4.5048
"1050","LNG","PDP8_rev_high",2029,18019.2,875,725,1025,15766.8,13063.92,18469.68,4504.8,3941.7,3265.98,4617.42,4.5048
"1051","LNG","PDP8_rev_high",2030,22524,789,639,939,17771.436,14392.836,21150.036,4504.8,3554.2872,2878.5672,4230.0072,4.5048
"1052","LNG","PDP8_rev_high",2031,21397.8,789,639,939,16882.8642,13673.1942,20092.5342,-1126.2,0,0,0,0
"1053","LNG","PDP8_rev_high",2032,20271.6,789,639,939,15994.2924,12953.5524,19035.0324,-1126.2,0,0,0,0
"1054","LNG","PDP8_rev_high",2033,19145.4,789,639,939,15105.7206,12233.9106,17977.5306,-1126.2,0,0,0,0
"1055","LNG","PDP8_rev_high",2034,18019.2,789,639,939,14217.1488,11514.2688,16920.0288,-1126.2,0,0,0,0
"1056","LNG","PDP8_rev_high",2035,16893,789,639,939,13328.577,10794.627,15862.527,-1126.2,0,0,0,0
"1057","LNG","PDP8_rev_high",2036,15766.8,789,639,939,12440.0052,10074.9852,14805.0252,-1126.2,0,0,0,0
"1058","LNG","PDP8_rev_high",2037,14640.6,789,639,939,11551.4334,9355.3434,13747.5234,-1126.2,0,0,0,0
"1059","LNG","PDP8_rev_high",2038,13514.4,789,639,939,10662.8616,8635.7016,12690.0216,-1126.2,0,0,0,0
"1060","LNG","PDP8_rev_high",2039,12388.2,789,639,939,9774.2898,7916.0598,11632.5198,-1126.2,0,0,0,0
"1061","LNG","PDP8_rev_high",2040,11262,789,639,939,8885.718,7196.418,10575.018,-1126.2,0,0,0,0
"1062","LNG","PDP8_rev_high",2041,10135.8,789,639,939,7997.1462,6476.7762,9517.5162,-1126.2,0,0,0,0
"1063","LNG","PDP8_rev_high",2042,9009.6,789,639,939,7108.5744,5757.1344,8460.0144,-1126.2,0,0,0,0
"1064","LNG","PDP8_rev_high",2043,7883.4,789,639,939,6220.0026,5037.4926,7402.5126,-1126.2,0,0,0,0
"1065","LNG","PDP8_rev_high",2044,6757.2,789,639,939,5331.4308,4317.8508,6345.0108,-1126.2,0,0,0,0
"1066","LNG","PDP8_rev_high",2045,5631,789,639,939,4442.859,3598.209,5287.509,-1126.2,0,0,0,0
"1067","LNG","PDP8_rev_high",2046,4504.8,789,639,939,3554.2872,2878.5672,4230.0072,-1126.2,0,0,0,0
"1068","LNG","PDP8_rev_high",2047,3378.6,789,639,939,2665.7154,2158.9254,3172.5054,-1126.2,0,0,0,0
"1069","LNG","PDP8_rev_high",2048,2252.4,789,639,939,1777.1436,1439.2836,2115.0036,-1126.2,0,0,0,0
"1070","LNG","PDP8_rev_high",2049,1126.2,789,639,939,888.571800000001,719.641800000001,1057.5018,-1126.2,0,0,0,0
"1071","LNG","PDP8_rev_high",2050,0,778,628,928,0,0,0,-1126.2,0,0,0,0
"1072","LNG_CCS","PDP8",2000,NA,NA,NA,NA,NA,NA,NA,NA,NA,NA,NA,NA
"1073","LNG_CCS","PDP8",2001,NA,NA,NA,NA,NA,NA,NA,NA,NA,NA,NA,NA
"1074","LNG_CCS","PDP8",2002,NA,NA,NA,NA,NA,NA,NA,NA,NA,NA,NA,NA
"1075","LNG_CCS","PDP8",2003,NA,NA,NA,NA,NA,NA,NA,NA,NA,NA,NA,NA
"1076","LNG_CCS","PDP8",2004,NA,NA,NA,NA,NA,NA,NA,NA,NA,NA,NA,NA
"1077","LNG_CCS","PDP8",2005,NA,NA,NA,NA,NA,NA,NA,NA,NA,NA,NA,NA
"1078","LNG_CCS","PDP8",2006,NA,NA,NA,NA,NA,NA,NA,NA,NA,NA,NA,NA
"1079","LNG_CCS","PDP8",2007,NA,NA,NA,NA,NA,NA,NA,NA,NA,NA,NA,NA
"1080","LNG_CCS","PDP8",2008,NA,NA,NA,NA,NA,NA,NA,NA,NA,NA,NA,NA
"1081","LNG_CCS","PDP8",2009,NA,NA,NA,NA,NA,NA,NA,NA,NA,NA,NA,NA
"1082","LNG_CCS","PDP8",2010,NA,NA,NA,NA,NA,NA,NA,NA,NA,NA,NA,NA
"1083","LNG_CCS","PDP8",2011,NA,NA,NA,NA,NA,NA,NA,NA,NA,NA,NA,NA
"1084","LNG_CCS","PDP8",2012,NA,NA,NA,NA,NA,NA,NA,NA,NA,NA,NA,NA
"1085","LNG_CCS","PDP8",2013,NA,NA,NA,NA,NA,NA,NA,NA,NA,NA,NA,NA
"1086","LNG_CCS","PDP8",2014,NA,NA,NA,NA,NA,NA,NA,NA,NA,NA,NA,NA
"1087","LNG_CCS","PDP8",2015,NA,NA,NA,NA,NA,NA,NA,NA,NA,NA,NA,NA
"1088","LNG_CCS","PDP8",2016,NA,NA,NA,NA,NA,NA,NA,NA,NA,NA,NA,NA
"1089","LNG_CCS","PDP8",2017,NA,NA,NA,NA,NA,NA,NA,NA,NA,NA,NA,NA
"1090","LNG_CCS","PDP8",2018,NA,NA,NA,NA,NA,NA,NA,NA,NA,NA,NA,NA
"1091","LNG_CCS","PDP8",2019,NA,NA,NA,NA,NA,NA,NA,NA,NA,NA,NA,NA
"1092","LNG_CCS","PDP8",2020,NA,2643,2493,2793,NA,NA,NA,NA,NA,NA,NA,NA
"1093","LNG_CCS","PDP8",2021,NA,2643,2493,2793,NA,NA,NA,NA,NA,NA,NA,NA
"1094","LNG_CCS","PDP8",2022,NA,2643,2493,2793,NA,NA,NA,NA,NA,NA,NA,NA
"1095","LNG_CCS","PDP8",2023,NA,2643,2493,2793,NA,NA,NA,NA,NA,NA,NA,NA
"1096","LNG_CCS","PDP8",2024,NA,2643,2493,2793,NA,NA,NA,NA,NA,NA,NA,NA
"1097","LNG_CCS","PDP8",2025,0,2643,2493,2793,0,0,0,NA,NA,NA,NA,NA
"1098","LNG_CCS","PDP8",2026,0,2643,2493,2793,0,0,0,0,0,0,0,0
"1099","LNG_CCS","PDP8",2027,0,2643,2493,2793,0,0,0,0,0,0,0,0
"1100","LNG_CCS","PDP8",2028,0,2643,2493,2793,0,0,0,0,0,0,0,0
"1101","LNG_CCS","PDP8",2029,0,2643,2493,2793,0,0,0,0,0,0,0,0
"1102","LNG_CCS","PDP8",2030,0,2543,2393,2693,0,0,0,0,0,0,0,0
"1103","LNG_CCS","PDP8",2031,0,2543,2393,2693,0,0,0,0,0,0,0,0
"1104","LNG_CCS","PDP8",2032,0,2543,2393,2693,0,0,0,0,0,0,0,0
"1105","LNG_CCS","PDP8",2033,0,2543,2393,2693,0,0,0,0,0,0,0,0
"1106","LNG_CCS","PDP8",2034,0,2543,2393,2693,0,0,0,0,0,0,0,0
"1107","LNG_CCS","PDP8",2035,0,2543,2393,2693,0,0,0,0,0,0,0,0
"1108","LNG_CCS","PDP8",2036,0,2543,2393,2693,0,0,0,0,0,0,0,0
"1109","LNG_CCS","PDP8",2037,0,2543,2393,2693,0,0,0,0,0,0,0,0
"1110","LNG_CCS","PDP8",2038,0,2543,2393,2693,0,0,0,0,0,0,0,0
"1111","LNG_CCS","PDP8",2039,0,2543,2393,2693,0,0,0,0,0,0,0,0
"1112","LNG_CCS","PDP8",2040,0,2543,2393,2693,0,0,0,0,0,0,0,0
"1113","LNG_CCS","PDP8",2041,0,2543,2393,2693,0,0,0,0,0,0,0,0
"1114","LNG_CCS","PDP8",2042,0,2543,2393,2693,0,0,0,0,0,0,0,0
"1115","LNG_CCS","PDP8",2043,0,2543,2393,2693,0,0,0,0,0,0,0,0
"1116","LNG_CCS","PDP8",2044,0,2543,2393,2693,0,0,0,0,0,0,0,0
"1117","LNG_CCS","PDP8",2045,0,2543,2393,2693,0,0,0,0,0,0,0,0
"1118","LNG_CCS","PDP8",2046,0,2543,2393,2693,0,0,0,0,0,0,0,0
"1119","LNG_CCS","PDP8",2047,0,2543,2393,2693,0,0,0,0,0,0,0,0
"1120","LNG_CCS","PDP8",2048,0,2543,2393,2693,0,0,0,0,0,0,0,0
"1121","LNG_CCS","PDP8",2049,0,2543,2393,2693,0,0,0,0,0,0,0,0
"1122","LNG_CCS","PDP8",2050,0,2443,2293,2593,0,0,0,0,0,0,0,0
"1123","LNG_CCS","PDP8_rev_low",2000,NA,NA,NA,NA,NA,NA,NA,NA,NA,NA,NA,NA
"1124","LNG_CCS","PDP8_rev_low",2001,NA,NA,NA,NA,NA,NA,NA,NA,NA,NA,NA,NA
"1125","LNG_CCS","PDP8_rev_low",2002,NA,NA,NA,NA,NA,NA,NA,NA,NA,NA,NA,NA
"1126","LNG_CCS","PDP8_rev_low",2003,NA,NA,NA,NA,NA,NA,NA,NA,NA,NA,NA,NA
"1127","LNG_CCS","PDP8_rev_low",2004,NA,NA,NA,NA,NA,NA,NA,NA,NA,NA,NA,NA
"1128","LNG_CCS","PDP8_rev_low",2005,NA,NA,NA,NA,NA,NA,NA,NA,NA,NA,NA,NA
"1129","LNG_CCS","PDP8_rev_low",2006,NA,NA,NA,NA,NA,NA,NA,NA,NA,NA,NA,NA
"1130","LNG_CCS","PDP8_rev_low",2007,NA,NA,NA,NA,NA,NA,NA,NA,NA,NA,NA,NA
"1131","LNG_CCS","PDP8_rev_low",2008,NA,NA,NA,NA,NA,NA,NA,NA,NA,NA,NA,NA
"1132","LNG_CCS","PDP8_rev_low",2009,NA,NA,NA,NA,NA,NA,NA,NA,NA,NA,NA,NA
"1133","LNG_CCS","PDP8_rev_low",2010,NA,NA,NA,NA,NA,NA,NA,NA,NA,NA,NA,NA
"1134","LNG_CCS","PDP8_rev_low",2011,NA,NA,NA,NA,NA,NA,NA,NA,NA,NA,NA,NA
"1135","LNG_CCS","PDP8_rev_low",2012,NA,NA,NA,NA,NA,NA,NA,NA,NA,NA,NA,NA
"1136","LNG_CCS","PDP8_rev_low",2013,NA,NA,NA,NA,NA,NA,NA,NA,NA,NA,NA,NA
"1137","LNG_CCS","PDP8_rev_low",2014,NA,NA,NA,NA,NA,NA,NA,NA,NA,NA,NA,NA
"1138","LNG_CCS","PDP8_rev_low",2015,NA,NA,NA,NA,NA,NA,NA,NA,NA,NA,NA,NA
"1139","LNG_CCS","PDP8_rev_low",2016,NA,NA,NA,NA,NA,NA,NA,NA,NA,NA,NA,NA
"1140","LNG_CCS","PDP8_rev_low",2017,NA,NA,NA,NA,NA,NA,NA,NA,NA,NA,NA,NA
"1141","LNG_CCS","PDP8_rev_low",2018,NA,NA,NA,NA,NA,NA,NA,NA,NA,NA,NA,NA
"1142","LNG_CCS","PDP8_rev_low",2019,NA,NA,NA,NA,NA,NA,NA,NA,NA,NA,NA,NA
"1143","LNG_CCS","PDP8_rev_low",2020,NA,2643,2493,2793,NA,NA,NA,NA,NA,NA,NA,NA
"1144","LNG_CCS","PDP8_rev_low",2021,NA,2643,2493,2793,NA,NA,NA,NA,NA,NA,NA,NA
"1145","LNG_CCS","PDP8_rev_low",2022,NA,2643,2493,2793,NA,NA,NA,NA,NA,NA,NA,NA
"1146","LNG_CCS","PDP8_rev_low",2023,NA,2643,2493,2793,NA,NA,NA,NA,NA,NA,NA,NA
"1147","LNG_CCS","PDP8_rev_low",2024,NA,2643,2493,2793,NA,NA,NA,NA,NA,NA,NA,NA
"1148","LNG_CCS","PDP8_rev_low",2025,0,2643,2493,2793,0,0,0,NA,NA,NA,NA,NA
"1149","LNG_CCS","PDP8_rev_low",2026,0,2643,2493,2793,0,0,0,0,0,0,0,0
"1150","LNG_CCS","PDP8_rev_low",2027,0,2643,2493,2793,0,0,0,0,0,0,0,0
"1151","LNG_CCS","PDP8_rev_low",2028,0,2643,2493,2793,0,0,0,0,0,0,0,0
"1152","LNG_CCS","PDP8_rev_low",2029,0,2643,2493,2793,0,0,0,0,0,0,0,0
"1153","LNG_CCS","PDP8_rev_low",2030,0,2543,2393,2693,0,0,0,0,0,0,0,0
"1154","LNG_CCS","PDP8_rev_low",2031,94.35,2543,2393,2693,239.93205,225.77955,254.08455,94.35,239.93205,225.77955,254.08455,0.09435
"1155","LNG_CCS","PDP8_rev_low",2032,188.7,2543,2393,2693,479.8641,451.5591,508.1691,94.35,239.93205,225.77955,254.08455,0.09435
"1156","LNG_CCS","PDP8_rev_low",2033,283.05,2543,2393,2693,719.79615,677.33865,762.25365,94.35,239.93205,225.77955,254.08455,0.09435
"1157","LNG_CCS","PDP8_rev_low",2034,377.4,2543,2393,2693,959.7282,903.1182,1016.3382,94.35,239.93205,225.77955,254.08455,0.09435
"1158","LNG_CCS","PDP8_rev_low",2035,471.75,2543,2393,2693,1199.66025,1128.89775,1270.42275,94.35,239.93205,225.77955,254.08455,0.09435
"1159","LNG_CCS","PDP8_rev_low",2036,566.1,2543,2393,2693,1439.5923,1354.6773,1524.5073,94.35,239.93205,225.77955,254.08455,0.09435
"1160","LNG_CCS","PDP8_rev_low",2037,660.45,2543,2393,2693,1679.52435,1580.45685,1778.59185,94.3499999999999,239.93205,225.77955,254.08455,0.0943499999999999
"1161","LNG_CCS","PDP8_rev_low",2038,754.8,2543,2393,2693,1919.4564,1806.2364,2032.6764,94.3500000000001,239.93205,225.77955,254.08455,0.0943500000000001
"1162","LNG_CCS","PDP8_rev_low",2039,849.15,2543,2393,2693,2159.38845,2032.01595,2286.76095,94.3499999999999,239.93205,225.77955,254.08455,0.0943499999999999
"1163","LNG_CCS","PDP8_rev_low",2040,943.5,2543,2393,2693,2399.3205,2257.7955,2540.8455,94.35,239.93205,225.77955,254.08455,0.09435
"1164","LNG_CCS","PDP8_rev_low",2041,1037.85,2543,2393,2693,2639.25255,2483.57505,2794.93005,94.3500000000001,239.93205,225.77955,254.08455,0.0943500000000001
"1165","LNG_CCS","PDP8_rev_low",2042,1132.2,2543,2393,2693,2879.1846,2709.3546,3049.0146,94.3499999999999,239.93205,225.77955,254.08455,0.0943499999999999
"1166","LNG_CCS","PDP8_rev_low",2043,1226.55,2543,2393,2693,3119.11665,2935.13415,3303.09915,94.3499999999999,239.93205,225.77955,254.08455,0.0943499999999999
"1167","LNG_CCS","PDP8_rev_low",2044,1320.9,2543,2393,2693,3359.0487,3160.9137,3557.1837,94.3499999999999,239.93205,225.77955,254.08455,0.0943499999999999
"1168","LNG_CCS","PDP8_rev_low",2045,1415.25,2543,2393,2693,3598.98075,3386.69325,3811.26825,94.3500000000001,239.93205,225.77955,254.08455,0.0943500000000001
"1169","LNG_CCS","PDP8_rev_low",2046,1509.6,2543,2393,2693,3838.9128,3612.4728,4065.3528,94.3500000000001,239.93205,225.77955,254.08455,0.0943500000000001
"1170","LNG_CCS","PDP8_rev_low",2047,1603.95,2543,2393,2693,4078.84485,3838.25235,4319.43735,94.3499999999999,239.93205,225.77955,254.08455,0.0943499999999999
"1171","LNG_CCS","PDP8_rev_low",2048,1698.3,2543,2393,2693,4318.7769,4064.0319,4573.5219,94.3499999999999,239.93205,225.77955,254.08455,0.0943499999999999
"1172","LNG_CCS","PDP8_rev_low",2049,1792.65,2543,2393,2693,4558.70895,4289.81145,4827.60645,94.3499999999999,239.93205,225.77955,254.08455,0.0943499999999999
"1173","LNG_CCS","PDP8_rev_low",2050,1887,2443,2293,2593,4609.941,4326.891,4892.991,94.3500000000001,230.49705,216.34455,244.64955,0.0943500000000001
"1174","LNG_CCS","PDP8_rev_high",2000,NA,NA,NA,NA,NA,NA,NA,NA,NA,NA,NA,NA
"1175","LNG_CCS","PDP8_rev_high",2001,NA,NA,NA,NA,NA,NA,NA,NA,NA,NA,NA,NA
"1176","LNG_CCS","PDP8_rev_high",2002,NA,NA,NA,NA,NA,NA,NA,NA,NA,NA,NA,NA
"1177","LNG_CCS","PDP8_rev_high",2003,NA,NA,NA,NA,NA,NA,NA,NA,NA,NA,NA,NA
"1178","LNG_CCS","PDP8_rev_high",2004,NA,NA,NA,NA,NA,NA,NA,NA,NA,NA,NA,NA
"1179","LNG_CCS","PDP8_rev_high",2005,NA,NA,NA,NA,NA,NA,NA,NA,NA,NA,NA,NA
"1180","LNG_CCS","PDP8_rev_high",2006,NA,NA,NA,NA,NA,NA,NA,NA,NA,NA,NA,NA
"1181","LNG_CCS","PDP8_rev_high",2007,NA,NA,NA,NA,NA,NA,NA,NA,NA,NA,NA,NA
"1182","LNG_CCS","PDP8_rev_high",2008,NA,NA,NA,NA,NA,NA,NA,NA,NA,NA,NA,NA
"1183","LNG_CCS","PDP8_rev_high",2009,NA,NA,NA,NA,NA,NA,NA,NA,NA,NA,NA,NA
"1184","LNG_CCS","PDP8_rev_high",2010,NA,NA,NA,NA,NA,NA,NA,NA,NA,NA,NA,NA
"1185","LNG_CCS","PDP8_rev_high",2011,NA,NA,NA,NA,NA,NA,NA,NA,NA,NA,NA,NA
"1186","LNG_CCS","PDP8_rev_high",2012,NA,NA,NA,NA,NA,NA,NA,NA,NA,NA,NA,NA
"1187","LNG_CCS","PDP8_rev_high",2013,NA,NA,NA,NA,NA,NA,NA,NA,NA,NA,NA,NA
"1188","LNG_CCS","PDP8_rev_high",2014,NA,NA,NA,NA,NA,NA,NA,NA,NA,NA,NA,NA
"1189","LNG_CCS","PDP8_rev_high",2015,NA,NA,NA,NA,NA,NA,NA,NA,NA,NA,NA,NA
"1190","LNG_CCS","PDP8_rev_high",2016,NA,NA,NA,NA,NA,NA,NA,NA,NA,NA,NA,NA
"1191","LNG_CCS","PDP8_rev_high",2017,NA,NA,NA,NA,NA,NA,NA,NA,NA,NA,NA,NA
"1192","LNG_CCS","PDP8_rev_high",2018,NA,NA,NA,NA,NA,NA,NA,NA,NA,NA,NA,NA
"1193","LNG_CCS","PDP8_rev_high",2019,NA,NA,NA,NA,NA,NA,NA,NA,NA,NA,NA,NA
"1194","LNG_CCS","PDP8_rev_high",2020,NA,2643,2493,2793,NA,NA,NA,NA,NA,NA,NA,NA
"1195","LNG_CCS","PDP8_rev_high",2021,NA,2643,2493,2793,NA,NA,NA,NA,NA,NA,NA,NA
"1196","LNG_CCS","PDP8_rev_high",2022,NA,2643,2493,2793,NA,NA,NA,NA,NA,NA,NA,NA
"1197","LNG_CCS","PDP8_rev_high",2023,NA,2643,2493,2793,NA,NA,NA,NA,NA,NA,NA,NA
"1198","LNG_CCS","PDP8_rev_high",2024,NA,2643,2493,2793,NA,NA,NA,NA,NA,NA,NA,NA
"1199","LNG_CCS","PDP8_rev_high",2025,0,2643,2493,2793,0,0,0,NA,NA,NA,NA,NA
"1200","LNG_CCS","PDP8_rev_high",2026,0,2643,2493,2793,0,0,0,0,0,0,0,0
"1201","LNG_CCS","PDP8_rev_high",2027,0,2643,2493,2793,0,0,0,0,0,0,0,0
"1202","LNG_CCS","PDP8_rev_high",2028,0,2643,2493,2793,0,0,0,0,0,0,0,0
"1203","LNG_CCS","PDP8_rev_high",2029,0,2643,2493,2793,0,0,0,0,0,0,0,0
"1204","LNG_CCS","PDP8_rev_high",2030,0,2543,2393,2693,0,0,0,0,0,0,0,0
"1205","LNG_CCS","PDP8_rev_high",2031,113.45,2543,2393,2693,288.50335,271.48585,305.52085,113.45,288.50335,271.48585,305.52085,0.11345
"1206","LNG_CCS","PDP8_rev_high",2032,226.9,2543,2393,2693,577.0067,542.9717,611.0417,113.45,288.50335,271.48585,305.52085,0.11345
"1207","LNG_CCS","PDP8_rev_high",2033,340.35,2543,2393,2693,865.51005,814.45755,916.56255,113.45,288.50335,271.48585,305.52085,0.11345
"1208","LNG_CCS","PDP8_rev_high",2034,453.8,2543,2393,2693,1154.0134,1085.9434,1222.0834,113.45,288.50335,271.48585,305.52085,0.11345
"1209","LNG_CCS","PDP8_rev_high",2035,567.25,2543,2393,2693,1442.51675,1357.42925,1527.60425,113.45,288.50335,271.48585,305.52085,0.11345
"1210","LNG_CCS","PDP8_rev_high",2036,680.7,2543,2393,2693,1731.0201,1628.9151,1833.1251,113.45,288.50335,271.48585,305.52085,0.11345
"1211","LNG_CCS","PDP8_rev_high",2037,794.15,2543,2393,2693,2019.52345,1900.40095,2138.64595,113.45,288.50335,271.48585,305.52085,0.11345
"1212","LNG_CCS","PDP8_rev_high",2038,907.6,2543,2393,2693,2308.0268,2171.8868,2444.1668,113.45,288.50335,271.48585,305.52085,0.11345
"1213","LNG_CCS","PDP8_rev_high",2039,1021.05,2543,2393,2693,2596.53015,2443.37265,2749.68765,113.45,288.50335,271.48585,305.52085,0.11345
"1214","LNG_CCS","PDP8_rev_high",2040,1134.5,2543,2393,2693,2885.0335,2714.8585,3055.2085,113.45,288.50335,271.48585,305.52085,0.11345
"1215","LNG_CCS","PDP8_rev_high",2041,1247.95,2543,2393,2693,3173.53685,2986.34435,3360.72935,113.45,288.50335,271.48585,305.52085,0.11345
"1216","LNG_CCS","PDP8_rev_high",2042,1361.4,2543,2393,2693,3462.0402,3257.8302,3666.2502,113.45,288.50335,271.48585,305.52085,0.11345
"1217","LNG_CCS","PDP8_rev_high",2043,1474.85,2543,2393,2693,3750.54355,3529.31605,3971.77105,113.45,288.503350000001,271.485850000001,305.520850000001,0.11345
"1218","LNG_CCS","PDP8_rev_high",2044,1588.3,2543,2393,2693,4039.0469,3800.8019,4277.2919,113.45,288.50335,271.48585,305.52085,0.11345
"1219","LNG_CCS","PDP8_rev_high",2045,1701.75,2543,2393,2693,4327.55025,4072.28775,4582.81275,113.45,288.50335,271.48585,305.52085,0.11345
"1220","LNG_CCS","PDP8_rev_high",2046,1815.2,2543,2393,2693,4616.0536,4343.7736,4888.3336,113.45,288.50335,271.48585,305.52085,0.11345
"1221","LNG_CCS","PDP8_rev_high",2047,1928.65,2543,2393,2693,4904.55695,4615.25945,5193.85445,113.45,288.50335,271.48585,305.52085,0.11345
"1222","LNG_CCS","PDP8_rev_high",2048,2042.1,2543,2393,2693,5193.0603,4886.7453,5499.3753,113.45,288.503350000001,271.485850000001,305.520850000001,0.11345
"1223","LNG_CCS","PDP8_rev_high",2049,2155.55,2543,2393,2693,5481.56365,5158.23115,5804.89615,113.45,288.503349999999,271.485849999999,305.520849999999,0.11345
"1224","LNG_CCS","PDP8_rev_high",2050,2269,2443,2293,2593,5543.167,5202.817,5883.517,113.45,277.158350000001,260.140850000001,294.175850000001,0.11345
"1225","LNG_GH2","PDP8",2000,NA,NA,NA,NA,NA,NA,NA,NA,NA,NA,NA,NA
"1226","LNG_GH2","PDP8",2001,NA,NA,NA,NA,NA,NA,NA,NA,NA,NA,NA,NA
"1227","LNG_GH2","PDP8",2002,NA,NA,NA,NA,NA,NA,NA,NA,NA,NA,NA,NA
"1228","LNG_GH2","PDP8",2003,NA,NA,NA,NA,NA,NA,NA,NA,NA,NA,NA,NA
"1229","LNG_GH2","PDP8",2004,NA,NA,NA,NA,NA,NA,NA,NA,NA,NA,NA,NA
"1230","LNG_GH2","PDP8",2005,NA,NA,NA,NA,NA,NA,NA,NA,NA,NA,NA,NA
"1231","LNG_GH2","PDP8",2006,NA,NA,NA,NA,NA,NA,NA,NA,NA,NA,NA,NA
"1232","LNG_GH2","PDP8",2007,NA,NA,NA,NA,NA,NA,NA,NA,NA,NA,NA,NA
"1233","LNG_GH2","PDP8",2008,NA,NA,NA,NA,NA,NA,NA,NA,NA,NA,NA,NA
"1234","LNG_GH2","PDP8",2009,NA,NA,NA,NA,NA,NA,NA,NA,NA,NA,NA,NA
"1235","LNG_GH2","PDP8",2010,NA,NA,NA,NA,NA,NA,NA,NA,NA,NA,NA,NA
"1236","LNG_GH2","PDP8",2011,NA,NA,NA,NA,NA,NA,NA,NA,NA,NA,NA,NA
"1237","LNG_GH2","PDP8",2012,NA,NA,NA,NA,NA,NA,NA,NA,NA,NA,NA,NA
"1238","LNG_GH2","PDP8",2013,NA,NA,NA,NA,NA,NA,NA,NA,NA,NA,NA,NA
"1239","LNG_GH2","PDP8",2014,NA,NA,NA,NA,NA,NA,NA,NA,NA,NA,NA,NA
"1240","LNG_GH2","PDP8",2015,NA,NA,NA,NA,NA,NA,NA,NA,NA,NA,NA,NA
"1241","LNG_GH2","PDP8",2016,NA,NA,NA,NA,NA,NA,NA,NA,NA,NA,NA,NA
"1242","LNG_GH2","PDP8",2017,NA,NA,NA,NA,NA,NA,NA,NA,NA,NA,NA,NA
"1243","LNG_GH2","PDP8",2018,NA,NA,NA,NA,NA,NA,NA,NA,NA,NA,NA,NA
"1244","LNG_GH2","PDP8",2019,NA,NA,NA,NA,NA,NA,NA,NA,NA,NA,NA,NA
"1245","LNG_GH2","PDP8",2020,NA,1065,915,1215,NA,NA,NA,NA,NA,NA,NA,NA
"1246","LNG_GH2","PDP8",2021,NA,1065,915,1215,NA,NA,NA,NA,NA,NA,NA,NA
"1247","LNG_GH2","PDP8",2022,NA,1065,915,1215,NA,NA,NA,NA,NA,NA,NA,NA
"1248","LNG_GH2","PDP8",2023,NA,1065,915,1215,NA,NA,NA,NA,NA,NA,NA,NA
"1249","LNG_GH2","PDP8",2024,NA,1065,915,1215,NA,NA,NA,NA,NA,NA,NA,NA
"1250","LNG_GH2","PDP8",2025,0,1065,915,1215,0,0,0,NA,NA,NA,NA,NA
"1251","LNG_GH2","PDP8",2026,0,1065,915,1215,0,0,0,0,0,0,0,0
"1252","LNG_GH2","PDP8",2027,0,1065,915,1215,0,0,0,0,0,0,0,0
"1253","LNG_GH2","PDP8",2028,0,1065,915,1215,0,0,0,0,0,0,0,0
"1254","LNG_GH2","PDP8",2029,0,1065,915,1215,0,0,0,0,0,0,0,0
"1255","LNG_GH2","PDP8",2030,0,979,829,1129,0,0,0,0,0,0,0,0
"1256","LNG_GH2","PDP8",2031,0,979,829,1129,0,0,0,0,0,0,0,0
"1257","LNG_GH2","PDP8",2032,0,979,829,1129,0,0,0,0,0,0,0,0
"1258","LNG_GH2","PDP8",2033,0,979,829,1129,0,0,0,0,0,0,0,0
"1259","LNG_GH2","PDP8",2034,0,979,829,1129,0,0,0,0,0,0,0,0
"1260","LNG_GH2","PDP8",2035,0,979,829,1129,0,0,0,0,0,0,0,0
"1261","LNG_GH2","PDP8",2036,0,979,829,1129,0,0,0,0,0,0,0,0
"1262","LNG_GH2","PDP8",2037,0,979,829,1129,0,0,0,0,0,0,0,0
"1263","LNG_GH2","PDP8",2038,0,979,829,1129,0,0,0,0,0,0,0,0
"1264","LNG_GH2","PDP8",2039,0,979,829,1129,0,0,0,0,0,0,0,0
"1265","LNG_GH2","PDP8",2040,0,979,829,1129,0,0,0,0,0,0,0,0
"1266","LNG_GH2","PDP8",2041,0,979,829,1129,0,0,0,0,0,0,0,0
"1267","LNG_GH2","PDP8",2042,0,979,829,1129,0,0,0,0,0,0,0,0
"1268","LNG_GH2","PDP8",2043,0,979,829,1129,0,0,0,0,0,0,0,0
"1269","LNG_GH2","PDP8",2044,0,979,829,1129,0,0,0,0,0,0,0,0
"1270","LNG_GH2","PDP8",2045,0,979,829,1129,0,0,0,0,0,0,0,0
"1271","LNG_GH2","PDP8",2046,0,979,829,1129,0,0,0,0,0,0,0,0
"1272","LNG_GH2","PDP8",2047,0,979,829,1129,0,0,0,0,0,0,0,0
"1273","LNG_GH2","PDP8",2048,0,979,829,1129,0,0,0,0,0,0,0,0
"1274","LNG_GH2","PDP8",2049,0,979,829,1129,0,0,0,0,0,0,0,0
"1275","LNG_GH2","PDP8",2050,0,979,829,1129,0,0,0,0,0,0,0,0
"1276","LNG_GH2","PDP8_rev_low",2000,NA,NA,NA,NA,NA,NA,NA,NA,NA,NA,NA,NA
"1277","LNG_GH2","PDP8_rev_low",2001,NA,NA,NA,NA,NA,NA,NA,NA,NA,NA,NA,NA
"1278","LNG_GH2","PDP8_rev_low",2002,NA,NA,NA,NA,NA,NA,NA,NA,NA,NA,NA,NA
"1279","LNG_GH2","PDP8_rev_low",2003,NA,NA,NA,NA,NA,NA,NA,NA,NA,NA,NA,NA
"1280","LNG_GH2","PDP8_rev_low",2004,NA,NA,NA,NA,NA,NA,NA,NA,NA,NA,NA,NA
"1281","LNG_GH2","PDP8_rev_low",2005,NA,NA,NA,NA,NA,NA,NA,NA,NA,NA,NA,NA
"1282","LNG_GH2","PDP8_rev_low",2006,NA,NA,NA,NA,NA,NA,NA,NA,NA,NA,NA,NA
"1283","LNG_GH2","PDP8_rev_low",2007,NA,NA,NA,NA,NA,NA,NA,NA,NA,NA,NA,NA
"1284","LNG_GH2","PDP8_rev_low",2008,NA,NA,NA,NA,NA,NA,NA,NA,NA,NA,NA,NA
"1285","LNG_GH2","PDP8_rev_low",2009,NA,NA,NA,NA,NA,NA,NA,NA,NA,NA,NA,NA
"1286","LNG_GH2","PDP8_rev_low",2010,NA,NA,NA,NA,NA,NA,NA,NA,NA,NA,NA,NA
"1287","LNG_GH2","PDP8_rev_low",2011,NA,NA,NA,NA,NA,NA,NA,NA,NA,NA,NA,NA
"1288","LNG_GH2","PDP8_rev_low",2012,NA,NA,NA,NA,NA,NA,NA,NA,NA,NA,NA,NA
"1289","LNG_GH2","PDP8_rev_low",2013,NA,NA,NA,NA,NA,NA,NA,NA,NA,NA,NA,NA
"1290","LNG_GH2","PDP8_rev_low",2014,NA,NA,NA,NA,NA,NA,NA,NA,NA,NA,NA,NA
"1291","LNG_GH2","PDP8_rev_low",2015,NA,NA,NA,NA,NA,NA,NA,NA,NA,NA,NA,NA
"1292","LNG_GH2","PDP8_rev_low",2016,NA,NA,NA,NA,NA,NA,NA,NA,NA,NA,NA,NA
"1293","LNG_GH2","PDP8_rev_low",2017,NA,NA,NA,NA,NA,NA,NA,NA,NA,NA,NA,NA
"1294","LNG_GH2","PDP8_rev_low",2018,NA,NA,NA,NA,NA,NA,NA,NA,NA,NA,NA,NA
"1295","LNG_GH2","PDP8_rev_low",2019,NA,NA,NA,NA,NA,NA,NA,NA,NA,NA,NA,NA
"1296","LNG_GH2","PDP8_rev_low",2020,NA,1065,915,1215,NA,NA,NA,NA,NA,NA,NA,NA
"1297","LNG_GH2","PDP8_rev_low",2021,NA,1065,915,1215,NA,NA,NA,NA,NA,NA,NA,NA
"1298","LNG_GH2","PDP8_rev_low",2022,NA,1065,915,1215,NA,NA,NA,NA,NA,NA,NA,NA
"1299","LNG_GH2","PDP8_rev_low",2023,NA,1065,915,1215,NA,NA,NA,NA,NA,NA,NA,NA
"1300","LNG_GH2","PDP8_rev_low",2024,NA,1065,915,1215,NA,NA,NA,NA,NA,NA,NA,NA
"1301","LNG_GH2","PDP8_rev_low",2025,0,1065,915,1215,0,0,0,NA,NA,NA,NA,NA
"1302","LNG_GH2","PDP8_rev_low",2026,0,1065,915,1215,0,0,0,0,0,0,0,0
"1303","LNG_GH2","PDP8_rev_low",2027,0,1065,915,1215,0,0,0,0,0,0,0,0
"1304","LNG_GH2","PDP8_rev_low",2028,0,1065,915,1215,0,0,0,0,0,0,0,0
"1305","LNG_GH2","PDP8_rev_low",2029,0,1065,915,1215,0,0,0,0,0,0,0,0
"1306","LNG_GH2","PDP8_rev_low",2030,0,979,829,1129,0,0,0,0,0,0,0,0
"1307","LNG_GH2","PDP8_rev_low",2031,910,979,829,1129,890.89,754.39,1027.39,910,890.89,754.39,1027.39,0.91
"1308","LNG_GH2","PDP8_rev_low",2032,1820,979,829,1129,1781.78,1508.78,2054.78,910,890.89,754.39,1027.39,0.91
"1309","LNG_GH2","PDP8_rev_low",2033,2730,979,829,1129,2672.67,2263.17,3082.17,910,890.89,754.39,1027.39,0.91
"1310","LNG_GH2","PDP8_rev_low",2034,3640,979,829,1129,3563.56,3017.56,4109.56,910,890.89,754.39,1027.39,0.91
"1311","LNG_GH2","PDP8_rev_low",2035,4550,979,829,1129,4454.45,3771.95,5136.95,910,890.89,754.39,1027.39,0.91
"1312","LNG_GH2","PDP8_rev_low",2036,5460,979,829,1129,5345.34,4526.34,6164.34,910,890.89,754.39,1027.39,0.91
"1313","LNG_GH2","PDP8_rev_low",2037,6370,979,829,1129,6236.23,5280.73,7191.73,910,890.89,754.39,1027.39,0.91
"1314","LNG_GH2","PDP8_rev_low",2038,7280,979,829,1129,7127.12,6035.12,8219.12,910,890.89,754.39,1027.39,0.91
"1315","LNG_GH2","PDP8_rev_low",2039,8190,979,829,1129,8018.01,6789.51,9246.51,910,890.89,754.39,1027.39,0.91
"1316","LNG_GH2","PDP8_rev_low",2040,9100,979,829,1129,8908.9,7543.9,10273.9,910,890.89,754.39,1027.39,0.91
"1317","LNG_GH2","PDP8_rev_low",2041,10010,979,829,1129,9799.79,8298.29,11301.29,910,890.89,754.39,1027.39,0.91
"1318","LNG_GH2","PDP8_rev_low",2042,10920,979,829,1129,10690.68,9052.68,12328.68,910,890.89,754.39,1027.39,0.91
"1319","LNG_GH2","PDP8_rev_low",2043,11830,979,829,1129,11581.57,9807.07,13356.07,910,890.89,754.39,1027.39,0.91
"1320","LNG_GH2","PDP8_rev_low",2044,12740,979,829,1129,12472.46,10561.46,14383.46,910,890.89,754.39,1027.39,0.91
"1321","LNG_GH2","PDP8_rev_low",2045,13650,979,829,1129,13363.35,11315.85,15410.85,910,890.89,754.39,1027.39,0.91
"1322","LNG_GH2","PDP8_rev_low",2046,14560,979,829,1129,14254.24,12070.24,16438.24,910,890.89,754.39,1027.39,0.91
"1323","LNG_GH2","PDP8_rev_low",2047,15470,979,829,1129,15145.13,12824.63,17465.63,910,890.89,754.39,1027.39,0.91
"1324","LNG_GH2","PDP8_rev_low",2048,16380,979,829,1129,16036.02,13579.02,18493.02,910,890.89,754.39,1027.39,0.91
"1325","LNG_GH2","PDP8_rev_low",2049,17290,979,829,1129,16926.91,14333.41,19520.41,910,890.89,754.39,1027.39,0.91
"1326","LNG_GH2","PDP8_rev_low",2050,18200,979,829,1129,17817.8,15087.8,20547.8,910,890.89,754.39,1027.39,0.91
"1327","LNG_GH2","PDP8_rev_high",2000,NA,NA,NA,NA,NA,NA,NA,NA,NA,NA,NA,NA
"1328","LNG_GH2","PDP8_rev_high",2001,NA,NA,NA,NA,NA,NA,NA,NA,NA,NA,NA,NA
"1329","LNG_GH2","PDP8_rev_high",2002,NA,NA,NA,NA,NA,NA,NA,NA,NA,NA,NA,NA
"1330","LNG_GH2","PDP8_rev_high",2003,NA,NA,NA,NA,NA,NA,NA,NA,NA,NA,NA,NA
"1331","LNG_GH2","PDP8_rev_high",2004,NA,NA,NA,NA,NA,NA,NA,NA,NA,NA,NA,NA
"1332","LNG_GH2","PDP8_rev_high",2005,NA,NA,NA,NA,NA,NA,NA,NA,NA,NA,NA,NA
"1333","LNG_GH2","PDP8_rev_high",2006,NA,NA,NA,NA,NA,NA,NA,NA,NA,NA,NA,NA
"1334","LNG_GH2","PDP8_rev_high",2007,NA,NA,NA,NA,NA,NA,NA,NA,NA,NA,NA,NA
"1335","LNG_GH2","PDP8_rev_high",2008,NA,NA,NA,NA,NA,NA,NA,NA,NA,NA,NA,NA
"1336","LNG_GH2","PDP8_rev_high",2009,NA,NA,NA,NA,NA,NA,NA,NA,NA,NA,NA,NA
"1337","LNG_GH2","PDP8_rev_high",2010,NA,NA,NA,NA,NA,NA,NA,NA,NA,NA,NA,NA
"1338","LNG_GH2","PDP8_rev_high",2011,NA,NA,NA,NA,NA,NA,NA,NA,NA,NA,NA,NA
"1339","LNG_GH2","PDP8_rev_high",2012,NA,NA,NA,NA,NA,NA,NA,NA,NA,NA,NA,NA
"1340","LNG_GH2","PDP8_rev_high",2013,NA,NA,NA,NA,NA,NA,NA,NA,NA,NA,NA,NA
"1341","LNG_GH2","PDP8_rev_high",2014,NA,NA,NA,NA,NA,NA,NA,NA,NA,NA,NA,NA
"1342","LNG_GH2","PDP8_rev_high",2015,NA,NA,NA,NA,NA,NA,NA,NA,NA,NA,NA,NA
"1343","LNG_GH2","PDP8_rev_high",2016,NA,NA,NA,NA,NA,NA,NA,NA,NA,NA,NA,NA
"1344","LNG_GH2","PDP8_rev_high",2017,NA,NA,NA,NA,NA,NA,NA,NA,NA,NA,NA,NA
"1345","LNG_GH2","PDP8_rev_high",2018,NA,NA,NA,NA,NA,NA,NA,NA,NA,NA,NA,NA
"1346","LNG_GH2","PDP8_rev_high",2019,NA,NA,NA,NA,NA,NA,NA,NA,NA,NA,NA,NA
"1347","LNG_GH2","PDP8_rev_high",2020,NA,1065,915,1215,NA,NA,NA,NA,NA,NA,NA,NA
"1348","LNG_GH2","PDP8_rev_high",2021,NA,1065,915,1215,NA,NA,NA,NA,NA,NA,NA,NA
"1349","LNG_GH2","PDP8_rev_high",2022,NA,1065,915,1215,NA,NA,NA,NA,NA,NA,NA,NA
"1350","LNG_GH2","PDP8_rev_high",2023,NA,1065,915,1215,NA,NA,NA,NA,NA,NA,NA,NA
"1351","LNG_GH2","PDP8_rev_high",2024,NA,1065,915,1215,NA,NA,NA,NA,NA,NA,NA,NA
"1352","LNG_GH2","PDP8_rev_high",2025,0,1065,915,1215,0,0,0,NA,NA,NA,NA,NA
"1353","LNG_GH2","PDP8_rev_high",2026,0,1065,915,1215,0,0,0,0,0,0,0,0
"1354","LNG_GH2","PDP8_rev_high",2027,0,1065,915,1215,0,0,0,0,0,0,0,0
"1355","LNG_GH2","PDP8_rev_high",2028,0,1065,915,1215,0,0,0,0,0,0,0,0
"1356","LNG_GH2","PDP8_rev_high",2029,0,1065,915,1215,0,0,0,0,0,0,0,0
"1357","LNG_GH2","PDP8_rev_high",2030,0,979,829,1129,0,0,0,0,0,0,0,0
"1358","LNG_GH2","PDP8_rev_high",2031,1306.15,979,829,1129,1278.72085,1082.79835,1474.64335,1306.15,1278.72085,1082.79835,1474.64335,1.30615
"1359","LNG_GH2","PDP8_rev_high",2032,2612.3,979,829,1129,2557.4417,2165.5967,2949.2867,1306.15,1278.72085,1082.79835,1474.64335,1.30615
"1360","LNG_GH2","PDP8_rev_high",2033,3918.45,979,829,1129,3836.16255,3248.39505,4423.93005,1306.15,1278.72085,1082.79835,1474.64335,1.30615
"1361","LNG_GH2","PDP8_rev_high",2034,5224.6,979,829,1129,5114.8834,4331.1934,5898.5734,1306.15,1278.72085,1082.79835,1474.64335,1.30615
"1362","LNG_GH2","PDP8_rev_high",2035,6530.75,979,829,1129,6393.60425,5413.99175,7373.21675,1306.15,1278.72085,1082.79835,1474.64335,1.30615
"1363","LNG_GH2","PDP8_rev_high",2036,7836.9,979,829,1129,7672.3251,6496.7901,8847.8601,1306.15,1278.72085,1082.79835,1474.64335,1.30615
"1364","LNG_GH2","PDP8_rev_high",2037,9143.05,979,829,1129,8951.04595,7579.58845,10322.50345,1306.15,1278.72085,1082.79835,1474.64335,1.30615
"1365","LNG_GH2","PDP8_rev_high",2038,10449.2,979,829,1129,10229.7668,8662.3868,11797.1468,1306.15,1278.72085,1082.79835,1474.64335,1.30615
"1366","LNG_GH2","PDP8_rev_high",2039,11755.35,979,829,1129,11508.48765,9745.18515,13271.79015,1306.15,1278.72085,1082.79835,1474.64335,1.30615
"1367","LNG_GH2","PDP8_rev_high",2040,13061.5,979,829,1129,12787.2085,10827.9835,14746.4335,1306.15,1278.72085,1082.79835,1474.64335,1.30615
"1368","LNG_GH2","PDP8_rev_high",2041,14367.65,979,829,1129,14065.92935,11910.78185,16221.07685,1306.15,1278.72085,1082.79835,1474.64335,1.30615
"1369","LNG_GH2","PDP8_rev_high",2042,15673.8,979,829,1129,15344.6502,12993.5802,17695.7202,1306.15,1278.72085,1082.79835,1474.64335,1.30615
"1370","LNG_GH2","PDP8_rev_high",2043,16979.95,979,829,1129,16623.37105,14076.37855,19170.36355,1306.15,1278.72085,1082.79835,1474.64335,1.30615
"1371","LNG_GH2","PDP8_rev_high",2044,18286.1,979,829,1129,17902.0919,15159.1769,20645.0069,1306.15,1278.72085,1082.79835,1474.64335,1.30615
"1372","LNG_GH2","PDP8_rev_high",2045,19592.25,979,829,1129,19180.81275,16241.97525,22119.65025,1306.15,1278.72085,1082.79835,1474.64335,1.30615
"1373","LNG_GH2","PDP8_rev_high",2046,20898.4,979,829,1129,20459.5336,17324.7736,23594.2936,1306.15,1278.72085,1082.79835,1474.64335,1.30615
"1374","LNG_GH2","PDP8_rev_high",2047,22204.55,979,829,1129,21738.25445,18407.57195,25068.93695,1306.15,1278.72085,1082.79835,1474.64335,1.30615
"1375","LNG_GH2","PDP8_rev_high",2048,23510.7,979,829,1129,23016.9753,19490.3703,26543.5803,1306.15,1278.72085,1082.79835,1474.64335,1.30615
"1376","LNG_GH2","PDP8_rev_high",2049,24816.85,979,829,1129,24295.69615,20573.16865,28018.22365,1306.15,1278.72085,1082.79835,1474.64335,1.30615
"1377","LNG_GH2","PDP8_rev_high",2050,26123,979,829,1129,25574.417,21655.967,29492.867,1306.15,1278.72085,1082.79835,1474.64335,1.30615
"1378","LNG_H2","PDP8",2000,NA,NA,NA,NA,NA,NA,NA,NA,NA,NA,NA,NA
"1379","LNG_H2","PDP8",2001,NA,NA,NA,NA,NA,NA,NA,NA,NA,NA,NA,NA
"1380","LNG_H2","PDP8",2002,NA,NA,NA,NA,NA,NA,NA,NA,NA,NA,NA,NA
"1381","LNG_H2","PDP8",2003,NA,NA,NA,NA,NA,NA,NA,NA,NA,NA,NA,NA
"1382","LNG_H2","PDP8",2004,NA,NA,NA,NA,NA,NA,NA,NA,NA,NA,NA,NA
"1383","LNG_H2","PDP8",2005,NA,NA,NA,NA,NA,NA,NA,NA,NA,NA,NA,NA
"1384","LNG_H2","PDP8",2006,NA,NA,NA,NA,NA,NA,NA,NA,NA,NA,NA,NA
"1385","LNG_H2","PDP8",2007,NA,NA,NA,NA,NA,NA,NA,NA,NA,NA,NA,NA
"1386","LNG_H2","PDP8",2008,NA,NA,NA,NA,NA,NA,NA,NA,NA,NA,NA,NA
"1387","LNG_H2","PDP8",2009,NA,NA,NA,NA,NA,NA,NA,NA,NA,NA,NA,NA
"1388","LNG_H2","PDP8",2010,NA,NA,NA,NA,NA,NA,NA,NA,NA,NA,NA,NA
"1389","LNG_H2","PDP8",2011,NA,NA,NA,NA,NA,NA,NA,NA,NA,NA,NA,NA
"1390","LNG_H2","PDP8",2012,NA,NA,NA,NA,NA,NA,NA,NA,NA,NA,NA,NA
"1391","LNG_H2","PDP8",2013,NA,NA,NA,NA,NA,NA,NA,NA,NA,NA,NA,NA
"1392","LNG_H2","PDP8",2014,NA,NA,NA,NA,NA,NA,NA,NA,NA,NA,NA,NA
"1393","LNG_H2","PDP8",2015,NA,NA,NA,NA,NA,NA,NA,NA,NA,NA,NA,NA
"1394","LNG_H2","PDP8",2016,NA,NA,NA,NA,NA,NA,NA,NA,NA,NA,NA,NA
"1395","LNG_H2","PDP8",2017,NA,NA,NA,NA,NA,NA,NA,NA,NA,NA,NA,NA
"1396","LNG_H2","PDP8",2018,NA,NA,NA,NA,NA,NA,NA,NA,NA,NA,NA,NA
"1397","LNG_H2","PDP8",2019,NA,NA,NA,NA,NA,NA,NA,NA,NA,NA,NA,NA
"1398","LNG_H2","PDP8",2020,NA,1065,915,1215,NA,NA,NA,NA,NA,NA,NA,NA
"1399","LNG_H2","PDP8",2021,NA,1065,915,1215,NA,NA,NA,NA,NA,NA,NA,NA
"1400","LNG_H2","PDP8",2022,NA,1065,915,1215,NA,NA,NA,NA,NA,NA,NA,NA
"1401","LNG_H2","PDP8",2023,NA,1065,915,1215,NA,NA,NA,NA,NA,NA,NA,NA
"1402","LNG_H2","PDP8",2024,NA,1065,915,1215,NA,NA,NA,NA,NA,NA,NA,NA
"1403","LNG_H2","PDP8",2025,0,1065,915,1215,0,0,0,NA,NA,NA,NA,NA
"1404","LNG_H2","PDP8",2026,0,1065,915,1215,0,0,0,0,0,0,0,0
"1405","LNG_H2","PDP8",2027,0,1065,915,1215,0,0,0,0,0,0,0,0
"1406","LNG_H2","PDP8",2028,0,1065,915,1215,0,0,0,0,0,0,0,0
"1407","LNG_H2","PDP8",2029,0,1065,915,1215,0,0,0,0,0,0,0,0
"1408","LNG_H2","PDP8",2030,0,979,829,1129,0,0,0,0,0,0,0,0
"1409","LNG_H2","PDP8",2031,0,979,829,1129,0,0,0,0,0,0,0,0
"1410","LNG_H2","PDP8",2032,0,979,829,1129,0,0,0,0,0,0,0,0
"1411","LNG_H2","PDP8",2033,0,979,829,1129,0,0,0,0,0,0,0,0
"1412","LNG_H2","PDP8",2034,0,979,829,1129,0,0,0,0,0,0,0,0
"1413","LNG_H2","PDP8",2035,0,979,829,1129,0,0,0,0,0,0,0,0
"1414","LNG_H2","PDP8",2036,0,979,829,1129,0,0,0,0,0,0,0,0
"1415","LNG_H2","PDP8",2037,0,979,829,1129,0,0,0,0,0,0,0,0
"1416","LNG_H2","PDP8",2038,0,979,829,1129,0,0,0,0,0,0,0,0
"1417","LNG_H2","PDP8",2039,0,979,829,1129,0,0,0,0,0,0,0,0
"1418","LNG_H2","PDP8",2040,0,979,829,1129,0,0,0,0,0,0,0,0
"1419","LNG_H2","PDP8",2041,0,979,829,1129,0,0,0,0,0,0,0,0
"1420","LNG_H2","PDP8",2042,0,979,829,1129,0,0,0,0,0,0,0,0
"1421","LNG_H2","PDP8",2043,0,979,829,1129,0,0,0,0,0,0,0,0
"1422","LNG_H2","PDP8",2044,0,979,829,1129,0,0,0,0,0,0,0,0
"1423","LNG_H2","PDP8",2045,0,979,829,1129,0,0,0,0,0,0,0,0
"1424","LNG_H2","PDP8",2046,0,979,829,1129,0,0,0,0,0,0,0,0
"1425","LNG_H2","PDP8",2047,0,979,829,1129,0,0,0,0,0,0,0,0
"1426","LNG_H2","PDP8",2048,0,979,829,1129,0,0,0,0,0,0,0,0
"1427","LNG_H2","PDP8",2049,0,979,829,1129,0,0,0,0,0,0,0,0
"1428","LNG_H2","PDP8",2050,0,979,829,1129,0,0,0,0,0,0,0,0
"1429","LNG_H2","PDP8_rev_low",2000,NA,NA,NA,NA,NA,NA,NA,NA,NA,NA,NA,NA
"1430","LNG_H2","PDP8_rev_low",2001,NA,NA,NA,NA,NA,NA,NA,NA,NA,NA,NA,NA
"1431","LNG_H2","PDP8_rev_low",2002,NA,NA,NA,NA,NA,NA,NA,NA,NA,NA,NA,NA
"1432","LNG_H2","PDP8_rev_low",2003,NA,NA,NA,NA,NA,NA,NA,NA,NA,NA,NA,NA
"1433","LNG_H2","PDP8_rev_low",2004,NA,NA,NA,NA,NA,NA,NA,NA,NA,NA,NA,NA
"1434","LNG_H2","PDP8_rev_low",2005,NA,NA,NA,NA,NA,NA,NA,NA,NA,NA,NA,NA
"1435","LNG_H2","PDP8_rev_low",2006,NA,NA,NA,NA,NA,NA,NA,NA,NA,NA,NA,NA
"1436","LNG_H2","PDP8_rev_low",2007,NA,NA,NA,NA,NA,NA,NA,NA,NA,NA,NA,NA
"1437","LNG_H2","PDP8_rev_low",2008,NA,NA,NA,NA,NA,NA,NA,NA,NA,NA,NA,NA
"1438","LNG_H2","PDP8_rev_low",2009,NA,NA,NA,NA,NA,NA,NA,NA,NA,NA,NA,NA
"1439","LNG_H2","PDP8_rev_low",2010,NA,NA,NA,NA,NA,NA,NA,NA,NA,NA,NA,NA
"1440","LNG_H2","PDP8_rev_low",2011,NA,NA,NA,NA,NA,NA,NA,NA,NA,NA,NA,NA
"1441","LNG_H2","PDP8_rev_low",2012,NA,NA,NA,NA,NA,NA,NA,NA,NA,NA,NA,NA
"1442","LNG_H2","PDP8_rev_low",2013,NA,NA,NA,NA,NA,NA,NA,NA,NA,NA,NA,NA
"1443","LNG_H2","PDP8_rev_low",2014,NA,NA,NA,NA,NA,NA,NA,NA,NA,NA,NA,NA
"1444","LNG_H2","PDP8_rev_low",2015,NA,NA,NA,NA,NA,NA,NA,NA,NA,NA,NA,NA
"1445","LNG_H2","PDP8_rev_low",2016,NA,NA,NA,NA,NA,NA,NA,NA,NA,NA,NA,NA
"1446","LNG_H2","PDP8_rev_low",2017,NA,NA,NA,NA,NA,NA,NA,NA,NA,NA,NA,NA
"1447","LNG_H2","PDP8_rev_low",2018,NA,NA,NA,NA,NA,NA,NA,NA,NA,NA,NA,NA
"1448","LNG_H2","PDP8_rev_low",2019,NA,NA,NA,NA,NA,NA,NA,NA,NA,NA,NA,NA
"1449","LNG_H2","PDP8_rev_low",2020,NA,1065,915,1215,NA,NA,NA,NA,NA,NA,NA,NA
"1450","LNG_H2","PDP8_rev_low",2021,NA,1065,915,1215,NA,NA,NA,NA,NA,NA,NA,NA
"1451","LNG_H2","PDP8_rev_low",2022,NA,1065,915,1215,NA,NA,NA,NA,NA,NA,NA,NA
"1452","LNG_H2","PDP8_rev_low",2023,NA,1065,915,1215,NA,NA,NA,NA,NA,NA,NA,NA
"1453","LNG_H2","PDP8_rev_low",2024,NA,1065,915,1215,NA,NA,NA,NA,NA,NA,NA,NA
"1454","LNG_H2","PDP8_rev_low",2025,0,1065,915,1215,0,0,0,NA,NA,NA,NA,NA
"1455","LNG_H2","PDP8_rev_low",2026,0,1065,915,1215,0,0,0,0,0,0,0,0
"1456","LNG_H2","PDP8_rev_low",2027,0,1065,915,1215,0,0,0,0,0,0,0,0
"1457","LNG_H2","PDP8_rev_low",2028,0,1065,915,1215,0,0,0,0,0,0,0,0
"1458","LNG_H2","PDP8_rev_low",2029,0,1065,915,1215,0,0,0,0,0,0,0,0
"1459","LNG_H2","PDP8_rev_low",2030,0,979,829,1129,0,0,0,0,0,0,0,0
"1460","LNG_H2","PDP8_rev_low",2031,428.8,979,829,1129,419.7952,355.4752,484.1152,428.8,419.7952,355.4752,484.1152,0.4288
"1461","LNG_H2","PDP8_rev_low",2032,857.6,979,829,1129,839.5904,710.9504,968.2304,428.8,419.7952,355.4752,484.1152,0.4288
"1462","LNG_H2","PDP8_rev_low",2033,1286.4,979,829,1129,1259.3856,1066.4256,1452.3456,428.8,419.7952,355.4752,484.1152,0.4288
"1463","LNG_H2","PDP8_rev_low",2034,1715.2,979,829,1129,1679.1808,1421.9008,1936.4608,428.8,419.7952,355.4752,484.1152,0.4288
"1464","LNG_H2","PDP8_rev_low",2035,2144,979,829,1129,2098.976,1777.376,2420.576,428.8,419.7952,355.4752,484.1152,0.4288
"1465","LNG_H2","PDP8_rev_low",2036,2572.8,979,829,1129,2518.7712,2132.8512,2904.6912,428.8,419.7952,355.4752,484.1152,0.4288
"1466","LNG_H2","PDP8_rev_low",2037,3001.6,979,829,1129,2938.5664,2488.3264,3388.8064,428.8,419.7952,355.4752,484.1152,0.4288
"1467","LNG_H2","PDP8_rev_low",2038,3430.4,979,829,1129,3358.3616,2843.8016,3872.9216,428.8,419.7952,355.4752,484.1152,0.4288
"1468","LNG_H2","PDP8_rev_low",2039,3859.2,979,829,1129,3778.1568,3199.2768,4357.0368,428.8,419.7952,355.4752,484.1152,0.4288
"1469","LNG_H2","PDP8_rev_low",2040,4288,979,829,1129,4197.952,3554.752,4841.152,428.8,419.7952,355.4752,484.1152,0.4288
"1470","LNG_H2","PDP8_rev_low",2041,4716.8,979,829,1129,4617.7472,3910.2272,5325.2672,428.8,419.7952,355.4752,484.1152,0.4288
"1471","LNG_H2","PDP8_rev_low",2042,5145.6,979,829,1129,5037.5424,4265.7024,5809.3824,428.799999999999,419.795199999999,355.475199999999,484.115199999999,0.428799999999999
"1472","LNG_H2","PDP8_rev_low",2043,5574.4,979,829,1129,5457.3376,4621.1776,6293.4976,428.800000000001,419.795200000001,355.475200000001,484.115200000001,0.428800000000001
"1473","LNG_H2","PDP8_rev_low",2044,6003.2,979,829,1129,5877.1328,4976.6528,6777.6128,428.799999999999,419.795199999999,355.475199999999,484.115199999999,0.428799999999999
"1474","LNG_H2","PDP8_rev_low",2045,6432,979,829,1129,6296.928,5332.128,7261.728,428.8,419.7952,355.4752,484.1152,0.4288
"1475","LNG_H2","PDP8_rev_low",2046,6860.8,979,829,1129,6716.7232,5687.6032,7745.8432,428.8,419.7952,355.4752,484.1152,0.4288
"1476","LNG_H2","PDP8_rev_low",2047,7289.6,979,829,1129,7136.5184,6043.0784,8229.9584,428.799999999999,419.795199999999,355.475199999999,484.115199999999,0.428799999999999
"1477","LNG_H2","PDP8_rev_low",2048,7718.4,979,829,1129,7556.3136,6398.5536,8714.0736,428.800000000001,419.795200000001,355.475200000001,484.115200000001,0.428800000000001
"1478","LNG_H2","PDP8_rev_low",2049,8147.2,979,829,1129,7976.1088,6754.0288,9198.1888,428.799999999999,419.795199999999,355.475199999999,484.115199999999,0.428799999999999
"1479","LNG_H2","PDP8_rev_low",2050,8576,979,829,1129,8395.904,7109.504,9682.304,428.8,419.7952,355.4752,484.1152,0.4288
"1480","LNG_H2","PDP8_rev_high",2000,NA,NA,NA,NA,NA,NA,NA,NA,NA,NA,NA,NA
"1481","LNG_H2","PDP8_rev_high",2001,NA,NA,NA,NA,NA,NA,NA,NA,NA,NA,NA,NA
"1482","LNG_H2","PDP8_rev_high",2002,NA,NA,NA,NA,NA,NA,NA,NA,NA,NA,NA,NA
"1483","LNG_H2","PDP8_rev_high",2003,NA,NA,NA,NA,NA,NA,NA,NA,NA,NA,NA,NA
"1484","LNG_H2","PDP8_rev_high",2004,NA,NA,NA,NA,NA,NA,NA,NA,NA,NA,NA,NA
"1485","LNG_H2","PDP8_rev_high",2005,NA,NA,NA,NA,NA,NA,NA,NA,NA,NA,NA,NA
"1486","LNG_H2","PDP8_rev_high",2006,NA,NA,NA,NA,NA,NA,NA,NA,NA,NA,NA,NA
"1487","LNG_H2","PDP8_rev_high",2007,NA,NA,NA,NA,NA,NA,NA,NA,NA,NA,NA,NA
"1488","LNG_H2","PDP8_rev_high",2008,NA,NA,NA,NA,NA,NA,NA,NA,NA,NA,NA,NA
"1489","LNG_H2","PDP8_rev_high",2009,NA,NA,NA,NA,NA,NA,NA,NA,NA,NA,NA,NA
"1490","LNG_H2","PDP8_rev_high",2010,NA,NA,NA,NA,NA,NA,NA,NA,NA,NA,NA,NA
"1491","LNG_H2","PDP8_rev_high",2011,NA,NA,NA,NA,NA,NA,NA,NA,NA,NA,NA,NA
"1492","LNG_H2","PDP8_rev_high",2012,NA,NA,NA,NA,NA,NA,NA,NA,NA,NA,NA,NA
"1493","LNG_H2","PDP8_rev_high",2013,NA,NA,NA,NA,NA,NA,NA,NA,NA,NA,NA,NA
"1494","LNG_H2","PDP8_rev_high",2014,NA,NA,NA,NA,NA,NA,NA,NA,NA,NA,NA,NA
"1495","LNG_H2","PDP8_rev_high",2015,NA,NA,NA,NA,NA,NA,NA,NA,NA,NA,NA,NA
"1496","LNG_H2","PDP8_rev_high",2016,NA,NA,NA,NA,NA,NA,NA,NA,NA,NA,NA,NA
"1497","LNG_H2","PDP8_rev_high",2017,NA,NA,NA,NA,NA,NA,NA,NA,NA,NA,NA,NA
"1498","LNG_H2","PDP8_rev_high",2018,NA,NA,NA,NA,NA,NA,NA,NA,NA,NA,NA,NA
"1499","LNG_H2","PDP8_rev_high",2019,NA,NA,NA,NA,NA,NA,NA,NA,NA,NA,NA,NA
"1500","LNG_H2","PDP8_rev_high",2020,NA,1065,915,1215,NA,NA,NA,NA,NA,NA,NA,NA
"1501","LNG_H2","PDP8_rev_high",2021,NA,1065,915,1215,NA,NA,NA,NA,NA,NA,NA,NA
"1502","LNG_H2","PDP8_rev_high",2022,NA,1065,915,1215,NA,NA,NA,NA,NA,NA,NA,NA
"1503","LNG_H2","PDP8_rev_high",2023,NA,1065,915,1215,NA,NA,NA,NA,NA,NA,NA,NA
"1504","LNG_H2","PDP8_rev_high",2024,NA,1065,915,1215,NA,NA,NA,NA,NA,NA,NA,NA
"1505","LNG_H2","PDP8_rev_high",2025,0,1065,915,1215,0,0,0,NA,NA,NA,NA,NA
"1506","LNG_H2","PDP8_rev_high",2026,0,1065,915,1215,0,0,0,0,0,0,0,0
"1507","LNG_H2","PDP8_rev_high",2027,0,1065,915,1215,0,0,0,0,0,0,0,0
"1508","LNG_H2","PDP8_rev_high",2028,0,1065,915,1215,0,0,0,0,0,0,0,0
"1509","LNG_H2","PDP8_rev_high",2029,0,1065,915,1215,0,0,0,0,0,0,0,0
"1510","LNG_H2","PDP8_rev_high",2030,0,979,829,1129,0,0,0,0,0,0,0,0
"1511","LNG_H2","PDP8_rev_high",2031,566.25,979,829,1129,554.35875,469.42125,639.29625,566.25,554.35875,469.42125,639.29625,0.56625
"1512","LNG_H2","PDP8_rev_high",2032,1132.5,979,829,1129,1108.7175,938.8425,1278.5925,566.25,554.35875,469.42125,639.29625,0.56625
"1513","LNG_H2","PDP8_rev_high",2033,1698.75,979,829,1129,1663.07625,1408.26375,1917.88875,566.25,554.35875,469.42125,639.29625,0.56625
"1514","LNG_H2","PDP8_rev_high",2034,2265,979,829,1129,2217.435,1877.685,2557.185,566.25,554.35875,469.42125,639.29625,0.56625
"1515","LNG_H2","PDP8_rev_high",2035,2831.25,979,829,1129,2771.79375,2347.10625,3196.48125,566.25,554.35875,469.42125,639.29625,0.56625
"1516","LNG_H2","PDP8_rev_high",2036,3397.5,979,829,1129,3326.1525,2816.5275,3835.7775,566.25,554.35875,469.42125,639.29625,0.56625
"1517","LNG_H2","PDP8_rev_high",2037,3963.75,979,829,1129,3880.51125,3285.94875,4475.07375,566.25,554.35875,469.42125,639.29625,0.56625
"1518","LNG_H2","PDP8_rev_high",2038,4530,979,829,1129,4434.87,3755.37,5114.37,566.25,554.35875,469.42125,639.29625,0.56625
"1519","LNG_H2","PDP8_rev_high",2039,5096.25,979,829,1129,4989.22875,4224.79125,5753.66625,566.25,554.35875,469.42125,639.29625,0.56625
"1520","LNG_H2","PDP8_rev_high",2040,5662.5,979,829,1129,5543.5875,4694.2125,6392.9625,566.25,554.35875,469.42125,639.29625,0.56625
"1521","LNG_H2","PDP8_rev_high",2041,6228.75,979,829,1129,6097.94625,5163.63375,7032.25875,566.250000000001,554.358750000001,469.421250000001,639.296250000001,0.566250000000001
"1522","LNG_H2","PDP8_rev_high",2042,6795,979,829,1129,6652.305,5633.055,7671.555,566.249999999999,554.358749999999,469.421249999999,639.296249999999,0.566249999999999
"1523","LNG_H2","PDP8_rev_high",2043,7361.25,979,829,1129,7206.66375,6102.47625,8310.85125,566.25,554.35875,469.42125,639.29625,0.56625
"1524","LNG_H2","PDP8_rev_high",2044,7927.5,979,829,1129,7761.0225,6571.8975,8950.1475,566.249999999999,554.358749999999,469.421249999999,639.296249999999,0.566249999999999
"1525","LNG_H2","PDP8_rev_high",2045,8493.75,979,829,1129,8315.38125,7041.31875,9589.44375,566.250000000001,554.358750000001,469.421250000001,639.296250000001,0.566250000000001
"1526","LNG_H2","PDP8_rev_high",2046,9060,979,829,1129,8869.74,7510.74,10228.74,566.25,554.35875,469.42125,639.29625,0.56625
"1527","LNG_H2","PDP8_rev_high",2047,9626.25,979,829,1129,9424.09875,7980.16125,10868.03625,566.25,554.35875,469.42125,639.29625,0.56625
"1528","LNG_H2","PDP8_rev_high",2048,10192.5,979,829,1129,9978.4575,8449.5825,11507.3325,566.25,554.35875,469.42125,639.29625,0.56625
"1529","LNG_H2","PDP8_rev_high",2049,10758.75,979,829,1129,10532.81625,8919.00375,12146.62875,566.25,554.35875,469.42125,639.29625,0.56625
"1530","LNG_H2","PDP8_rev_high",2050,11325,979,829,1129,11087.175,9388.425,12785.925,566.25,554.35875,469.42125,639.29625,0.56625
"1531","Wind","PDP8",2000,0,NA,NA,NA,NA,NA,NA,NA,NA,NA,NA,NA
"1532","Wind","PDP8",2001,0,NA,NA,NA,NA,NA,NA,0,NA,NA,NA,0
"1533","Wind","PDP8",2002,0,NA,NA,NA,NA,NA,NA,0,NA,NA,NA,0
"1534","Wind","PDP8",2003,0,NA,NA,NA,NA,NA,NA,0,NA,NA,NA,0
"1535","Wind","PDP8",2004,0,NA,NA,NA,NA,NA,NA,0,NA,NA,NA,0
"1536","Wind","PDP8",2005,0,NA,NA,NA,NA,NA,NA,0,NA,NA,NA,0
"1537","Wind","PDP8",2006,0,NA,NA,NA,NA,NA,NA,0,NA,NA,NA,0
"1538","Wind","PDP8",2007,0,NA,NA,NA,NA,NA,NA,0,NA,NA,NA,0
"1539","Wind","PDP8",2008,0,NA,NA,NA,NA,NA,NA,0,NA,NA,NA,0
"1540","Wind","PDP8",2009,10,NA,NA,NA,NA,NA,NA,10,NA,NA,NA,0.01
"1541","Wind","PDP8",2010,30,NA,NA,NA,NA,NA,NA,20,NA,NA,NA,0.02
"1542","Wind","PDP8",2011,30,NA,NA,NA,NA,NA,NA,0,NA,NA,NA,0
"1543","Wind","PDP8",2012,30,NA,NA,NA,NA,NA,NA,0,NA,NA,NA,0
"1544","Wind","PDP8",2013,50,NA,NA,NA,NA,NA,NA,20,NA,NA,NA,0.02
"1545","Wind","PDP8",2014,50,NA,NA,NA,NA,NA,NA,0,NA,NA,NA,0
"1546","Wind","PDP8",2015,140,NA,NA,NA,NA,NA,NA,90,NA,NA,NA,0.09
"1547","Wind","PDP8",2016,160,NA,NA,NA,NA,NA,NA,20,NA,NA,NA,0.02
"1548","Wind","PDP8",2017,200,NA,NA,NA,NA,NA,NA,40,NA,NA,NA,0.04
"1549","Wind","PDP8",2018,240,NA,NA,NA,NA,NA,NA,40,NA,NA,NA,0.04
"1550","Wind","PDP8",2019,370,NA,NA,NA,NA,NA,NA,130,NA,NA,NA,0.13
"1551","Wind","PDP8",2020,520,1625,1525,1725,845,793,897,150,243.75,228.75,258.75,0.15
"1552","Wind","PDP8",2021,4120,1625,1525,1725,6695,6283,7107,3600,5850,5490,6210,3.6
"1553","Wind","PDP8",2022,5070,1625,1525,1725,8238.75,7731.75,8745.75,950,1543.75,1448.75,1638.75,0.95
"1554","Wind","PDP8",2023,5890,1625,1525,1725,9571.25,8982.25,10160.25,820,1332.5,1250.5,1414.5,0.82
"1555","Wind","PDP8",2024,6180,1625,1525,1725,10042.5,9424.5,10660.5,290,471.25,442.25,500.25,0.29
"1556","Wind","PDP8",2025,6774,1506,1406,1606,10201.644,9524.244,10879.044,594,894.564,835.164,953.964,0.594
"1557","Wind","PDP8",2026,9795.2,1506,1406,1606,14751.5712,13772.0512,15731.0912,3021.2,4549.9272,4247.8072,4852.0472,3.0212
"1558","Wind","PDP8",2027,12816.4,1506,1406,1606,19301.4984,18019.8584,20583.1384,3021.2,4549.9272,4247.8072,4852.0472,3.0212
"1559","Wind","PDP8",2028,15837.6,1506,1406,1606,23851.4256,22267.6656,25435.1856,3021.2,4549.9272,4247.8072,4852.0472,3.0212
"1560","Wind","PDP8",2029,18858.8,1506,1406,1606,28401.3528,26515.4728,30287.2328,3021.2,4549.9272,4247.8072,4852.0472,3.0212
"1561","Wind","PDP8",2030,21880,1387,1287,1487,30347.56,28159.56,32535.56,3021.2,4190.4044,3888.2844,4492.5244,3.0212
"1562","Wind","PDP8",2031,24638.5,1387,1287,1487,34173.5995,31709.7495,36637.4495,2758.5,3826.0395,3550.1895,4101.8895,2.7585
"1563","Wind","PDP8",2032,27397,1387,1287,1487,37999.639,35259.939,40739.339,2758.5,3826.0395,3550.1895,4101.8895,2.7585
"1564","Wind","PDP8",2033,30155.5,1387,1287,1487,41825.6785,38810.1285,44841.2285,2758.5,3826.0395,3550.1895,4101.8895,2.7585
"1565","Wind","PDP8",2034,32914,1387,1287,1487,45651.718,42360.318,48943.118,2758.5,3826.0395,3550.1895,4101.8895,2.7585
"1566","Wind","PDP8",2035,35672.5,1387,1287,1487,49477.7575,45910.5075,53045.0075,2758.5,3826.0395,3550.1895,4101.8895,2.7585
"1567","Wind","PDP8",2036,38431,1387,1287,1487,53303.797,49460.697,57146.897,2758.5,3826.0395,3550.1895,4101.8895,2.7585
"1568","Wind","PDP8",2037,41189.5,1387,1287,1487,57129.8365,53010.8865,61248.7865,2758.5,3826.0395,3550.1895,4101.8895,2.7585
"1569","Wind","PDP8",2038,43948,1387,1287,1487,60955.876,56561.076,65350.676,2758.5,3826.0395,3550.1895,4101.8895,2.7585
"1570","Wind","PDP8",2039,46706.5,1387,1287,1487,64781.9155,60111.2655,69452.5655,2758.5,3826.0395,3550.1895,4101.8895,2.7585
"1571","Wind","PDP8",2040,49465,1279,1179,1379,63265.735,58319.235,68212.235,2758.5,3528.1215,3252.2715,3803.9715,2.7585
"1572","Wind","PDP8",2041,52223.5,1279,1179,1379,66793.8565,61571.5065,72016.2065,2758.5,3528.1215,3252.2715,3803.9715,2.7585
"1573","Wind","PDP8",2042,54982,1279,1179,1379,70321.978,64823.778,75820.178,2758.5,3528.1215,3252.2715,3803.9715,2.7585
"1574","Wind","PDP8",2043,57740.5,1279,1179,1379,73850.0995,68076.0495,79624.1495,2758.5,3528.1215,3252.2715,3803.9715,2.7585
"1575","Wind","PDP8",2044,60499,1279,1179,1379,77378.221,71328.321,83428.121,2758.5,3528.1215,3252.2715,3803.9715,2.7585
"1576","Wind","PDP8",2045,63257.5,1279,1179,1379,80906.3425,74580.5925,87232.0925,2758.5,3528.1215,3252.2715,3803.9715,2.7585
"1577","Wind","PDP8",2046,66016,1279,1179,1379,84434.464,77832.864,91036.064,2758.5,3528.1215,3252.2715,3803.9715,2.7585
"1578","Wind","PDP8",2047,68774.5,1279,1179,1379,87962.5855,81085.1355,94840.0355,2758.5,3528.1215,3252.2715,3803.9715,2.7585
"1579","Wind","PDP8",2048,71533,1279,1179,1379,91490.707,84337.407,98644.007,2758.5,3528.1215,3252.2715,3803.9715,2.7585
"1580","Wind","PDP8",2049,74291.5,1279,1179,1379,95018.8285,87589.6785,102447.9785,2758.5,3528.1215,3252.2715,3803.9715,2.7585
"1581","Wind","PDP8",2050,77050,1170,1070,1270,90148.5,82443.5,97853.5,2758.5,3227.445,2951.595,3503.295,2.7585
"1582","Wind","PDP8_rev_low",2000,0,NA,NA,NA,NA,NA,NA,NA,NA,NA,NA,NA
"1583","Wind","PDP8_rev_low",2001,0,NA,NA,NA,NA,NA,NA,0,NA,NA,NA,0
"1584","Wind","PDP8_rev_low",2002,0,NA,NA,NA,NA,NA,NA,0,NA,NA,NA,0
"1585","Wind","PDP8_rev_low",2003,0,NA,NA,NA,NA,NA,NA,0,NA,NA,NA,0
"1586","Wind","PDP8_rev_low",2004,0,NA,NA,NA,NA,NA,NA,0,NA,NA,NA,0
"1587","Wind","PDP8_rev_low",2005,0,NA,NA,NA,NA,NA,NA,0,NA,NA,NA,0
"1588","Wind","PDP8_rev_low",2006,0,NA,NA,NA,NA,NA,NA,0,NA,NA,NA,0
"1589","Wind","PDP8_rev_low",2007,0,NA,NA,NA,NA,NA,NA,0,NA,NA,NA,0
"1590","Wind","PDP8_rev_low",2008,0,NA,NA,NA,NA,NA,NA,0,NA,NA,NA,0
"1591","Wind","PDP8_rev_low",2009,10,NA,NA,NA,NA,NA,NA,10,NA,NA,NA,0.01
"1592","Wind","PDP8_rev_low",2010,30,NA,NA,NA,NA,NA,NA,20,NA,NA,NA,0.02
"1593","Wind","PDP8_rev_low",2011,30,NA,NA,NA,NA,NA,NA,0,NA,NA,NA,0
"1594","Wind","PDP8_rev_low",2012,30,NA,NA,NA,NA,NA,NA,0,NA,NA,NA,0
"1595","Wind","PDP8_rev_low",2013,50,NA,NA,NA,NA,NA,NA,20,NA,NA,NA,0.02
"1596","Wind","PDP8_rev_low",2014,50,NA,NA,NA,NA,NA,NA,0,NA,NA,NA,0
"1597","Wind","PDP8_rev_low",2015,140,NA,NA,NA,NA,NA,NA,90,NA,NA,NA,0.09
"1598","Wind","PDP8_rev_low",2016,160,NA,NA,NA,NA,NA,NA,20,NA,NA,NA,0.02
"1599","Wind","PDP8_rev_low",2017,200,NA,NA,NA,NA,NA,NA,40,NA,NA,NA,0.04
"1600","Wind","PDP8_rev_low",2018,240,NA,NA,NA,NA,NA,NA,40,NA,NA,NA,0.04
"1601","Wind","PDP8_rev_low",2019,370,NA,NA,NA,NA,NA,NA,130,NA,NA,NA,0.13
"1602","Wind","PDP8_rev_low",2020,520,1625,1525,1725,845,793,897,150,243.75,228.75,258.75,0.15
"1603","Wind","PDP8_rev_low",2021,4120,1625,1525,1725,6695,6283,7107,3600,5850,5490,6210,3.6
"1604","Wind","PDP8_rev_low",2022,5070,1625,1525,1725,8238.75,7731.75,8745.75,950,1543.75,1448.75,1638.75,0.95
"1605","Wind","PDP8_rev_low",2023,5890,1625,1525,1725,9571.25,8982.25,10160.25,820,1332.5,1250.5,1414.5,0.82
"1606","Wind","PDP8_rev_low",2024,6180,1625,1525,1725,10042.5,9424.5,10660.5,290,471.25,442.25,500.25,0.29
"1607","Wind","PDP8_rev_low",2025,6774,1506,1406,1606,10201.644,9524.244,10879.044,594,894.564,835.164,953.964,0.594
"1608","Wind","PDP8_rev_low",2026,10632.4,1506,1406,1606,16012.3944,14949.1544,17075.6344,3858.4,5810.7504,5424.9104,6196.5904,3.8584
"1609","Wind","PDP8_rev_low",2027,14490.8,1506,1406,1606,21823.1448,20374.0648,23272.2248,3858.4,5810.7504,5424.9104,6196.5904,3.8584
"1610","Wind","PDP8_rev_low",2028,18349.2,1506,1406,1606,27633.8952,25798.9752,29468.8152,3858.4,5810.7504,5424.9104,6196.5904,3.8584
"1611","Wind","PDP8_rev_low",2029,22207.6,1506,1406,1606,33444.6456,31223.8856,35665.4056,3858.4,5810.7504,5424.9104,6196.5904,3.8584
"1612","Wind","PDP8_rev_low",2030,26066,1387,1287,1487,36153.542,33546.942,38760.142,3858.4,5351.6008,4965.7608,5737.4408,3.8584
"1613","Wind","PDP8_rev_low",2031,28997.5,1387,1287,1487,40219.5325,37319.7825,43119.2825,2931.5,4065.9905,3772.8405,4359.1405,2.9315
"1614","Wind","PDP8_rev_low",2032,31929,1387,1287,1487,44285.523,41092.623,47478.423,2931.5,4065.9905,3772.8405,4359.1405,2.9315
"1615","Wind","PDP8_rev_low",2033,34860.5,1387,1287,1487,48351.5135,44865.4635,51837.5635,2931.5,4065.9905,3772.8405,4359.1405,2.9315
"1616","Wind","PDP8_rev_low",2034,37792,1387,1287,1487,52417.504,48638.304,56196.704,2931.5,4065.9905,3772.8405,4359.1405,2.9315
"1617","Wind","PDP8_rev_low",2035,40723.5,1387,1287,1487,56483.4945,52411.1445,60555.8445,2931.5,4065.9905,3772.8405,4359.1405,2.9315
"1618","Wind","PDP8_rev_low",2036,43655,1387,1287,1487,60549.485,56183.985,64914.985,2931.5,4065.9905,3772.8405,4359.1405,2.9315
"1619","Wind","PDP8_rev_low",2037,46586.5,1387,1287,1487,64615.4755,59956.8255,69274.1255,2931.5,4065.9905,3772.8405,4359.1405,2.9315
"1620","Wind","PDP8_rev_low",2038,49518,1387,1287,1487,68681.466,63729.666,73633.266,2931.5,4065.9905,3772.8405,4359.1405,2.9315
"1621","Wind","PDP8_rev_low",2039,52449.5,1387,1287,1487,72747.4565,67502.5065,77992.4065,2931.5,4065.9905,3772.8405,4359.1405,2.9315
"1622","Wind","PDP8_rev_low",2040,55381,1279,1179,1379,70832.299,65294.199,76370.399,2931.5,3749.3885,3456.2385,4042.5385,2.9315
"1623","Wind","PDP8_rev_low",2041,58312.5,1279,1179,1379,74581.6875,68750.4375,80412.9375,2931.5,3749.3885,3456.2385,4042.5385,2.9315
"1624","Wind","PDP8_rev_low",2042,61244,1279,1179,1379,78331.076,72206.676,84455.476,2931.5,3749.3885,3456.2385,4042.5385,2.9315
"1625","Wind","PDP8_rev_low",2043,64175.5,1279,1179,1379,82080.4645,75662.9145,88498.0145,2931.5,3749.3885,3456.2385,4042.5385,2.9315
"1626","Wind","PDP8_rev_low",2044,67107,1279,1179,1379,85829.853,79119.153,92540.553,2931.5,3749.3885,3456.2385,4042.5385,2.9315
"1627","Wind","PDP8_rev_low",2045,70038.5,1279,1179,1379,89579.2415,82575.3915,96583.0915,2931.5,3749.3885,3456.2385,4042.5385,2.9315
"1628","Wind","PDP8_rev_low",2046,72970,1279,1179,1379,93328.63,86031.63,100625.63,2931.5,3749.3885,3456.2385,4042.5385,2.9315
"1629","Wind","PDP8_rev_low",2047,75901.5,1279,1179,1379,97078.0185,89487.8685,104668.1685,2931.5,3749.3885,3456.2385,4042.5385,2.9315
"1630","Wind","PDP8_rev_low",2048,78833,1279,1179,1379,100827.407,92944.107,108710.707,2931.5,3749.3885,3456.2385,4042.5385,2.9315
"1631","Wind","PDP8_rev_low",2049,81764.5,1279,1179,1379,104576.7955,96400.3455,112753.2455,2931.5,3749.3885,3456.2385,4042.5385,2.9315
"1632","Wind","PDP8_rev_low",2050,84696,1170,1070,1270,99094.32,90624.72,107563.92,2931.5,3429.855,3136.705,3723.005,2.9315
"1633","Wind","PDP8_rev_high",2000,0,NA,NA,NA,NA,NA,NA,NA,NA,NA,NA,NA
"1634","Wind","PDP8_rev_high",2001,0,NA,NA,NA,NA,NA,NA,0,NA,NA,NA,0
"1635","Wind","PDP8_rev_high",2002,0,NA,NA,NA,NA,NA,NA,0,NA,NA,NA,0
"1636","Wind","PDP8_rev_high",2003,0,NA,NA,NA,NA,NA,NA,0,NA,NA,NA,0
"1637","Wind","PDP8_rev_high",2004,0,NA,NA,NA,NA,NA,NA,0,NA,NA,NA,0
"1638","Wind","PDP8_rev_high",2005,0,NA,NA,NA,NA,NA,NA,0,NA,NA,NA,0
"1639","Wind","PDP8_rev_high",2006,0,NA,NA,NA,NA,NA,NA,0,NA,NA,NA,0
"1640","Wind","PDP8_rev_high",2007,0,NA,NA,NA,NA,NA,NA,0,NA,NA,NA,0
"1641","Wind","PDP8_rev_high",2008,0,NA,NA,NA,NA,NA,NA,0,NA,NA,NA,0
"1642","Wind","PDP8_rev_high",2009,10,NA,NA,NA,NA,NA,NA,10,NA,NA,NA,0.01
"1643","Wind","PDP8_rev_high",2010,30,NA,NA,NA,NA,NA,NA,20,NA,NA,NA,0.02
"1644","Wind","PDP8_rev_high",2011,30,NA,NA,NA,NA,NA,NA,0,NA,NA,NA,0
"1645","Wind","PDP8_rev_high",2012,30,NA,NA,NA,NA,NA,NA,0,NA,NA,NA,0
"1646","Wind","PDP8_rev_high",2013,50,NA,NA,NA,NA,NA,NA,20,NA,NA,NA,0.02
"1647","Wind","PDP8_rev_high",2014,50,NA,NA,NA,NA,NA,NA,0,NA,NA,NA,0
"1648","Wind","PDP8_rev_high",2015,140,NA,NA,NA,NA,NA,NA,90,NA,NA,NA,0.09
"1649","Wind","PDP8_rev_high",2016,160,NA,NA,NA,NA,NA,NA,20,NA,NA,NA,0.02
"1650","Wind","PDP8_rev_high",2017,200,NA,NA,NA,NA,NA,NA,40,NA,NA,NA,0.04
"1651","Wind","PDP8_rev_high",2018,240,NA,NA,NA,NA,NA,NA,40,NA,NA,NA,0.04
"1652","Wind","PDP8_rev_high",2019,370,NA,NA,NA,NA,NA,NA,130,NA,NA,NA,0.13
"1653","Wind","PDP8_rev_high",2020,520,1625,1525,1725,845,793,897,150,243.75,228.75,258.75,0.15
"1654","Wind","PDP8_rev_high",2021,4120,1625,1525,1725,6695,6283,7107,3600,5850,5490,6210,3.6
"1655","Wind","PDP8_rev_high",2022,5070,1625,1525,1725,8238.75,7731.75,8745.75,950,1543.75,1448.75,1638.75,0.95
"1656","Wind","PDP8_rev_high",2023,5890,1625,1525,1725,9571.25,8982.25,10160.25,820,1332.5,1250.5,1414.5,0.82
"1657","Wind","PDP8_rev_high",2024,6180,1625,1525,1725,10042.5,9424.5,10660.5,290,471.25,442.25,500.25,0.29
"1658","Wind","PDP8_rev_high",2025,6774,1506,1406,1606,10201.644,9524.244,10879.044,594,894.564,835.164,953.964,0.594
"1659","Wind","PDP8_rev_high",2026,13061,1506,1406,1606,19669.866,18363.766,20975.966,6287,9468.222,8839.522,10096.922,6.287
"1660","Wind","PDP8_rev_high",2027,19348,1506,1406,1606,29138.088,27203.288,31072.888,6287,9468.222,8839.522,10096.922,6.287
"1661","Wind","PDP8_rev_high",2028,25635,1506,1406,1606,38606.31,36042.81,41169.81,6287,9468.222,8839.522,10096.922,6.287
"1662","Wind","PDP8_rev_high",2029,31922,1506,1406,1606,48074.532,44882.332,51266.732,6287,9468.222,8839.522,10096.922,6.287
"1663","Wind","PDP8_rev_high",2030,38209,1387,1287,1487,52995.883,49174.983,56816.783,6287,8720.069,8091.369,9348.769,6.287
"1664","Wind","PDP8_rev_high",2031,40868.55,1387,1287,1487,56684.67885,52597.82385,60771.53385,2659.55,3688.79585,3422.84085,3954.75085,2.65955
"1665","Wind","PDP8_rev_high",2032,43528.1,1387,1287,1487,60373.4747,56020.6647,64726.2847,2659.55,3688.79584999999,3422.84084999999,3954.75084999999,2.65955
"1666","Wind","PDP8_rev_high",2033,46187.65,1387,1287,1487,64062.27055,59443.50555,68681.03555,2659.55,3688.79585,3422.84085,3954.75085,2.65955
"1667","Wind","PDP8_rev_high",2034,48847.2,1387,1287,1487,67751.0664,62866.3464,72635.7864,2659.55,3688.79584999999,3422.84084999999,3954.75084999999,2.65955
"1668","Wind","PDP8_rev_high",2035,51506.75,1387,1287,1487,71439.86225,66289.18725,76590.53725,2659.55,3688.79585,3422.84085,3954.75085,2.65955
"1669","Wind","PDP8_rev_high",2036,54166.3,1387,1287,1487,75128.6581,69712.0281,80545.2881,2659.55,3688.79585,3422.84085,3954.75085,2.65955
"1670","Wind","PDP8_rev_high",2037,56825.85,1387,1287,1487,78817.45395,73134.86895,84500.03895,2659.55,3688.79584999999,3422.84084999999,3954.75084999999,2.65955
"1671","Wind","PDP8_rev_high",2038,59485.4,1387,1287,1487,82506.2498,76557.7098,88454.7898,2659.55,3688.79585,3422.84085,3954.75085,2.65955
"1672","Wind","PDP8_rev_high",2039,62144.95,1387,1287,1487,86195.04565,79980.55065,92409.54065,2659.55,3688.79584999999,3422.84084999999,3954.75084999999,2.65955
"1673","Wind","PDP8_rev_high",2040,64804.5,1279,1179,1379,82884.9555,76404.5055,89365.4055,2659.55,3401.56445,3135.60945,3667.51945,2.65955
"1674","Wind","PDP8_rev_high",2041,67464.05,1279,1179,1379,86286.51995,79540.11495,93032.92495,2659.55,3401.56445,3135.60945,3667.51945,2.65955
"1675","Wind","PDP8_rev_high",2042,70123.6,1279,1179,1379,89688.0844,82675.7244,96700.4444,2659.55,3401.56445,3135.60945,3667.51945,2.65955
"1676","Wind","PDP8_rev_high",2043,72783.15,1279,1179,1379,93089.64885,85811.33385,100367.96385,2659.54999999999,3401.56444999999,3135.60944999999,3667.51944999998,2.65954999999999
"1677","Wind","PDP8_rev_high",2044,75442.7,1279,1179,1379,96491.2133,88946.9433,104035.4833,2659.55,3401.56445,3135.60945,3667.51945,2.65955
"1678","Wind","PDP8_rev_high",2045,78102.25,1279,1179,1379,99892.77775,92082.55275,107703.00275,2659.55,3401.56445,3135.60945,3667.51945,2.65955
"1679","Wind","PDP8_rev_high",2046,80761.8,1279,1179,1379,103294.3422,95218.1622,111370.5222,2659.55,3401.56445,3135.60945,3667.51945,2.65955
"1680","Wind","PDP8_rev_high",2047,83421.35,1279,1179,1379,106695.90665,98353.77165,115038.04165,2659.55,3401.56445,3135.60945,3667.51945,2.65955
"1681","Wind","PDP8_rev_high",2048,86080.9,1279,1179,1379,110097.4711,101489.3811,118705.5611,2659.54999999999,3401.56444999999,3135.60944999999,3667.51944999998,2.65954999999999
"1682","Wind","PDP8_rev_high",2049,88740.45,1279,1179,1379,113499.03555,104624.99055,122373.08055,2659.55,3401.56445,3135.60945,3667.51945,2.65955
"1683","Wind","PDP8_rev_high",2050,91400,1170,1070,1270,106938,97798,116078,2659.55,3111.6735,2845.7185,3377.6285,2.65955
"1684","Wind_offshore","PDP8",2000,NA,NA,NA,NA,NA,NA,NA,NA,NA,NA,NA,NA
"1685","Wind_offshore","PDP8",2001,NA,NA,NA,NA,NA,NA,NA,NA,NA,NA,NA,NA
"1686","Wind_offshore","PDP8",2002,NA,NA,NA,NA,NA,NA,NA,NA,NA,NA,NA,NA
"1687","Wind_offshore","PDP8",2003,NA,NA,NA,NA,NA,NA,NA,NA,NA,NA,NA,NA
"1688","Wind_offshore","PDP8",2004,NA,NA,NA,NA,NA,NA,NA,NA,NA,NA,NA,NA
"1689","Wind_offshore","PDP8",2005,NA,NA,NA,NA,NA,NA,NA,NA,NA,NA,NA,NA
"1690","Wind_offshore","PDP8",2006,NA,NA,NA,NA,NA,NA,NA,NA,NA,NA,NA,NA
"1691","Wind_offshore","PDP8",2007,NA,NA,NA,NA,NA,NA,NA,NA,NA,NA,NA,NA
"1692","Wind_offshore","PDP8",2008,NA,NA,NA,NA,NA,NA,NA,NA,NA,NA,NA,NA
"1693","Wind_offshore","PDP8",2009,NA,NA,NA,NA,NA,NA,NA,NA,NA,NA,NA,NA
"1694","Wind_offshore","PDP8",2010,NA,NA,NA,NA,NA,NA,NA,NA,NA,NA,NA,NA
"1695","Wind_offshore","PDP8",2011,NA,NA,NA,NA,NA,NA,NA,NA,NA,NA,NA,NA
"1696","Wind_offshore","PDP8",2012,NA,NA,NA,NA,NA,NA,NA,NA,NA,NA,NA,NA
"1697","Wind_offshore","PDP8",2013,NA,NA,NA,NA,NA,NA,NA,NA,NA,NA,NA,NA
"1698","Wind_offshore","PDP8",2014,NA,NA,NA,NA,NA,NA,NA,NA,NA,NA,NA,NA
"1699","Wind_offshore","PDP8",2015,NA,NA,NA,NA,NA,NA,NA,NA,NA,NA,NA,NA
"1700","Wind_offshore","PDP8",2016,NA,NA,NA,NA,NA,NA,NA,NA,NA,NA,NA,NA
"1701","Wind_offshore","PDP8",2017,NA,NA,NA,NA,NA,NA,NA,NA,NA,NA,NA,NA
"1702","Wind_offshore","PDP8",2018,NA,NA,NA,NA,NA,NA,NA,NA,NA,NA,NA,NA
"1703","Wind_offshore","PDP8",2019,NA,NA,NA,NA,NA,NA,NA,NA,NA,NA,NA,NA
"1704","Wind_offshore","PDP8",2020,NA,3702,3452,3952,NA,NA,NA,NA,NA,NA,NA,NA
"1705","Wind_offshore","PDP8",2021,NA,3702,3452,3952,NA,NA,NA,NA,NA,NA,NA,NA
"1706","Wind_offshore","PDP8",2022,NA,3702,3452,3952,NA,NA,NA,NA,NA,NA,NA,NA
"1707","Wind_offshore","PDP8",2023,NA,3702,3452,3952,NA,NA,NA,NA,NA,NA,NA,NA
"1708","Wind_offshore","PDP8",2024,NA,3702,3452,3952,NA,NA,NA,NA,NA,NA,NA,NA
"1709","Wind_offshore","PDP8",2025,0,3115,2865,3365,0,0,0,NA,NA,NA,NA,NA
"1710","Wind_offshore","PDP8",2026,1200,3115,2865,3365,3738,3438,4038,1200,3738,3438,4038,1.2
"1711","Wind_offshore","PDP8",2027,2400,3115,2865,3365,7476,6876,8076,1200,3738,3438,4038,1.2
"1712","Wind_offshore","PDP8",2028,3600,3115,2865,3365,11214,10314,12114,1200,3738,3438,4038,1.2
"1713","Wind_offshore","PDP8",2029,4800,3115,2865,3365,14952,13752,16152,1200,3738,3438,4038,1.2
"1714","Wind_offshore","PDP8",2030,6000,2459,2209,2709,14754,13254,16254,1200,2950.8,2650.8,3250.8,1.2
"1715","Wind_offshore","PDP8",2031,10275,2459,2209,2709,25266.225,22697.475,27834.975,4275,10512.225,9443.475,11580.975,4.275
"1716","Wind_offshore","PDP8",2032,14550,2459,2209,2709,35778.45,32140.95,39415.95,4275,10512.225,9443.475,11580.975,4.275
"1717","Wind_offshore","PDP8",2033,18825,2459,2209,2709,46290.675,41584.425,50996.925,4275,10512.225,9443.475,11580.975,4.275
"1718","Wind_offshore","PDP8",2034,23100,2459,2209,2709,56802.9,51027.9,62577.9,4275,10512.225,9443.475,11580.975,4.275
"1719","Wind_offshore","PDP8",2035,27375,2459,2209,2709,67315.125,60471.375,74158.875,4275,10512.225,9443.475,11580.975,4.275
"1720","Wind_offshore","PDP8",2036,31650,2459,2209,2709,77827.35,69914.85,85739.85,4275,10512.225,9443.475,11580.975,4.275
"1721","Wind_offshore","PDP8",2037,35925,2459,2209,2709,88339.575,79358.325,97320.825,4275,10512.225,9443.475,11580.975,4.275
"1722","Wind_offshore","PDP8",2038,40200,2459,2209,2709,98851.8,88801.8,108901.8,4275,10512.225,9443.475,11580.975,4.275
"1723","Wind_offshore","PDP8",2039,44475,2459,2209,2709,109364.025,98245.275,120482.775,4275,10512.225,9443.475,11580.975,4.275
"1724","Wind_offshore","PDP8",2040,48750,2201,1951,2451,107298.75,95111.25,119486.25,4275,9409.275,8340.525,10478.025,4.275
"1725","Wind_offshore","PDP8",2041,53025,2201,1951,2451,116708.025,103451.775,129964.275,4275.00000000001,9409.27500000002,8340.52500000001,10478.025,4.27500000000001
"1726","Wind_offshore","PDP8",2042,57300,2201,1951,2451,126117.3,111792.3,140442.3,4274.99999999999,9409.27499999998,8340.52499999999,10478.025,4.27499999999999
"1727","Wind_offshore","PDP8",2043,61575,2201,1951,2451,135526.575,120132.825,150920.325,4275,9409.275,8340.525,10478.025,4.275
"1728","Wind_offshore","PDP8",2044,65850,2201,1951,2451,144935.85,128473.35,161398.35,4275,9409.275,8340.525,10478.025,4.275
"1729","Wind_offshore","PDP8",2045,70125,2201,1951,2451,154345.125,136813.875,171876.375,4275,9409.275,8340.525,10478.025,4.275
"1730","Wind_offshore","PDP8",2046,74400,2201,1951,2451,163754.4,145154.4,182354.4,4275,9409.275,8340.525,10478.025,4.275
"1731","Wind_offshore","PDP8",2047,78675,2201,1951,2451,173163.675,153494.925,192832.425,4275,9409.275,8340.525,10478.025,4.275
"1732","Wind_offshore","PDP8",2048,82950,2201,1951,2451,182572.95,161835.45,203310.45,4275,9409.275,8340.525,10478.025,4.275
"1733","Wind_offshore","PDP8",2049,87225,2201,1951,2451,191982.225,170175.975,213788.475,4275,9409.275,8340.525,10478.025,4.275
"1734","Wind_offshore","PDP8",2050,91500,1944,1694,2194,177876,155001,200751,4275,8310.6,7241.85,9379.35,4.275
"1735","Wind_offshore","PDP8_rev_low",2000,NA,NA,NA,NA,NA,NA,NA,NA,NA,NA,NA,NA
"1736","Wind_offshore","PDP8_rev_low",2001,NA,NA,NA,NA,NA,NA,NA,NA,NA,NA,NA,NA
"1737","Wind_offshore","PDP8_rev_low",2002,NA,NA,NA,NA,NA,NA,NA,NA,NA,NA,NA,NA
"1738","Wind_offshore","PDP8_rev_low",2003,NA,NA,NA,NA,NA,NA,NA,NA,NA,NA,NA,NA
"1739","Wind_offshore","PDP8_rev_low",2004,NA,NA,NA,NA,NA,NA,NA,NA,NA,NA,NA,NA
"1740","Wind_offshore","PDP8_rev_low",2005,NA,NA,NA,NA,NA,NA,NA,NA,NA,NA,NA,NA
"1741","Wind_offshore","PDP8_rev_low",2006,NA,NA,NA,NA,NA,NA,NA,NA,NA,NA,NA,NA
"1742","Wind_offshore","PDP8_rev_low",2007,NA,NA,NA,NA,NA,NA,NA,NA,NA,NA,NA,NA
"1743","Wind_offshore","PDP8_rev_low",2008,NA,NA,NA,NA,NA,NA,NA,NA,NA,NA,NA,NA
"1744","Wind_offshore","PDP8_rev_low",2009,NA,NA,NA,NA,NA,NA,NA,NA,NA,NA,NA,NA
"1745","Wind_offshore","PDP8_rev_low",2010,NA,NA,NA,NA,NA,NA,NA,NA,NA,NA,NA,NA
"1746","Wind_offshore","PDP8_rev_low",2011,NA,NA,NA,NA,NA,NA,NA,NA,NA,NA,NA,NA
"1747","Wind_offshore","PDP8_rev_low",2012,NA,NA,NA,NA,NA,NA,NA,NA,NA,NA,NA,NA
"1748","Wind_offshore","PDP8_rev_low",2013,NA,NA,NA,NA,NA,NA,NA,NA,NA,NA,NA,NA
"1749","Wind_offshore","PDP8_rev_low",2014,NA,NA,NA,NA,NA,NA,NA,NA,NA,NA,NA,NA
"1750","Wind_offshore","PDP8_rev_low",2015,NA,NA,NA,NA,NA,NA,NA,NA,NA,NA,NA,NA
"1751","Wind_offshore","PDP8_rev_low",2016,NA,NA,NA,NA,NA,NA,NA,NA,NA,NA,NA,NA
"1752","Wind_offshore","PDP8_rev_low",2017,NA,NA,NA,NA,NA,NA,NA,NA,NA,NA,NA,NA
"1753","Wind_offshore","PDP8_rev_low",2018,NA,NA,NA,NA,NA,NA,NA,NA,NA,NA,NA,NA
"1754","Wind_offshore","PDP8_rev_low",2019,NA,NA,NA,NA,NA,NA,NA,NA,NA,NA,NA,NA
"1755","Wind_offshore","PDP8_rev_low",2020,NA,3702,3452,3952,NA,NA,NA,NA,NA,NA,NA,NA
"1756","Wind_offshore","PDP8_rev_low",2021,NA,3702,3452,3952,NA,NA,NA,NA,NA,NA,NA,NA
"1757","Wind_offshore","PDP8_rev_low",2022,NA,3702,3452,3952,NA,NA,NA,NA,NA,NA,NA,NA
"1758","Wind_offshore","PDP8_rev_low",2023,NA,3702,3452,3952,NA,NA,NA,NA,NA,NA,NA,NA
"1759","Wind_offshore","PDP8_rev_low",2024,NA,3702,3452,3952,NA,NA,NA,NA,NA,NA,NA,NA
"1760","Wind_offshore","PDP8_rev_low",2025,0,3115,2865,3365,0,0,0,NA,NA,NA,NA,NA
"1761","Wind_offshore","PDP8_rev_low",2026,1200,3115,2865,3365,3738,3438,4038,1200,3738,3438,4038,1.2
"1762","Wind_offshore","PDP8_rev_low",2027,2400,3115,2865,3365,7476,6876,8076,1200,3738,3438,4038,1.2
"1763","Wind_offshore","PDP8_rev_low",2028,3600,3115,2865,3365,11214,10314,12114,1200,3738,3438,4038,1.2
"1764","Wind_offshore","PDP8_rev_low",2029,4800,3115,2865,3365,14952,13752,16152,1200,3738,3438,4038,1.2
"1765","Wind_offshore","PDP8_rev_low",2030,6000,2459,2209,2709,14754,13254,16254,1200,2950.8,2650.8,3250.8,1.2
"1766","Wind_offshore","PDP8_rev_low",2031,11375.15,2459,2209,2709,27971.49385,25127.70635,30815.28135,5375.15,13217.49385,11873.70635,14561.28135,5.37515
"1767","Wind_offshore","PDP8_rev_low",2032,16750.3,2459,2209,2709,41188.9877,37001.4127,45376.5627,5375.15,13217.49385,11873.70635,14561.28135,5.37515
"1768","Wind_offshore","PDP8_rev_low",2033,22125.45,2459,2209,2709,54406.48155,48875.11905,59937.84405,5375.14999999999,13217.49385,11873.70635,14561.28135,5.37514999999999
"1769","Wind_offshore","PDP8_rev_low",2034,27500.6,2459,2209,2709,67623.9754,60748.8254,74499.1254,5375.15000000001,13217.49385,11873.70635,14561.28135,5.37515
"1770","Wind_offshore","PDP8_rev_low",2035,32875.75,2459,2209,2709,80841.46925,72622.53175,89060.40675,5375.15,13217.49385,11873.70635,14561.28135,5.37515
"1771","Wind_offshore","PDP8_rev_low",2036,38250.9,2459,2209,2709,94058.9631,84496.2381,103621.6881,5375.14999999999,13217.49385,11873.70635,14561.28135,5.37514999999999
"1772","Wind_offshore","PDP8_rev_low",2037,43626.05,2459,2209,2709,107276.45695,96369.94445,118182.96945,5375.15,13217.49385,11873.70635,14561.28135,5.37515
"1773","Wind_offshore","PDP8_rev_low",2038,49001.2,2459,2209,2709,120493.9508,108243.6508,132744.2508,5375.15000000001,13217.49385,11873.70635,14561.28135,5.37515000000001
"1774","Wind_offshore","PDP8_rev_low",2039,54376.35,2459,2209,2709,133711.44465,120117.35715,147305.53215,5375.14999999999,13217.49385,11873.70635,14561.28135,5.37514999999999
"1775","Wind_offshore","PDP8_rev_low",2040,59751.5,2201,1951,2451,131513.0515,116575.1765,146450.9265,5375.15,11830.70515,10486.91765,13174.49265,5.37515
"1776","Wind_offshore","PDP8_rev_low",2041,65126.65,2201,1951,2451,143343.75665,127062.09415,159625.41915,5375.15,11830.70515,10486.91765,13174.49265,5.37515
"1777","Wind_offshore","PDP8_rev_low",2042,70501.8,2201,1951,2451,155174.4618,137549.0118,172799.9118,5375.14999999999,11830.70515,10486.91765,13174.49265,5.37514999999999
"1778","Wind_offshore","PDP8_rev_low",2043,75876.95,2201,1951,2451,167005.16695,148035.92945,185974.40445,5375.15000000001,11830.70515,10486.91765,13174.49265,5.37515000000001
"1779","Wind_offshore","PDP8_rev_low",2044,81252.1,2201,1951,2451,178835.8721,158522.8471,199148.8971,5375.14999999999,11830.70515,10486.91765,13174.49265,5.37514999999999
"1780","Wind_offshore","PDP8_rev_low",2045,86627.25,2201,1951,2451,190666.57725,169009.76475,212323.38975,5375.15000000001,11830.70515,10486.91765,13174.49265,5.37515000000001
"1781","Wind_offshore","PDP8_rev_low",2046,92002.4,2201,1951,2451,202497.2824,179496.6824,225497.8824,5375.15000000001,11830.70515,10486.91765,13174.49265,5.37515000000001
"1782","Wind_offshore","PDP8_rev_low",2047,97377.55,2201,1951,2451,214327.98755,189983.60005,238672.37505,5375.14999999999,11830.70515,10486.91765,13174.49265,5.37514999999999
"1783","Wind_offshore","PDP8_rev_low",2048,102752.7,2201,1951,2451,226158.6927,200470.5177,251846.8677,5375.14999999999,11830.70515,10486.91765,13174.49265,5.37514999999999
"1784","Wind_offshore","PDP8_rev_low",2049,108127.85,2201,1951,2451,237989.39785,210957.43535,265021.36035,5375.14999999999,11830.70515,10486.91765,13174.49265,5.37514999999999
"1785","Wind_offshore","PDP8_rev_low",2050,113503,1944,1694,2194,220649.832,192274.082,249025.582,5375.15000000001,10449.2916,9105.50410000001,11793.0791,5.37515000000001
"1786","Wind_offshore","PDP8_rev_high",2000,NA,NA,NA,NA,NA,NA,NA,NA,NA,NA,NA,NA
"1787","Wind_offshore","PDP8_rev_high",2001,NA,NA,NA,NA,NA,NA,NA,NA,NA,NA,NA,NA
"1788","Wind_offshore","PDP8_rev_high",2002,NA,NA,NA,NA,NA,NA,NA,NA,NA,NA,NA,NA
"1789","Wind_offshore","PDP8_rev_high",2003,NA,NA,NA,NA,NA,NA,NA,NA,NA,NA,NA,NA
"1790","Wind_offshore","PDP8_rev_high",2004,NA,NA,NA,NA,NA,NA,NA,NA,NA,NA,NA,NA
"1791","Wind_offshore","PDP8_rev_high",2005,NA,NA,NA,NA,NA,NA,NA,NA,NA,NA,NA,NA
"1792","Wind_offshore","PDP8_rev_high",2006,NA,NA,NA,NA,NA,NA,NA,NA,NA,NA,NA,NA
"1793","Wind_offshore","PDP8_rev_high",2007,NA,NA,NA,NA,NA,NA,NA,NA,NA,NA,NA,NA
"1794","Wind_offshore","PDP8_rev_high",2008,NA,NA,NA,NA,NA,NA,NA,NA,NA,NA,NA,NA
"1795","Wind_offshore","PDP8_rev_high",2009,NA,NA,NA,NA,NA,NA,NA,NA,NA,NA,NA,NA
"1796","Wind_offshore","PDP8_rev_high",2010,NA,NA,NA,NA,NA,NA,NA,NA,NA,NA,NA,NA
"1797","Wind_offshore","PDP8_rev_high",2011,NA,NA,NA,NA,NA,NA,NA,NA,NA,NA,NA,NA
"1798","Wind_offshore","PDP8_rev_high",2012,NA,NA,NA,NA,NA,NA,NA,NA,NA,NA,NA,NA
"1799","Wind_offshore","PDP8_rev_high",2013,NA,NA,NA,NA,NA,NA,NA,NA,NA,NA,NA,NA
"1800","Wind_offshore","PDP8_rev_high",2014,NA,NA,NA,NA,NA,NA,NA,NA,NA,NA,NA,NA
"1801","Wind_offshore","PDP8_rev_high",2015,NA,NA,NA,NA,NA,NA,NA,NA,NA,NA,NA,NA
"1802","Wind_offshore","PDP8_rev_high",2016,NA,NA,NA,NA,NA,NA,NA,NA,NA,NA,NA,NA
"1803","Wind_offshore","PDP8_rev_high",2017,NA,NA,NA,NA,NA,NA,NA,NA,NA,NA,NA,NA
"1804","Wind_offshore","PDP8_rev_high",2018,NA,NA,NA,NA,NA,NA,NA,NA,NA,NA,NA,NA
"1805","Wind_offshore","PDP8_rev_high",2019,NA,NA,NA,NA,NA,NA,NA,NA,NA,NA,NA,NA
"1806","Wind_offshore","PDP8_rev_high",2020,NA,3702,3452,3952,NA,NA,NA,NA,NA,NA,NA,NA
"1807","Wind_offshore","PDP8_rev_high",2021,NA,3702,3452,3952,NA,NA,NA,NA,NA,NA,NA,NA
"1808","Wind_offshore","PDP8_rev_high",2022,NA,3702,3452,3952,NA,NA,NA,NA,NA,NA,NA,NA
"1809","Wind_offshore","PDP8_rev_high",2023,NA,3702,3452,3952,NA,NA,NA,NA,NA,NA,NA,NA
"1810","Wind_offshore","PDP8_rev_high",2024,NA,3702,3452,3952,NA,NA,NA,NA,NA,NA,NA,NA
"1811","Wind_offshore","PDP8_rev_high",2025,0,3115,2865,3365,0,0,0,NA,NA,NA,NA,NA
"1812","Wind_offshore","PDP8_rev_high",2026,3406.4,3115,2865,3365,10610.936,9759.336,11462.536,3406.4,10610.936,9759.336,11462.536,3.4064
"1813","Wind_offshore","PDP8_rev_high",2027,6812.8,3115,2865,3365,21221.872,19518.672,22925.072,3406.4,10610.936,9759.336,11462.536,3.4064
"1814","Wind_offshore","PDP8_rev_high",2028,10219.2,3115,2865,3365,31832.808,29278.008,34387.608,3406.4,10610.936,9759.336,11462.536,3.4064
"1815","Wind_offshore","PDP8_rev_high",2029,13625.6,3115,2865,3365,42443.744,39037.344,45850.144,3406.4,10610.936,9759.336,11462.536,3.4064
"1816","Wind_offshore","PDP8_rev_high",2030,17032,2459,2209,2709,41881.688,37623.688,46139.688,3406.4,8376.3376,7524.7376,9227.9376,3.4064
"1817","Wind_offshore","PDP8_rev_high",2031,23135.25,2459,2209,2709,56889.57975,51105.76725,62673.39225,6103.25,15007.89175,13482.07925,16533.70425,6.10325
"1818","Wind_offshore","PDP8_rev_high",2032,29238.5,2459,2209,2709,71897.4715,64587.8465,79207.0965,6103.25,15007.89175,13482.07925,16533.70425,6.10325
"1819","Wind_offshore","PDP8_rev_high",2033,35341.75,2459,2209,2709,86905.36325,78069.92575,95740.80075,6103.25,15007.89175,13482.07925,16533.70425,6.10325
"1820","Wind_offshore","PDP8_rev_high",2034,41445,2459,2209,2709,101913.255,91552.005,112274.505,6103.25,15007.89175,13482.07925,16533.70425,6.10325
"1821","Wind_offshore","PDP8_rev_high",2035,47548.25,2459,2209,2709,116921.14675,105034.08425,128808.20925,6103.25,15007.89175,13482.07925,16533.70425,6.10325
"1822","Wind_offshore","PDP8_rev_high",2036,53651.5,2459,2209,2709,131929.0385,118516.1635,145341.9135,6103.25,15007.89175,13482.07925,16533.70425,6.10325
"1823","Wind_offshore","PDP8_rev_high",2037,59754.75,2459,2209,2709,146936.93025,131998.24275,161875.61775,6103.25,15007.89175,13482.07925,16533.70425,6.10325
"1824","Wind_offshore","PDP8_rev_high",2038,65858,2459,2209,2709,161944.822,145480.322,178409.322,6103.25,15007.89175,13482.07925,16533.70425,6.10325
"1825","Wind_offshore","PDP8_rev_high",2039,71961.25,2459,2209,2709,176952.71375,158962.40125,194943.02625,6103.25,15007.89175,13482.07925,16533.70425,6.10325
"1826","Wind_offshore","PDP8_rev_high",2040,78064.5,2201,1951,2451,171819.9645,152303.8395,191336.0895,6103.25,13433.25325,11907.44075,14959.06575,6.10325
"1827","Wind_offshore","PDP8_rev_high",2041,84167.75,2201,1951,2451,185253.21775,164211.28025,206295.15525,6103.25,13433.25325,11907.44075,14959.06575,6.10325
"1828","Wind_offshore","PDP8_rev_high",2042,90271,2201,1951,2451,198686.471,176118.721,221254.221,6103.25,13433.25325,11907.44075,14959.06575,6.10325
"1829","Wind_offshore","PDP8_rev_high",2043,96374.25,2201,1951,2451,212119.72425,188026.16175,236213.28675,6103.25,13433.25325,11907.44075,14959.06575,6.10325
"1830","Wind_offshore","PDP8_rev_high",2044,102477.5,2201,1951,2451,225552.9775,199933.6025,251172.3525,6103.25,13433.25325,11907.44075,14959.06575,6.10325
"1831","Wind_offshore","PDP8_rev_high",2045,108580.75,2201,1951,2451,238986.23075,211841.04325,266131.41825,6103.25,13433.25325,11907.44075,14959.06575,6.10325
"1832","Wind_offshore","PDP8_rev_high",2046,114684,2201,1951,2451,252419.484,223748.484,281090.484,6103.25,13433.25325,11907.44075,14959.06575,6.10325
"1833","Wind_offshore","PDP8_rev_high",2047,120787.25,2201,1951,2451,265852.73725,235655.92475,296049.54975,6103.25,13433.25325,11907.44075,14959.06575,6.10325
"1834","Wind_offshore","PDP8_rev_high",2048,126890.5,2201,1951,2451,279285.9905,247563.3655,311008.6155,6103.25,13433.25325,11907.44075,14959.06575,6.10325
"1835","Wind_offshore","PDP8_rev_high",2049,132993.75,2201,1951,2451,292719.24375,259470.80625,325967.68125,6103.25,13433.25325,11907.44075,14959.06575,6.10325
"1836","Wind_offshore","PDP8_rev_high",2050,139097,1944,1694,2194,270404.568,235630.318,305178.818,6103.25,11864.718,10338.9055,13390.5305,6.10325
"1837","PV","PDP8",2000,0,NA,NA,NA,NA,NA,NA,NA,NA,NA,NA,NA
"1838","PV","PDP8",2001,0,NA,NA,NA,NA,NA,NA,0,NA,NA,NA,0
"1839","PV","PDP8",2002,0,NA,NA,NA,NA,NA,NA,0,NA,NA,NA,0
"1840","PV","PDP8",2003,0,NA,NA,NA,NA,NA,NA,0,NA,NA,NA,0
"1841","PV","PDP8",2004,0,NA,NA,NA,NA,NA,NA,0,NA,NA,NA,0
"1842","PV","PDP8",2005,0,NA,NA,NA,NA,NA,NA,0,NA,NA,NA,0
"1843","PV","PDP8",2006,0,NA,NA,NA,NA,NA,NA,0,NA,NA,NA,0
"1844","PV","PDP8",2007,0,NA,NA,NA,NA,NA,NA,0,NA,NA,NA,0
"1845","PV","PDP8",2008,0,NA,NA,NA,NA,NA,NA,0,NA,NA,NA,0
"1846","PV","PDP8",2009,0,NA,NA,NA,NA,NA,NA,0,NA,NA,NA,0
"1847","PV","PDP8",2010,0,NA,NA,NA,NA,NA,NA,0,NA,NA,NA,0
"1848","PV","PDP8",2011,0,NA,NA,NA,NA,NA,NA,0,NA,NA,NA,0
"1849","PV","PDP8",2012,0,NA,NA,NA,NA,NA,NA,0,NA,NA,NA,0
"1850","PV","PDP8",2013,0,NA,NA,NA,NA,NA,NA,0,NA,NA,NA,0
"1851","PV","PDP8",2014,10,NA,NA,NA,NA,NA,NA,10,NA,NA,NA,0.01
"1852","PV","PDP8",2015,10,NA,NA,NA,NA,NA,NA,0,NA,NA,NA,0
"1853","PV","PDP8",2016,10,NA,NA,NA,NA,NA,NA,0,NA,NA,NA,0
"1854","PV","PDP8",2017,10,NA,NA,NA,NA,NA,NA,0,NA,NA,NA,0
"1855","PV","PDP8",2018,100,NA,NA,NA,NA,NA,NA,90,NA,NA,NA,0.09
"1856","PV","PDP8",2019,4990,NA,NA,NA,NA,NA,NA,4890,NA,NA,NA,4.89
"1857","PV","PDP8",2020,16660,952.12053347222,852.12053347222,1052.12053347222,15862.3280876472,14196.3280876472,17528.3280876472,11670,11111.2466256208,9944.24662562081,12278.2466256208,11.67
"1858","PV","PDP8",2021,16660,952.12053347222,852.12053347222,1052.12053347222,15862.3280876472,14196.3280876472,17528.3280876472,0,0,0,0,0
"1859","PV","PDP8",2022,16700,952.12053347222,852.12053347222,1052.12053347222,15900.4129089861,14230.4129089861,17570.4129089861,40,38.0848213388888,34.0848213388888,42.0848213388888,0.04
"1860","PV","PDP8",2023,18590,952.12053347222,852.12053347222,1052.12053347222,17699.9207172486,15840.9207172486,19558.9207172486,1890,1799.5078082625,1610.5078082625,1988.5078082625,1.89
"1861","PV","PDP8",2024,18670,952.12053347222,852.12053347222,1052.12053347222,17776.0903599263,15909.0903599263,19643.0903599263,80,76.1696426777776,68.1696426777776,84.1696426777776,0.08
"1862","PV","PDP8",2025,16919,818.364520749242,718.364520749242,918.364520749242,13845.9093265564,12154.0093265564,15537.8093265564,-1751,0,0,0,0
"1863","PV","PDP8",2026,17653.4,818.364520749242,718.364520749242,918.364520749242,14446.9162305947,12681.5762305947,16212.2562305947,734.400000000001,601.006904038245,527.566904038244,674.446904038245,0.734400000000001
"1864","PV","PDP8",2027,18387.8,818.364520749242,718.364520749242,918.364520749242,15047.9231346329,13209.1431346329,16886.7031346329,734.399999999998,601.006904038242,527.566904038242,674.446904038241,0.734399999999998
"1865","PV","PDP8",2028,19122.2,818.364520749242,718.364520749242,918.364520749242,15648.9300386712,13736.7100386712,17561.1500386712,734.400000000001,601.006904038245,527.566904038244,674.446904038245,0.734400000000001
"1866","PV","PDP8",2029,19856.6,818.364520749242,718.364520749242,918.364520749242,16249.9369427094,14264.2769427094,18235.5969427094,734.399999999998,601.006904038242,527.566904038242,674.446904038241,0.734399999999998
"1867","PV","PDP8",2030,20591,664.220869904428,564.220869904428,764.220869904428,13676.9719322021,11617.8719322021,15736.0719322021,734.400000000001,487.803806857813,414.363806857813,561.243806857813,0.734400000000001
"1868","PV","PDP8",2031,29026.15,664.220869904428,564.220869904428,764.220869904428,19279.7746029764,16377.1596029764,22182.3896029764,8435.15,5602.80267077434,4759.28767077434,6446.31767077434,8.43515
"1869","PV","PDP8",2032,37461.3,664.220869904428,564.220869904428,764.220869904428,24882.5772737508,21136.4472737508,28628.7072737508,8435.15,5602.80267077434,4759.28767077434,6446.31767077434,8.43515
"1870","PV","PDP8",2033,45896.45,664.220869904428,564.220869904428,764.220869904428,30485.3799445251,25895.7349445251,35075.0249445251,8435.14999999999,5602.80267077433,4759.28767077433,6446.31767077433,8.43514999999999
"1871","PV","PDP8",2034,54331.6,664.220869904428,564.220869904428,764.220869904428,36088.1826152994,30655.0226152994,41521.3426152994,8435.15,5602.80267077434,4759.28767077434,6446.31767077434,8.43515
"1872","PV","PDP8",2035,62766.75,664.220869904428,564.220869904428,764.220869904428,41690.9852860738,35414.3102860738,47967.6602860738,8435.15,5602.80267077434,4759.28767077434,6446.31767077434,8.43515
"1873","PV","PDP8",2036,71201.9,633,533,733,45070.8027,37950.6127,52190.9927,8435.14999999999,5339.44995,4495.93495,6182.96495,8.43514999999999
"1874","PV","PDP8",2037,79637.05,633,533,733,50410.25265,42446.54765,58373.95765,8435.14999999999,5339.44995,4495.93495,6182.96495,8.43514999999999
"1875","PV","PDP8",2038,88072.2,633,533,733,55749.7026,46942.4826,64556.9226,8435.15000000001,5339.44995000001,4495.93495000001,6182.96495000001,8.43515000000001
"1876","PV","PDP8",2039,96507.35,633,533,733,61089.15255,51438.41755,70739.88755,8435.15000000001,5339.44995000001,4495.93495000001,6182.96495000001,8.43515000000001
"1877","PV","PDP8",2040,104942.5,556,456,656,58348.03,47853.78,68842.28,8435.14999999999,4689.9434,3846.4284,5533.4584,8.43514999999999
"1878","PV","PDP8",2041,113377.65,556,456,656,63037.9734,51700.2084,74375.7384,8435.15000000001,4689.94340000001,3846.4284,5533.45840000001,8.43515000000001
"1879","PV","PDP8",2042,121812.8,556,456,656,67727.9168,55546.6368,79909.1968,8435.14999999999,4689.9434,3846.4284,5533.4584,8.43514999999999
"1880","PV","PDP8",2043,130247.95,556,456,656,72417.8602,59393.0652,85442.6552,8435.14999999999,4689.9434,3846.4284,5533.4584,8.43514999999999
"1881","PV","PDP8",2044,138683.1,556,456,656,77107.8036,63239.4936,90976.1136,8435.14999999998,4689.94339999999,3846.42839999999,5533.45839999999,8.43514999999998
"1882","PV","PDP8",2045,147118.25,556,456,656,81797.747,67085.922,96509.572,8435.15000000002,4689.94340000001,3846.42840000001,5533.45840000001,8.43515000000002
"1883","PV","PDP8",2046,155553.4,556,456,656,86487.6904,70932.3504,102043.0304,8435.14999999999,4689.9434,3846.4284,5533.4584,8.43514999999999
"1884","PV","PDP8",2047,163988.55,556,456,656,91177.6338,74778.7788,107576.4888,8435.14999999999,4689.9434,3846.4284,5533.4584,8.43514999999999
"1885","PV","PDP8",2048,172423.7,556,456,656,95867.5772,78625.2072,113109.9472,8435.15000000002,4689.94340000001,3846.42840000001,5533.45840000001,8.43515000000002
"1886","PV","PDP8",2049,180858.85,556,456,656,100557.5206,82471.6356,118643.4056,8435.14999999999,4689.9434,3846.4284,5533.4584,8.43514999999999
"1887","PV","PDP8",2050,189294,479,379,579,90671.826,71742.426,109601.226,8435.14999999999,4040.43685,3196.92185,4883.95185,8.43514999999999
"1888","PV","PDP8_rev_low",2000,0,NA,NA,NA,NA,NA,NA,NA,NA,NA,NA,NA
"1889","PV","PDP8_rev_low",2001,0,NA,NA,NA,NA,NA,NA,0,NA,NA,NA,0
"1890","PV","PDP8_rev_low",2002,0,NA,NA,NA,NA,NA,NA,0,NA,NA,NA,0
"1891","PV","PDP8_rev_low",2003,0,NA,NA,NA,NA,NA,NA,0,NA,NA,NA,0
"1892","PV","PDP8_rev_low",2004,0,NA,NA,NA,NA,NA,NA,0,NA,NA,NA,0
"1893","PV","PDP8_rev_low",2005,0,NA,NA,NA,NA,NA,NA,0,NA,NA,NA,0
"1894","PV","PDP8_rev_low",2006,0,NA,NA,NA,NA,NA,NA,0,NA,NA,NA,0
"1895","PV","PDP8_rev_low",2007,0,NA,NA,NA,NA,NA,NA,0,NA,NA,NA,0
"1896","PV","PDP8_rev_low",2008,0,NA,NA,NA,NA,NA,NA,0,NA,NA,NA,0
"1897","PV","PDP8_rev_low",2009,0,NA,NA,NA,NA,NA,NA,0,NA,NA,NA,0
"1898","PV","PDP8_rev_low",2010,0,NA,NA,NA,NA,NA,NA,0,NA,NA,NA,0
"1899","PV","PDP8_rev_low",2011,0,NA,NA,NA,NA,NA,NA,0,NA,NA,NA,0
"1900","PV","PDP8_rev_low",2012,0,NA,NA,NA,NA,NA,NA,0,NA,NA,NA,0
"1901","PV","PDP8_rev_low",2013,0,NA,NA,NA,NA,NA,NA,0,NA,NA,NA,0
"1902","PV","PDP8_rev_low",2014,10,NA,NA,NA,NA,NA,NA,10,NA,NA,NA,0.01
"1903","PV","PDP8_rev_low",2015,10,NA,NA,NA,NA,NA,NA,0,NA,NA,NA,0
"1904","PV","PDP8_rev_low",2016,10,NA,NA,NA,NA,NA,NA,0,NA,NA,NA,0
"1905","PV","PDP8_rev_low",2017,10,NA,NA,NA,NA,NA,NA,0,NA,NA,NA,0
"1906","PV","PDP8_rev_low",2018,100,NA,NA,NA,NA,NA,NA,90,NA,NA,NA,0.09
"1907","PV","PDP8_rev_low",2019,4990,NA,NA,NA,NA,NA,NA,4890,NA,NA,NA,4.89
"1908","PV","PDP8_rev_low",2020,16660,952.12053347222,852.12053347222,1052.12053347222,15862.3280876472,14196.3280876472,17528.3280876472,11670,11111.2466256208,9944.24662562081,12278.2466256208,11.67
"1909","PV","PDP8_rev_low",2021,16660,952.12053347222,852.12053347222,1052.12053347222,15862.3280876472,14196.3280876472,17528.3280876472,0,0,0,0,0
"1910","PV","PDP8_rev_low",2022,16700,952.12053347222,852.12053347222,1052.12053347222,15900.4129089861,14230.4129089861,17570.4129089861,40,38.0848213388888,34.0848213388888,42.0848213388888,0.04
"1911","PV","PDP8_rev_low",2023,18590,952.12053347222,852.12053347222,1052.12053347222,17699.9207172486,15840.9207172486,19558.9207172486,1890,1799.5078082625,1610.5078082625,1988.5078082625,1.89
"1912","PV","PDP8_rev_low",2024,18670,952.12053347222,852.12053347222,1052.12053347222,17776.0903599263,15909.0903599263,19643.0903599263,80,76.1696426777776,68.1696426777776,84.1696426777776,0.08
"1913","PV","PDP8_rev_low",2025,16919,818.364520749242,718.364520749242,918.364520749242,13845.9093265564,12154.0093265564,15537.8093265564,-1751,0,0,0,0
"1914","PV","PDP8_rev_low",2026,22827,818.364520749242,718.364520749242,918.364520749242,18680.806915143,16398.1069151429,20963.5069151429,5908,4834.89758858652,4244.09758858652,5425.69758858652,5.908
"1915","PV","PDP8_rev_low",2027,28735,818.364520749242,718.364520749242,918.364520749242,23515.7045037295,20642.2045037295,26389.2045037295,5908,4834.89758858652,4244.09758858652,5425.69758858652,5.908
"1916","PV","PDP8_rev_low",2028,34643,818.364520749242,718.364520749242,918.364520749242,28350.602092316,24886.302092316,31814.902092316,5908,4834.89758858652,4244.09758858652,5425.69758858652,5.908
"1917","PV","PDP8_rev_low",2029,40551,818.364520749242,718.364520749242,918.364520749242,33185.4996809025,29130.3996809025,37240.5996809025,5908,4834.89758858652,4244.09758858652,5425.69758858652,5.908
"1918","PV","PDP8_rev_low",2030,46459,664.220869904428,564.220869904428,764.220869904428,30859.0373948898,26213.1373948898,35504.9373948898,5908,3924.21689939536,3333.41689939536,4515.01689939536,5.908
"1919","PV","PDP8_rev_low",2031,58790.45,664.220869904428,564.220869904428,764.220869904428,39049.8438410728,33170.7988410728,44928.8888410728,12331.45,8190.80644618296,6957.66144618296,9423.95144618296,12.33145
"1920","PV","PDP8_rev_low",2032,71121.9,664.220869904428,564.220869904428,764.220869904428,47240.6502872557,40128.4602872557,54352.8402872557,12331.45,8190.80644618296,6957.66144618296,9423.95144618296,12.33145
"1921","PV","PDP8_rev_low",2033,83453.35,664.220869904428,564.220869904428,764.220869904428,55431.4567334387,47086.1217334387,63776.7917334387,12331.45,8190.80644618297,6957.66144618297,9423.95144618297,12.33145
"1922","PV","PDP8_rev_low",2034,95784.8,664.220869904428,564.220869904428,764.220869904428,63622.2631796217,54043.7831796217,73200.7431796217,12331.45,8190.80644618296,6957.66144618296,9423.95144618296,12.33145
"1923","PV","PDP8_rev_low",2035,108116.25,664.220869904428,564.220869904428,764.220869904428,71813.0696258046,61001.4446258046,82624.6946258046,12331.45,8190.80644618296,6957.66144618296,9423.95144618296,12.33145
"1924","PV","PDP8_rev_low",2036,120447.7,633,533,733,76243.3941,64198.6241,88288.1641,12331.45,7805.80785,6572.66285,9038.95285,12.33145
"1925","PV","PDP8_rev_low",2037,132779.15,633,533,733,84049.20195,70771.28695,97327.11695,12331.45,7805.80785,6572.66285,9038.95285,12.33145
"1926","PV","PDP8_rev_low",2038,145110.6,633,533,733,91855.0098,77343.9498,106366.0698,12331.45,7805.80785000001,6572.66285000001,9038.95285000001,12.33145
"1927","PV","PDP8_rev_low",2039,157442.05,633,533,733,99660.81765,83916.61265,115405.02265,12331.45,7805.80784999999,6572.66284999999,9038.95284999999,12.33145
"1928","PV","PDP8_rev_low",2040,169773.5,556,456,656,94394.066,77416.716,111371.416,12331.45,6856.28620000001,5623.1412,8089.43120000001,12.33145
"1929","PV","PDP8_rev_low",2041,182104.95,556,456,656,101250.3522,83039.8572,119460.8472,12331.45,6856.28620000001,5623.1412,8089.43120000001,12.33145
"1930","PV","PDP8_rev_low",2042,194436.4,556,456,656,108106.6384,88662.9984,127550.2784,12331.45,6856.28619999999,5623.14119999999,8089.43119999999,12.33145
"1931","PV","PDP8_rev_low",2043,206767.85,556,456,656,114962.9246,94286.1396,135639.7096,12331.45,6856.28620000001,5623.1412,8089.43120000001,12.33145
"1932","PV","PDP8_rev_low",2044,219099.3,556,456,656,121819.2108,99909.2808,143729.1408,12331.45,6856.28619999999,5623.14119999999,8089.43119999999,12.33145
"1933","PV","PDP8_rev_low",2045,231430.75,556,456,656,128675.497,105532.422,151818.572,12331.45,6856.28620000001,5623.1412,8089.43120000001,12.33145
"1934","PV","PDP8_rev_low",2046,243762.2,556,456,656,135531.7832,111155.5632,159908.0032,12331.45,6856.28620000001,5623.1412,8089.43120000001,12.33145
"1935","PV","PDP8_rev_low",2047,256093.65,556,456,656,142388.0694,116778.7044,167997.4344,12331.45,6856.28619999999,5623.14119999999,8089.43119999999,12.33145
"1936","PV","PDP8_rev_low",2048,268425.1,556,456,656,149244.3556,122401.8456,176086.8656,12331.45,6856.28619999999,5623.14119999999,8089.43119999999,12.33145
"1937","PV","PDP8_rev_low",2049,280756.55,556,456,656,156100.6418,128024.9868,184176.2968,12331.45,6856.28620000001,5623.1412,8089.43120000001,12.33145
"1938","PV","PDP8_rev_low",2050,293088,479,379,579,140389.152,111080.352,169697.952,12331.45,5906.76455000001,4673.61955,7139.90955000001,12.33145
"1939","PV","PDP8_rev_high",2000,0,NA,NA,NA,NA,NA,NA,NA,NA,NA,NA,NA
"1940","PV","PDP8_rev_high",2001,0,NA,NA,NA,NA,NA,NA,0,NA,NA,NA,0
"1941","PV","PDP8_rev_high",2002,0,NA,NA,NA,NA,NA,NA,0,NA,NA,NA,0
"1942","PV","PDP8_rev_high",2003,0,NA,NA,NA,NA,NA,NA,0,NA,NA,NA,0
"1943","PV","PDP8_rev_high",2004,0,NA,NA,NA,NA,NA,NA,0,NA,NA,NA,0
"1944","PV","PDP8_rev_high",2005,0,NA,NA,NA,NA,NA,NA,0,NA,NA,NA,0
"1945","PV","PDP8_rev_high",2006,0,NA,NA,NA,NA,NA,NA,0,NA,NA,NA,0
"1946","PV","PDP8_rev_high",2007,0,NA,NA,NA,NA,NA,NA,0,NA,NA,NA,0
"1947","PV","PDP8_rev_high",2008,0,NA,NA,NA,NA,NA,NA,0,NA,NA,NA,0
"1948","PV","PDP8_rev_high",2009,0,NA,NA,NA,NA,NA,NA,0,NA,NA,NA,0
"1949","PV","PDP8_rev_high",2010,0,NA,NA,NA,NA,NA,NA,0,NA,NA,NA,0
"1950","PV","PDP8_rev_high",2011,0,NA,NA,NA,NA,NA,NA,0,NA,NA,NA,0
"1951","PV","PDP8_rev_high",2012,0,NA,NA,NA,NA,NA,NA,0,NA,NA,NA,0
"1952","PV","PDP8_rev_high",2013,0,NA,NA,NA,NA,NA,NA,0,NA,NA,NA,0
"1953","PV","PDP8_rev_high",2014,10,NA,NA,NA,NA,NA,NA,10,NA,NA,NA,0.01
"1954","PV","PDP8_rev_high",2015,10,NA,NA,NA,NA,NA,NA,0,NA,NA,NA,0
"1955","PV","PDP8_rev_high",2016,10,NA,NA,NA,NA,NA,NA,0,NA,NA,NA,0
"1956","PV","PDP8_rev_high",2017,10,NA,NA,NA,NA,NA,NA,0,NA,NA,NA,0
"1957","PV","PDP8_rev_high",2018,100,NA,NA,NA,NA,NA,NA,90,NA,NA,NA,0.09
"1958","PV","PDP8_rev_high",2019,4990,NA,NA,NA,NA,NA,NA,4890,NA,NA,NA,4.89
"1959","PV","PDP8_rev_high",2020,16660,952.12053347222,852.12053347222,1052.12053347222,15862.3280876472,14196.3280876472,17528.3280876472,11670,11111.2466256208,9944.24662562081,12278.2466256208,11.67
"1960","PV","PDP8_rev_high",2021,16660,952.12053347222,852.12053347222,1052.12053347222,15862.3280876472,14196.3280876472,17528.3280876472,0,0,0,0,0
"1961","PV","PDP8_rev_high",2022,16700,952.12053347222,852.12053347222,1052.12053347222,15900.4129089861,14230.4129089861,17570.4129089861,40,38.0848213388888,34.0848213388888,42.0848213388888,0.04
"1962","PV","PDP8_rev_high",2023,18590,952.12053347222,852.12053347222,1052.12053347222,17699.9207172486,15840.9207172486,19558.9207172486,1890,1799.5078082625,1610.5078082625,1988.5078082625,1.89
"1963","PV","PDP8_rev_high",2024,18670,952.12053347222,852.12053347222,1052.12053347222,17776.0903599263,15909.0903599263,19643.0903599263,80,76.1696426777776,68.1696426777776,84.1696426777776,0.08
"1964","PV","PDP8_rev_high",2025,16919,818.364520749242,718.364520749242,918.364520749242,13845.9093265564,12154.0093265564,15537.8093265564,-1751,0,0,0,0
"1965","PV","PDP8_rev_high",2026,28218.4,818.364520749242,718.364520749242,918.364520749242,23092.9373923104,20271.0973923104,25914.7773923104,11299.4,9247.02806575399,8117.08806575399,10376.968065754,11.2994
"1966","PV","PDP8_rev_high",2027,39517.8,818.364520749242,718.364520749242,918.364520749242,32339.9654580644,28388.1854580644,36291.7454580644,11299.4,9247.02806575399,8117.08806575399,10376.968065754,11.2994
"1967","PV","PDP8_rev_high",2028,50817.2,818.364520749242,718.364520749242,918.364520749242,41586.9935238184,36505.2735238184,46668.7135238184,11299.4,9247.02806575398,8117.08806575398,10376.968065754,11.2994
"1968","PV","PDP8_rev_high",2029,62116.6,818.364520749242,718.364520749242,918.364520749242,50834.0215895724,44622.3615895724,57045.6815895724,11299.4,9247.02806575399,8117.08806575399,10376.968065754,11.2994
"1969","PV","PDP8_rev_high",2030,73416,664.220869904428,564.220869904428,764.220869904428,48764.4393849035,41422.8393849035,56106.0393849035,11299.4,7505.29729739809,6375.35729739809,8635.23729739809,11.2994
"1970","PV","PDP8_rev_high",2031,84527.5,664.220869904428,564.220869904428,764.220869904428,56144.9295808465,47692.1795808465,64597.6795808465,11111.5,7380.49019594305,6269.34019594305,8491.64019594305,11.1115
"1971","PV","PDP8_rev_high",2032,95639,664.220869904428,564.220869904428,764.220869904428,63525.4197767896,53961.5197767896,73089.3197767896,11111.5,7380.49019594305,6269.34019594305,8491.64019594305,11.1115
"1972","PV","PDP8_rev_high",2033,106750.5,664.220869904428,564.220869904428,764.220869904428,70905.9099727327,60230.8599727326,81580.9599727327,11111.5,7380.49019594305,6269.34019594305,8491.64019594305,11.1115
"1973","PV","PDP8_rev_high",2034,117862,664.220869904428,564.220869904428,764.220869904428,78286.4001686757,66500.2001686757,90072.6001686757,11111.5,7380.49019594305,6269.34019594305,8491.64019594305,11.1115
"1974","PV","PDP8_rev_high",2035,128973.5,664.220869904428,564.220869904428,764.220869904428,85666.8903646188,72769.5403646187,98564.2403646187,11111.5,7380.49019594305,6269.34019594305,8491.64019594305,11.1115
"1975","PV","PDP8_rev_high",2036,140085,633,533,733,88673.805,74665.305,102682.305,11111.5,7033.5795,5922.4295,8144.7295,11.1115
"1976","PV","PDP8_rev_high",2037,151196.5,633,533,733,95707.3845,80587.7345,110827.0345,11111.5,7033.5795,5922.4295,8144.7295,11.1115
"1977","PV","PDP8_rev_high",2038,162308,633,533,733,102740.964,86510.164,118971.764,11111.5,7033.5795,5922.4295,8144.7295,11.1115
"1978","PV","PDP8_rev_high",2039,173419.5,633,533,733,109774.5435,92432.5935,127116.4935,11111.5,7033.5795,5922.4295,8144.7295,11.1115
"1979","PV","PDP8_rev_high",2040,184531,556,456,656,102599.236,84146.136,121052.336,11111.5,6177.994,5066.844,7289.144,11.1115
"1980","PV","PDP8_rev_high",2041,195642.5,556,456,656,108777.23,89212.98,128341.48,11111.5,6177.994,5066.844,7289.144,11.1115
"1981","PV","PDP8_rev_high",2042,206754,556,456,656,114955.224,94279.824,135630.624,11111.5,6177.994,5066.844,7289.144,11.1115
"1982","PV","PDP8_rev_high",2043,217865.5,556,456,656,121133.218,99346.668,142919.768,11111.5,6177.994,5066.844,7289.144,11.1115
"1983","PV","PDP8_rev_high",2044,228977,556,456,656,127311.212,104413.512,150208.912,11111.5,6177.994,5066.844,7289.144,11.1115
"1984","PV","PDP8_rev_high",2045,240088.5,556,456,656,133489.206,109480.356,157498.056,11111.5,6177.994,5066.844,7289.144,11.1115
"1985","PV","PDP8_rev_high",2046,251200,556,456,656,139667.2,114547.2,164787.2,11111.5,6177.994,5066.844,7289.144,11.1115
"1986","PV","PDP8_rev_high",2047,262311.5,556,456,656,145845.194,119614.044,172076.344,11111.5,6177.994,5066.844,7289.144,11.1115
"1987","PV","PDP8_rev_high",2048,273423,556,456,656,152023.188,124680.888,179365.488,11111.5,6177.994,5066.844,7289.144,11.1115
"1988","PV","PDP8_rev_high",2049,284534.5,556,456,656,158201.182,129747.732,186654.632,11111.5,6177.994,5066.844,7289.144,11.1115
"1989","PV","PDP8_rev_high",2050,295646,479,379,579,141614.434,112049.834,171179.034,11111.5,5322.4085,4211.2585,6433.5585,11.1115
"1990","Biomass","PDP8",2000,NA,NA,NA,NA,NA,NA,NA,NA,NA,NA,NA,NA
"1991","Biomass","PDP8",2001,NA,NA,NA,NA,NA,NA,NA,NA,NA,NA,NA,NA
"1992","Biomass","PDP8",2002,NA,NA,NA,NA,NA,NA,NA,NA,NA,NA,NA,NA
"1993","Biomass","PDP8",2003,NA,NA,NA,NA,NA,NA,NA,NA,NA,NA,NA,NA
"1994","Biomass","PDP8",2004,NA,NA,NA,NA,NA,NA,NA,NA,NA,NA,NA,NA
"1995","Biomass","PDP8",2005,NA,NA,NA,NA,NA,NA,NA,NA,NA,NA,NA,NA
"1996","Biomass","PDP8",2006,NA,NA,NA,NA,NA,NA,NA,NA,NA,NA,NA,NA
"1997","Biomass","PDP8",2007,NA,NA,NA,NA,NA,NA,NA,NA,NA,NA,NA,NA
"1998","Biomass","PDP8",2008,NA,NA,NA,NA,NA,NA,NA,NA,NA,NA,NA,NA
"1999","Biomass","PDP8",2009,NA,NA,NA,NA,NA,NA,NA,NA,NA,NA,NA,NA
"2000","Biomass","PDP8",2010,NA,NA,NA,NA,NA,NA,NA,NA,NA,NA,NA,NA
"2001","Biomass","PDP8",2011,NA,NA,NA,NA,NA,NA,NA,NA,NA,NA,NA,NA
"2002","Biomass","PDP8",2012,NA,NA,NA,NA,NA,NA,NA,NA,NA,NA,NA,NA
"2003","Biomass","PDP8",2013,NA,NA,NA,NA,NA,NA,NA,NA,NA,NA,NA,NA
"2004","Biomass","PDP8",2014,NA,NA,NA,NA,NA,NA,NA,NA,NA,NA,NA,NA
"2005","Biomass","PDP8",2015,NA,NA,NA,NA,NA,NA,NA,NA,NA,NA,NA,NA
"2006","Biomass","PDP8",2016,NA,NA,NA,NA,NA,NA,NA,NA,NA,NA,NA,NA
"2007","Biomass","PDP8",2017,NA,NA,NA,NA,NA,NA,NA,NA,NA,NA,NA,NA
"2008","Biomass","PDP8",2018,NA,NA,NA,NA,NA,NA,NA,NA,NA,NA,NA,NA
"2009","Biomass","PDP8",2019,NA,NA,NA,NA,NA,NA,NA,NA,NA,NA,NA,NA
"2010","Biomass","PDP8",2020,NA,1990,1690,2290,NA,NA,NA,NA,NA,NA,NA,NA
"2011","Biomass","PDP8",2021,NA,1990,1690,2290,NA,NA,NA,NA,NA,NA,NA,NA
"2012","Biomass","PDP8",2022,NA,1990,1690,2290,NA,NA,NA,NA,NA,NA,NA,NA
"2013","Biomass","PDP8",2023,NA,1990,1690,2290,NA,NA,NA,NA,NA,NA,NA,NA
"2014","Biomass","PDP8",2024,NA,1990,1690,2290,NA,NA,NA,NA,NA,NA,NA,NA
"2015","Biomass","PDP8",2025,276,1990,1690,2290,549.24,466.44,632.04,NA,NA,NA,NA,NA
"2016","Biomass","PDP8",2026,674.8,1990,1690,2290,1342.852,1140.412,1545.292,398.8,793.612,673.972,913.252,0.3988
"2017","Biomass","PDP8",2027,1073.6,1990,1690,2290,2136.464,1814.384,2458.544,398.8,793.612,673.972,913.252,0.3988
"2018","Biomass","PDP8",2028,1472.4,1990,1690,2290,2930.076,2488.356,3371.796,398.8,793.612,673.972,913.252,0.3988
"2019","Biomass","PDP8",2029,1871.2,1990,1690,2290,3723.688,3162.328,4285.048,398.8,793.612,673.972,913.252000000001,0.3988
"2020","Biomass","PDP8",2030,2270,1831,1531,2131,4156.37,3475.37,4837.37,398.8,730.2028,610.5628,849.8428,0.3988
"2021","Biomass","PDP8",2031,2457.25,1831,1531,2131,4499.22475,3762.04975,5236.39975,187.25,342.85475,286.67975,399.02975,0.18725
"2022","Biomass","PDP8",2032,2644.5,1831,1531,2131,4842.0795,4048.7295,5635.4295,187.25,342.85475,286.67975,399.02975,0.18725
"2023","Biomass","PDP8",2033,2831.75,1831,1531,2131,5184.93425,4335.40925,6034.45925,187.25,342.85475,286.67975,399.02975,0.18725
"2024","Biomass","PDP8",2034,3019,1831,1531,2131,5527.789,4622.089,6433.489,187.25,342.85475,286.67975,399.02975,0.18725
"2025","Biomass","PDP8",2035,3206.25,1831,1531,2131,5870.64375,4908.76875,6832.51875,187.25,342.85475,286.67975,399.02975,0.18725
"2026","Biomass","PDP8",2036,3393.5,1831,1531,2131,6213.4985,5195.4485,7231.5485,187.25,342.85475,286.67975,399.02975,0.18725
"2027","Biomass","PDP8",2037,3580.75,1831,1531,2131,6556.35325,5482.12825,7630.57825,187.25,342.85475,286.67975,399.02975,0.18725
"2028","Biomass","PDP8",2038,3768,1831,1531,2131,6899.208,5768.808,8029.608,187.25,342.85475,286.67975,399.02975,0.18725
"2029","Biomass","PDP8",2039,3955.25,1831,1531,2131,7242.06275,6055.48775,8428.63775,187.25,342.85475,286.67975,399.02975,0.18725
"2030","Biomass","PDP8",2040,4142.5,1831,1531,2131,7584.9175,6342.1675,8827.6675,187.25,342.85475,286.67975,399.02975,0.18725
"2031","Biomass","PDP8",2041,4329.75,1831,1531,2131,7927.77225,6628.84725,9226.69725,187.25,342.85475,286.67975,399.02975,0.18725
"2032","Biomass","PDP8",2042,4517,1831,1531,2131,8270.627,6915.527,9625.727,187.25,342.85475,286.67975,399.02975,0.18725
"2033","Biomass","PDP8",2043,4704.25,1831,1531,2131,8613.48175,7202.20675,10024.75675,187.25,342.85475,286.67975,399.02975,0.18725
"2034","Biomass","PDP8",2044,4891.5,1831,1531,2131,8956.3365,7488.8865,10423.7865,187.25,342.85475,286.67975,399.02975,0.18725
"2035","Biomass","PDP8",2045,5078.75,1831,1531,2131,9299.19125,7775.56625,10822.81625,187.25,342.85475,286.67975,399.02975,0.18725
"2036","Biomass","PDP8",2046,5266,1831,1531,2131,9642.046,8062.246,11221.846,187.25,342.85475,286.67975,399.02975,0.18725
"2037","Biomass","PDP8",2047,5453.25,1831,1531,2131,9984.90075,8348.92575,11620.87575,187.25,342.85475,286.67975,399.02975,0.18725
"2038","Biomass","PDP8",2048,5640.5,1831,1531,2131,10327.7555,8635.6055,12019.9055,187.25,342.85475,286.67975,399.02975,0.18725
"2039","Biomass","PDP8",2049,5827.75,1831,1531,2131,10670.61025,8922.28525,12418.93525,187.25,342.85475,286.67975,399.02975,0.18725
"2040","Biomass","PDP8",2050,6015,1598,1298,1898,9611.97,7807.47,11416.47,187.25,299.2255,243.0505,355.4005,0.18725
"2041","Biomass","PDP8_rev_low",2000,NA,NA,NA,NA,NA,NA,NA,NA,NA,NA,NA,NA
"2042","Biomass","PDP8_rev_low",2001,NA,NA,NA,NA,NA,NA,NA,NA,NA,NA,NA,NA
"2043","Biomass","PDP8_rev_low",2002,NA,NA,NA,NA,NA,NA,NA,NA,NA,NA,NA,NA
"2044","Biomass","PDP8_rev_low",2003,NA,NA,NA,NA,NA,NA,NA,NA,NA,NA,NA,NA
"2045","Biomass","PDP8_rev_low",2004,NA,NA,NA,NA,NA,NA,NA,NA,NA,NA,NA,NA
"2046","Biomass","PDP8_rev_low",2005,NA,NA,NA,NA,NA,NA,NA,NA,NA,NA,NA,NA
"2047","Biomass","PDP8_rev_low",2006,NA,NA,NA,NA,NA,NA,NA,NA,NA,NA,NA,NA
"2048","Biomass","PDP8_rev_low",2007,NA,NA,NA,NA,NA,NA,NA,NA,NA,NA,NA,NA
"2049","Biomass","PDP8_rev_low",2008,NA,NA,NA,NA,NA,NA,NA,NA,NA,NA,NA,NA
"2050","Biomass","PDP8_rev_low",2009,NA,NA,NA,NA,NA,NA,NA,NA,NA,NA,NA,NA
"2051","Biomass","PDP8_rev_low",2010,NA,NA,NA,NA,NA,NA,NA,NA,NA,NA,NA,NA
"2052","Biomass","PDP8_rev_low",2011,NA,NA,NA,NA,NA,NA,NA,NA,NA,NA,NA,NA
"2053","Biomass","PDP8_rev_low",2012,NA,NA,NA,NA,NA,NA,NA,NA,NA,NA,NA,NA
"2054","Biomass","PDP8_rev_low",2013,NA,NA,NA,NA,NA,NA,NA,NA,NA,NA,NA,NA
"2055","Biomass","PDP8_rev_low",2014,NA,NA,NA,NA,NA,NA,NA,NA,NA,NA,NA,NA
"2056","Biomass","PDP8_rev_low",2015,NA,NA,NA,NA,NA,NA,NA,NA,NA,NA,NA,NA
"2057","Biomass","PDP8_rev_low",2016,NA,NA,NA,NA,NA,NA,NA,NA,NA,NA,NA,NA
"2058","Biomass","PDP8_rev_low",2017,NA,NA,NA,NA,NA,NA,NA,NA,NA,NA,NA,NA
"2059","Biomass","PDP8_rev_low",2018,NA,NA,NA,NA,NA,NA,NA,NA,NA,NA,NA,NA
"2060","Biomass","PDP8_rev_low",2019,NA,NA,NA,NA,NA,NA,NA,NA,NA,NA,NA,NA
"2061","Biomass","PDP8_rev_low",2020,NA,1990,1690,2290,NA,NA,NA,NA,NA,NA,NA,NA
"2062","Biomass","PDP8_rev_low",2021,NA,1990,1690,2290,NA,NA,NA,NA,NA,NA,NA,NA
"2063","Biomass","PDP8_rev_low",2022,NA,1990,1690,2290,NA,NA,NA,NA,NA,NA,NA,NA
"2064","Biomass","PDP8_rev_low",2023,NA,1990,1690,2290,NA,NA,NA,NA,NA,NA,NA,NA
"2065","Biomass","PDP8_rev_low",2024,NA,1990,1690,2290,NA,NA,NA,NA,NA,NA,NA,NA
"2066","Biomass","PDP8_rev_low",2025,276,1990,1690,2290,549.24,466.44,632.04,NA,NA,NA,NA,NA
"2067","Biomass","PDP8_rev_low",2026,828.6,1990,1690,2290,1648.914,1400.334,1897.494,552.6,1099.674,933.894,1265.454,0.5526
"2068","Biomass","PDP8_rev_low",2027,1381.2,1990,1690,2290,2748.588,2334.228,3162.948,552.6,1099.674,933.894,1265.454,0.5526
"2069","Biomass","PDP8_rev_low",2028,1933.8,1990,1690,2290,3848.262,3268.122,4428.402,552.6,1099.674,933.894,1265.454,0.5526
"2070","Biomass","PDP8_rev_low",2029,2486.4,1990,1690,2290,4947.936,4202.016,5693.856,552.6,1099.674,933.894,1265.454,0.5526
"2071","Biomass","PDP8_rev_low",2030,3039,1831,1531,2131,5564.409,4652.709,6476.109,552.6,1011.8106,846.0306,1177.5906,0.5526
"2072","Biomass","PDP8_rev_low",2031,3240.7,1831,1531,2131,5933.7217,4961.5117,6905.9317,201.7,369.3127,308.8027,429.8227,0.2017
"2073","Biomass","PDP8_rev_low",2032,3442.4,1831,1531,2131,6303.0344,5270.3144,7335.7544,201.7,369.3127,308.8027,429.822700000001,0.2017
"2074","Biomass","PDP8_rev_low",2033,3644.1,1831,1531,2131,6672.3471,5579.1171,7765.5771,201.7,369.3127,308.8027,429.8227,0.2017
"2075","Biomass","PDP8_rev_low",2034,3845.8,1831,1531,2131,7041.6598,5887.9198,8195.3998,201.7,369.3127,308.8027,429.822700000001,0.2017
"2076","Biomass","PDP8_rev_low",2035,4047.5,1831,1531,2131,7410.9725,6196.7225,8625.2225,201.7,369.3127,308.8027,429.8227,0.2017
"2077","Biomass","PDP8_rev_low",2036,4249.2,1831,1531,2131,7780.2852,6505.5252,9055.0452,201.7,369.3127,308.8027,429.8227,0.2017
"2078","Biomass","PDP8_rev_low",2037,4450.9,1831,1531,2131,8149.5979,6814.3279,9484.8679,201.7,369.3127,308.8027,429.8227,0.2017
"2079","Biomass","PDP8_rev_low",2038,4652.6,1831,1531,2131,8518.9106,7123.1306,9914.6906,201.700000000001,369.312700000001,308.802700000001,429.822700000002,0.201700000000001
"2080","Biomass","PDP8_rev_low",2039,4854.3,1831,1531,2131,8888.2233,7431.9333,10344.5133,201.7,369.3127,308.8027,429.8227,0.2017
"2081","Biomass","PDP8_rev_low",2040,5056,1831,1531,2131,9257.536,7740.736,10774.336,201.7,369.3127,308.8027,429.8227,0.2017
"2082","Biomass","PDP8_rev_low",2041,5257.7,1831,1531,2131,9626.8487,8049.5387,11204.1587,201.700000000001,369.312700000001,308.802700000001,429.822700000002,0.201700000000001
"2083","Biomass","PDP8_rev_low",2042,5459.4,1831,1531,2131,9996.1614,8358.3414,11633.9814,201.699999999999,369.312699999998,308.802699999998,429.822699999998,0.201699999999999
"2084","Biomass","PDP8_rev_low",2043,5661.1,1831,1531,2131,10365.4741,8667.1441,12063.8041,201.700000000001,369.312700000001,308.802700000001,429.822700000002,0.201700000000001
"2085","Biomass","PDP8_rev_low",2044,5862.8,1831,1531,2131,10734.7868,8975.9468,12493.6268,201.699999999999,369.312699999998,308.802699999998,429.822699999998,0.201699999999999
"2086","Biomass","PDP8_rev_low",2045,6064.5,1831,1531,2131,11104.0995,9284.7495,12923.4495,201.700000000001,369.312700000001,308.802700000001,429.822700000002,0.201700000000001
"2087","Biomass","PDP8_rev_low",2046,6266.2,1831,1531,2131,11473.4122,9593.5522,13353.2722,201.700000000001,369.312700000001,308.802700000001,429.822700000002,0.201700000000001
"2088","Biomass","PDP8_rev_low",2047,6467.9,1831,1531,2131,11842.7249,9902.3549,13783.0949,201.699999999999,369.312699999998,308.802699999998,429.822699999998,0.201699999999999
"2089","Biomass","PDP8_rev_low",2048,6669.6,1831,1531,2131,12212.0376,10211.1576,14212.9176,201.700000000001,369.312700000001,308.802700000001,429.822700000002,0.201700000000001
"2090","Biomass","PDP8_rev_low",2049,6871.3,1831,1531,2131,12581.3503,10519.9603,14642.7403,201.699999999999,369.312699999998,308.802699999998,429.822699999998,0.201699999999999
"2091","Biomass","PDP8_rev_low",2050,7073,1598,1298,1898,11302.654,9180.754,13424.554,201.700000000001,322.316600000001,261.806600000001,382.826600000001,0.201700000000001
"2092","Biomass","PDP8_rev_high",2000,NA,NA,NA,NA,NA,NA,NA,NA,NA,NA,NA,NA
"2093","Biomass","PDP8_rev_high",2001,NA,NA,NA,NA,NA,NA,NA,NA,NA,NA,NA,NA
"2094","Biomass","PDP8_rev_high",2002,NA,NA,NA,NA,NA,NA,NA,NA,NA,NA,NA,NA
"2095","Biomass","PDP8_rev_high",2003,NA,NA,NA,NA,NA,NA,NA,NA,NA,NA,NA,NA
"2096","Biomass","PDP8_rev_high",2004,NA,NA,NA,NA,NA,NA,NA,NA,NA,NA,NA,NA
"2097","Biomass","PDP8_rev_high",2005,NA,NA,NA,NA,NA,NA,NA,NA,NA,NA,NA,NA
"2098","Biomass","PDP8_rev_high",2006,NA,NA,NA,NA,NA,NA,NA,NA,NA,NA,NA,NA
"2099","Biomass","PDP8_rev_high",2007,NA,NA,NA,NA,NA,NA,NA,NA,NA,NA,NA,NA
"2100","Biomass","PDP8_rev_high",2008,NA,NA,NA,NA,NA,NA,NA,NA,NA,NA,NA,NA
"2101","Biomass","PDP8_rev_high",2009,NA,NA,NA,NA,NA,NA,NA,NA,NA,NA,NA,NA
"2102","Biomass","PDP8_rev_high",2010,NA,NA,NA,NA,NA,NA,NA,NA,NA,NA,NA,NA
"2103","Biomass","PDP8_rev_high",2011,NA,NA,NA,NA,NA,NA,NA,NA,NA,NA,NA,NA
"2104","Biomass","PDP8_rev_high",2012,NA,NA,NA,NA,NA,NA,NA,NA,NA,NA,NA,NA
"2105","Biomass","PDP8_rev_high",2013,NA,NA,NA,NA,NA,NA,NA,NA,NA,NA,NA,NA
"2106","Biomass","PDP8_rev_high",2014,NA,NA,NA,NA,NA,NA,NA,NA,NA,NA,NA,NA
"2107","Biomass","PDP8_rev_high",2015,NA,NA,NA,NA,NA,NA,NA,NA,NA,NA,NA,NA
"2108","Biomass","PDP8_rev_high",2016,NA,NA,NA,NA,NA,NA,NA,NA,NA,NA,NA,NA
"2109","Biomass","PDP8_rev_high",2017,NA,NA,NA,NA,NA,NA,NA,NA,NA,NA,NA,NA
"2110","Biomass","PDP8_rev_high",2018,NA,NA,NA,NA,NA,NA,NA,NA,NA,NA,NA,NA
"2111","Biomass","PDP8_rev_high",2019,NA,NA,NA,NA,NA,NA,NA,NA,NA,NA,NA,NA
"2112","Biomass","PDP8_rev_high",2020,NA,1990,1690,2290,NA,NA,NA,NA,NA,NA,NA,NA
"2113","Biomass","PDP8_rev_high",2021,NA,1990,1690,2290,NA,NA,NA,NA,NA,NA,NA,NA
"2114","Biomass","PDP8_rev_high",2022,NA,1990,1690,2290,NA,NA,NA,NA,NA,NA,NA,NA
"2115","Biomass","PDP8_rev_high",2023,NA,1990,1690,2290,NA,NA,NA,NA,NA,NA,NA,NA
"2116","Biomass","PDP8_rev_high",2024,NA,1990,1690,2290,NA,NA,NA,NA,NA,NA,NA,NA
"2117","Biomass","PDP8_rev_high",2025,276,1990,1690,2290,549.24,466.44,632.04,NA,NA,NA,NA,NA
"2118","Biomass","PDP8_rev_high",2026,1197,1990,1690,2290,2382.03,2022.93,2741.13,921,1832.79,1556.49,2109.09,0.921
"2119","Biomass","PDP8_rev_high",2027,2118,1990,1690,2290,4214.82,3579.42,4850.22,921,1832.79,1556.49,2109.09,0.921
"2120","Biomass","PDP8_rev_high",2028,3039,1990,1690,2290,6047.61,5135.91,6959.31,921,1832.79,1556.49,2109.09,0.921
"2121","Biomass","PDP8_rev_high",2029,3960,1990,1690,2290,7880.4,6692.4,9068.4,921,1832.79,1556.49,2109.09,0.921
"2122","Biomass","PDP8_rev_high",2030,4881,1831,1531,2131,8937.111,7472.811,10401.411,921,1686.351,1410.051,1962.651,0.921
"2123","Biomass","PDP8_rev_high",2031,5115,1831,1531,2131,9365.565,7831.065,10900.065,234,428.454,358.254,498.654,0.234
"2124","Biomass","PDP8_rev_high",2032,5349,1831,1531,2131,9794.019,8189.319,11398.719,234,428.454,358.254,498.654,0.234
"2125","Biomass","PDP8_rev_high",2033,5583,1831,1531,2131,10222.473,8547.573,11897.373,234,428.454,358.254,498.654,0.234
"2126","Biomass","PDP8_rev_high",2034,5817,1831,1531,2131,10650.927,8905.827,12396.027,234,428.454,358.254,498.654,0.234
"2127","Biomass","PDP8_rev_high",2035,6051,1831,1531,2131,11079.381,9264.081,12894.681,234,428.454,358.254,498.654,0.234
"2128","Biomass","PDP8_rev_high",2036,6285,1831,1531,2131,11507.835,9622.335,13393.335,234,428.454,358.254,498.654,0.234
"2129","Biomass","PDP8_rev_high",2037,6519,1831,1531,2131,11936.289,9980.589,13891.989,234,428.454,358.254,498.654,0.234
"2130","Biomass","PDP8_rev_high",2038,6753,1831,1531,2131,12364.743,10338.843,14390.643,234,428.454,358.254,498.654,0.234
"2131","Biomass","PDP8_rev_high",2039,6987,1831,1531,2131,12793.197,10697.097,14889.297,234,428.454,358.254,498.654,0.234
"2132","Biomass","PDP8_rev_high",2040,7221,1831,1531,2131,13221.651,11055.351,15387.951,234,428.454,358.254,498.654,0.234
"2133","Biomass","PDP8_rev_high",2041,7455,1831,1531,2131,13650.105,11413.605,15886.605,234,428.454,358.254,498.654,0.234
"2134","Biomass","PDP8_rev_high",2042,7689,1831,1531,2131,14078.559,11771.859,16385.259,234,428.454,358.254,498.654,0.234
"2135","Biomass","PDP8_rev_high",2043,7923,1831,1531,2131,14507.013,12130.113,16883.913,234,428.454,358.254,498.654,0.234
"2136","Biomass","PDP8_rev_high",2044,8157,1831,1531,2131,14935.467,12488.367,17382.567,234,428.454,358.254,498.654,0.234
"2137","Biomass","PDP8_rev_high",2045,8391,1831,1531,2131,15363.921,12846.621,17881.221,234,428.454,358.254,498.654,0.234
"2138","Biomass","PDP8_rev_high",2046,8625,1831,1531,2131,15792.375,13204.875,18379.875,234,428.454,358.254,498.654,0.234
"2139","Biomass","PDP8_rev_high",2047,8859,1831,1531,2131,16220.829,13563.129,18878.529,234,428.454,358.254,498.654,0.234
"2140","Biomass","PDP8_rev_high",2048,9093,1831,1531,2131,16649.283,13921.383,19377.183,234,428.454,358.254,498.654,0.234
"2141","Biomass","PDP8_rev_high",2049,9327,1831,1531,2131,17077.737,14279.637,19875.837,234,428.454,358.254,498.654,0.234
"2142","Biomass","PDP8_rev_high",2050,9561,1598,1298,1898,15278.478,12410.178,18146.778,234,373.932,303.732,444.132,0.234
"2143","Hydro","PDP8",2000,3270,NA,NA,NA,NA,NA,NA,NA,NA,NA,NA,NA
"2144","Hydro","PDP8",2001,3810,NA,NA,NA,NA,NA,NA,540,NA,NA,NA,0.54
"2145","Hydro","PDP8",2002,4120,NA,NA,NA,NA,NA,NA,310,NA,NA,NA,0.31
"2146","Hydro","PDP8",2003,4170,NA,NA,NA,NA,NA,NA,50,NA,NA,NA,0.05
"2147","Hydro","PDP8",2004,4210,NA,NA,NA,NA,NA,NA,40,NA,NA,NA,0.04
"2148","Hydro","PDP8",2005,4270,NA,NA,NA,NA,NA,NA,60,NA,NA,NA,0.06
"2149","Hydro","PDP8",2006,4510,NA,NA,NA,NA,NA,NA,240,NA,NA,NA,0.24
"2150","Hydro","PDP8",2007,4910,NA,NA,NA,NA,NA,NA,400,NA,NA,NA,0.4
"2151","Hydro","PDP8",2008,5910,NA,NA,NA,NA,NA,NA,1000,NA,NA,NA,1
"2152","Hydro","PDP8",2009,7180,NA,NA,NA,NA,NA,NA,1270,NA,NA,NA,1.27
"2153","Hydro","PDP8",2010,8650,NA,NA,NA,NA,NA,NA,1470,NA,NA,NA,1.47
"2154","Hydro","PDP8",2011,10080,NA,NA,NA,NA,NA,NA,1430,NA,NA,NA,1.43
"2155","Hydro","PDP8",2012,13550,NA,NA,NA,NA,NA,NA,3470,NA,NA,NA,3.47
"2156","Hydro","PDP8",2013,14720,NA,NA,NA,NA,NA,NA,1170,NA,NA,NA,1.17
"2157","Hydro","PDP8",2014,15750,NA,NA,NA,NA,NA,NA,1030,NA,NA,NA,1.03
"2158","Hydro","PDP8",2015,16630,NA,NA,NA,NA,NA,NA,880,NA,NA,NA,0.88
"2159","Hydro","PDP8",2016,17850,NA,NA,NA,NA,NA,NA,1220,NA,NA,NA,1.22
"2160","Hydro","PDP8",2017,17810,NA,NA,NA,NA,NA,NA,-40,NA,NA,NA,0
"2161","Hydro","PDP8",2018,17990,NA,NA,NA,NA,NA,NA,180,NA,NA,NA,0.18
"2162","Hydro","PDP8",2019,20330,NA,NA,NA,NA,NA,NA,2340,NA,NA,NA,2.34
"2163","Hydro","PDP8",2020,20820,1528,828,2228,31812.96,17238.96,46386.96,490,748.72,405.72,1091.72,0.49
"2164","Hydro","PDP8",2021,21850,1528,828,2228,33386.8,18091.8,48681.8,1030,1573.84,852.84,2294.84,1.03
"2165","Hydro","PDP8",2022,22530,1528,828,2228,34425.84,18654.84,50196.84,680,1039.04,563.04,1515.04,0.68
"2166","Hydro","PDP8",2023,22920,1528,828,2228,35021.76,18977.76,51065.76,390,595.92,322.92,868.92,0.39
"2167","Hydro","PDP8",2024,23710,1528,828,2228,36228.88,19631.88,52825.88,790,1207.12,654.12,1760.12,0.79
"2168","Hydro","PDP8",2025,24600,1528,828,2228,37588.8,20368.8,54808.8,890,1359.92,736.92,1982.92,0.89
"2169","Hydro","PDP8",2026,25549.2,1528,828,2228,39039.1776,21154.7376,56923.6176,949.200000000001,1450.3776,785.937600000001,2114.8176,0.949200000000001
"2170","Hydro","PDP8",2027,26498.4,1528,828,2228,40489.5552,21940.6752,59038.4352,949.200000000001,1450.3776,785.937600000001,2114.8176,0.949200000000001
"2171","Hydro","PDP8",2028,27447.6,1528,828,2228,41939.9328,22726.6128,61153.2528,949.199999999997,1450.3776,785.937599999998,2114.81759999999,0.949199999999997
"2172","Hydro","PDP8",2029,28396.8,1528,828,2228,43390.3104,23512.5504,63268.0704,949.200000000001,1450.3776,785.937600000001,2114.8176,0.949200000000001
"2173","Hydro","PDP8",2030,29346,1528,828,2228,44840.688,24298.488,65382.888,949.200000000001,1450.3776,785.937600000001,2114.8176,0.949200000000001
"2174","Hydro","PDP8",2031,29675.8,1528,828,2228,45344.6224,24571.5624,66117.6824,329.799999999999,503.934399999999,273.074399999999,734.794399999998,0.329799999999999
"2175","Hydro","PDP8",2032,30005.6,1528,828,2228,45848.5568,24844.6368,66852.4768,329.799999999999,503.934399999999,273.074399999999,734.794399999998,0.329799999999999
"2176","Hydro","PDP8",2033,30335.4,1528,828,2228,46352.4912,25117.7112,67587.2712,329.800000000003,503.934400000004,273.074400000002,734.794400000006,0.329800000000003
"2177","Hydro","PDP8",2034,30665.2,1528,828,2228,46856.4256,25390.7856,68322.0656,329.799999999999,503.934399999999,273.074399999999,734.794399999998,0.329799999999999
"2178","Hydro","PDP8",2035,30995,1528,828,2228,47360.36,25663.86,69056.86,329.799999999999,503.934399999999,273.074399999999,734.794399999998,0.329799999999999
"2179","Hydro","PDP8",2036,31324.8,1528,828,2228,47864.2944,25936.9344,69791.6544,329.799999999999,503.934399999999,273.074399999999,734.794399999998,0.329799999999999
"2180","Hydro","PDP8",2037,31654.6,1528,828,2228,48368.2288,26210.0088,70526.4488,329.799999999999,503.934399999999,273.074399999999,734.794399999998,0.329799999999999
"2181","Hydro","PDP8",2038,31984.4,1528,828,2228,48872.1632,26483.0832,71261.2432,329.800000000003,503.934400000004,273.074400000002,734.794400000006,0.329800000000003
"2182","Hydro","PDP8",2039,32314.2,1528,828,2228,49376.0976,26756.1576,71996.0376,329.799999999999,503.934399999999,273.074399999999,734.794399999998,0.329799999999999
"2183","Hydro","PDP8",2040,32644,1528,828,2228,49880.032,27029.232,72730.832,329.799999999999,503.934399999999,273.074399999999,734.794399999998,0.329799999999999
"2184","Hydro","PDP8",2041,32973.8,1528,828,2228,50383.9664,27302.3064,73465.6264,329.800000000003,503.934400000004,273.074400000002,734.794400000006,0.329800000000003
"2185","Hydro","PDP8",2042,33303.6,1528,828,2228,50887.9008,27575.3808,74200.4208,329.799999999996,503.934399999993,273.074399999996,734.79439999999,0.329799999999996
"2186","Hydro","PDP8",2043,33633.4,1528,828,2228,51391.8352,27848.4552,74935.2152,329.800000000003,503.934400000004,273.074400000002,734.794400000006,0.329800000000003
"2187","Hydro","PDP8",2044,33963.2,1528,828,2228,51895.7696,28121.5296,75670.0096,329.799999999996,503.934399999993,273.074399999996,734.79439999999,0.329799999999996
"2188","Hydro","PDP8",2045,34293,1528,828,2228,52399.704,28394.604,76404.804,329.800000000003,503.934400000004,273.074400000002,734.794400000006,0.329800000000003
"2189","Hydro","PDP8",2046,34622.8,1528,828,2228,52903.6384,28667.6784,77139.5984,329.800000000003,503.934400000004,273.074400000002,734.794400000006,0.329800000000003
"2190","Hydro","PDP8",2047,34952.6,1528,828,2228,53407.5728,28940.7528,77874.3928,329.799999999996,503.934399999993,273.074399999996,734.79439999999,0.329799999999996
"2191","Hydro","PDP8",2048,35282.4,1528,828,2228,53911.5072,29213.8272,78609.1872,329.800000000003,503.934400000004,273.074400000002,734.794400000006,0.329800000000003
"2192","Hydro","PDP8",2049,35612.2,1528,828,2228,54415.4416,29486.9016,79343.9816,329.799999999996,503.934399999993,273.074399999996,734.79439999999,0.329799999999996
"2193","Hydro","PDP8",2050,35942,1528,828,2228,54919.376,29759.976,80078.776,329.800000000003,503.934400000004,273.074400000002,734.794400000006,0.329800000000003
"2194","Hydro","PDP8_rev_low",2000,3270,NA,NA,NA,NA,NA,NA,NA,NA,NA,NA,NA
"2195","Hydro","PDP8_rev_low",2001,3810,NA,NA,NA,NA,NA,NA,540,NA,NA,NA,0.54
"2196","Hydro","PDP8_rev_low",2002,4120,NA,NA,NA,NA,NA,NA,310,NA,NA,NA,0.31
"2197","Hydro","PDP8_rev_low",2003,4170,NA,NA,NA,NA,NA,NA,50,NA,NA,NA,0.05
"2198","Hydro","PDP8_rev_low",2004,4210,NA,NA,NA,NA,NA,NA,40,NA,NA,NA,0.04
"2199","Hydro","PDP8_rev_low",2005,4270,NA,NA,NA,NA,NA,NA,60,NA,NA,NA,0.06
"2200","Hydro","PDP8_rev_low",2006,4510,NA,NA,NA,NA,NA,NA,240,NA,NA,NA,0.24
"2201","Hydro","PDP8_rev_low",2007,4910,NA,NA,NA,NA,NA,NA,400,NA,NA,NA,0.4
"2202","Hydro","PDP8_rev_low",2008,5910,NA,NA,NA,NA,NA,NA,1000,NA,NA,NA,1
"2203","Hydro","PDP8_rev_low",2009,7180,NA,NA,NA,NA,NA,NA,1270,NA,NA,NA,1.27
"2204","Hydro","PDP8_rev_low",2010,8650,NA,NA,NA,NA,NA,NA,1470,NA,NA,NA,1.47
"2205","Hydro","PDP8_rev_low",2011,10080,NA,NA,NA,NA,NA,NA,1430,NA,NA,NA,1.43
"2206","Hydro","PDP8_rev_low",2012,13550,NA,NA,NA,NA,NA,NA,3470,NA,NA,NA,3.47
"2207","Hydro","PDP8_rev_low",2013,14720,NA,NA,NA,NA,NA,NA,1170,NA,NA,NA,1.17
"2208","Hydro","PDP8_rev_low",2014,15750,NA,NA,NA,NA,NA,NA,1030,NA,NA,NA,1.03
"2209","Hydro","PDP8_rev_low",2015,16630,NA,NA,NA,NA,NA,NA,880,NA,NA,NA,0.88
"2210","Hydro","PDP8_rev_low",2016,17850,NA,NA,NA,NA,NA,NA,1220,NA,NA,NA,1.22
"2211","Hydro","PDP8_rev_low",2017,17810,NA,NA,NA,NA,NA,NA,-40,NA,NA,NA,0
"2212","Hydro","PDP8_rev_low",2018,17990,NA,NA,NA,NA,NA,NA,180,NA,NA,NA,0.18
"2213","Hydro","PDP8_rev_low",2019,20330,NA,NA,NA,NA,NA,NA,2340,NA,NA,NA,2.34
"2214","Hydro","PDP8_rev_low",2020,20820,1528,828,2228,31812.96,17238.96,46386.96,490,748.72,405.72,1091.72,0.49
"2215","Hydro","PDP8_rev_low",2021,21850,1528,828,2228,33386.8,18091.8,48681.8,1030,1573.84,852.84,2294.84,1.03
"2216","Hydro","PDP8_rev_low",2022,22530,1528,828,2228,34425.84,18654.84,50196.84,680,1039.04,563.04,1515.04,0.68
"2217","Hydro","PDP8_rev_low",2023,22920,1528,828,2228,35021.76,18977.76,51065.76,390,595.92,322.92,868.92,0.39
"2218","Hydro","PDP8_rev_low",2024,23710,1528,828,2228,36228.88,19631.88,52825.88,790,1207.12,654.12,1760.12,0.79
"2219","Hydro","PDP8_rev_low",2025,24600,1528,828,2228,37588.8,20368.8,54808.8,890,1359.92,736.92,1982.92,0.89
"2220","Hydro","PDP8_rev_low",2026,26338.8,1528,828,2228,40245.6864,21808.5264,58682.8464,1738.8,2656.8864,1439.7264,3874.0464,1.7388
"2221","Hydro","PDP8_rev_low",2027,28077.6,1528,828,2228,42902.5728,23248.2528,62556.8928,1738.8,2656.8864,1439.7264,3874.0464,1.7388
"2222","Hydro","PDP8_rev_low",2028,29816.4,1528,828,2228,45559.4592,24687.9792,66430.9392,1738.8,2656.8864,1439.7264,3874.04640000001,1.7388
"2223","Hydro","PDP8_rev_low",2029,31555.2,1528,828,2228,48216.3456,26127.7056,70304.9856,1738.8,2656.8864,1439.7264,3874.0464,1.7388
"2224","Hydro","PDP8_rev_low",2030,33294,1528,828,2228,50873.232,27567.432,74179.032,1738.8,2656.8864,1439.7264,3874.0464,1.7388
"2225","Hydro","PDP8_rev_low",2031,33660.5,1528,828,2228,51433.244,27870.894,74995.594,366.5,560.012,303.462,816.562,0.3665
"2226","Hydro","PDP8_rev_low",2032,34027,1528,828,2228,51993.256,28174.356,75812.156,366.5,560.012,303.462,816.562,0.3665
"2227","Hydro","PDP8_rev_low",2033,34393.5,1528,828,2228,52553.268,28477.818,76628.718,366.5,560.012,303.462,816.562,0.3665
"2228","Hydro","PDP8_rev_low",2034,34760,1528,828,2228,53113.28,28781.28,77445.28,366.5,560.012,303.462,816.562,0.3665
"2229","Hydro","PDP8_rev_low",2035,35126.5,1528,828,2228,53673.292,29084.742,78261.842,366.5,560.012,303.462,816.562,0.3665
"2230","Hydro","PDP8_rev_low",2036,35493,1528,828,2228,54233.304,29388.204,79078.404,366.5,560.012,303.462,816.562,0.3665
"2231","Hydro","PDP8_rev_low",2037,35859.5,1528,828,2228,54793.316,29691.666,79894.966,366.5,560.012,303.462,816.562,0.3665
"2232","Hydro","PDP8_rev_low",2038,36226,1528,828,2228,55353.328,29995.128,80711.528,366.5,560.012,303.462,816.562,0.3665
"2233","Hydro","PDP8_rev_low",2039,36592.5,1528,828,2228,55913.34,30298.59,81528.09,366.5,560.012,303.462,816.562,0.3665
"2234","Hydro","PDP8_rev_low",2040,36959,1528,828,2228,56473.352,30602.052,82344.652,366.5,560.012,303.462,816.562,0.3665
"2235","Hydro","PDP8_rev_low",2041,37325.5,1528,828,2228,57033.364,30905.514,83161.214,366.5,560.012,303.462,816.562,0.3665
"2236","Hydro","PDP8_rev_low",2042,37692,1528,828,2228,57593.376,31208.976,83977.776,366.5,560.012,303.462,816.562,0.3665
"2237","Hydro","PDP8_rev_low",2043,38058.5,1528,828,2228,58153.388,31512.438,84794.338,366.5,560.012,303.462,816.562,0.3665
"2238","Hydro","PDP8_rev_low",2044,38425,1528,828,2228,58713.4,31815.9,85610.9,366.5,560.012,303.462,816.562,0.3665
"2239","Hydro","PDP8_rev_low",2045,38791.5,1528,828,2228,59273.412,32119.362,86427.462,366.5,560.012,303.462,816.562,0.3665
"2240","Hydro","PDP8_rev_low",2046,39158,1528,828,2228,59833.424,32422.824,87244.024,366.5,560.012,303.462,816.562,0.3665
"2241","Hydro","PDP8_rev_low",2047,39524.5,1528,828,2228,60393.436,32726.286,88060.586,366.5,560.012,303.462,816.562,0.3665
"2242","Hydro","PDP8_rev_low",2048,39891,1528,828,2228,60953.448,33029.748,88877.148,366.5,560.012,303.462,816.562,0.3665
"2243","Hydro","PDP8_rev_low",2049,40257.5,1528,828,2228,61513.46,33333.21,89693.71,366.5,560.012,303.462,816.562,0.3665
"2244","Hydro","PDP8_rev_low",2050,40624,1528,828,2228,62073.472,33636.672,90510.272,366.5,560.012,303.462,816.562,0.3665
"2245","Hydro","PDP8_rev_high",2000,3270,NA,NA,NA,NA,NA,NA,NA,NA,NA,NA,NA
"2246","Hydro","PDP8_rev_high",2001,3810,NA,NA,NA,NA,NA,NA,540,NA,NA,NA,0.54
"2247","Hydro","PDP8_rev_high",2002,4120,NA,NA,NA,NA,NA,NA,310,NA,NA,NA,0.31
"2248","Hydro","PDP8_rev_high",2003,4170,NA,NA,NA,NA,NA,NA,50,NA,NA,NA,0.05
"2249","Hydro","PDP8_rev_high",2004,4210,NA,NA,NA,NA,NA,NA,40,NA,NA,NA,0.04
"2250","Hydro","PDP8_rev_high",2005,4270,NA,NA,NA,NA,NA,NA,60,NA,NA,NA,0.06
"2251","Hydro","PDP8_rev_high",2006,4510,NA,NA,NA,NA,NA,NA,240,NA,NA,NA,0.24
"2252","Hydro","PDP8_rev_high",2007,4910,NA,NA,NA,NA,NA,NA,400,NA,NA,NA,0.4
"2253","Hydro","PDP8_rev_high",2008,5910,NA,NA,NA,NA,NA,NA,1000,NA,NA,NA,1
"2254","Hydro","PDP8_rev_high",2009,7180,NA,NA,NA,NA,NA,NA,1270,NA,NA,NA,1.27
"2255","Hydro","PDP8_rev_high",2010,8650,NA,NA,NA,NA,NA,NA,1470,NA,NA,NA,1.47
"2256","Hydro","PDP8_rev_high",2011,10080,NA,NA,NA,NA,NA,NA,1430,NA,NA,NA,1.43
"2257","Hydro","PDP8_rev_high",2012,13550,NA,NA,NA,NA,NA,NA,3470,NA,NA,NA,3.47
"2258","Hydro","PDP8_rev_high",2013,14720,NA,NA,NA,NA,NA,NA,1170,NA,NA,NA,1.17
"2259","Hydro","PDP8_rev_high",2014,15750,NA,NA,NA,NA,NA,NA,1030,NA,NA,NA,1.03
"2260","Hydro","PDP8_rev_high",2015,16630,NA,NA,NA,NA,NA,NA,880,NA,NA,NA,0.88
"2261","Hydro","PDP8_rev_high",2016,17850,NA,NA,NA,NA,NA,NA,1220,NA,NA,NA,1.22
"2262","Hydro","PDP8_rev_high",2017,17810,NA,NA,NA,NA,NA,NA,-40,NA,NA,NA,0
"2263","Hydro","PDP8_rev_high",2018,17990,NA,NA,NA,NA,NA,NA,180,NA,NA,NA,0.18
"2264","Hydro","PDP8_rev_high",2019,20330,NA,NA,NA,NA,NA,NA,2340,NA,NA,NA,2.34
"2265","Hydro","PDP8_rev_high",2020,20820,1528,828,2228,31812.96,17238.96,46386.96,490,748.72,405.72,1091.72,0.49
"2266","Hydro","PDP8_rev_high",2021,21850,1528,828,2228,33386.8,18091.8,48681.8,1030,1573.84,852.84,2294.84,1.03
"2267","Hydro","PDP8_rev_high",2022,22530,1528,828,2228,34425.84,18654.84,50196.84,680,1039.04,563.04,1515.04,0.68
"2268","Hydro","PDP8_rev_high",2023,22920,1528,828,2228,35021.76,18977.76,51065.76,390,595.92,322.92,868.92,0.39
"2269","Hydro","PDP8_rev_high",2024,23710,1528,828,2228,36228.88,19631.88,52825.88,790,1207.12,654.12,1760.12,0.79
"2270","Hydro","PDP8_rev_high",2025,24600,1528,828,2228,37588.8,20368.8,54808.8,890,1359.92,736.92,1982.92,0.89
"2271","Hydro","PDP8_rev_high",2026,26613.4,1528,828,2228,40665.2752,22035.8952,59294.6552,2013.4,3076.4752,1667.0952,4485.8552,2.0134
"2272","Hydro","PDP8_rev_high",2027,28626.8,1528,828,2228,43741.7504,23702.9904,63780.5104,2013.4,3076.4752,1667.0952,4485.8552,2.0134
"2273","Hydro","PDP8_rev_high",2028,30640.2,1528,828,2228,46818.2256,25370.0856,68266.3656,2013.4,3076.4752,1667.0952,4485.8552,2.0134
"2274","Hydro","PDP8_rev_high",2029,32653.6,1528,828,2228,49894.7008,27037.1808,72752.2208,2013.4,3076.4752,1667.0952,4485.8552,2.0134
"2275","Hydro","PDP8_rev_high",2030,34667,1528,828,2228,52971.176,28704.276,77238.076,2013.4,3076.4752,1667.0952,4485.8552,2.0134
"2276","Hydro","PDP8_rev_high",2031,34964.85,1528,828,2228,53426.2908,28950.8958,77901.6858,297.849999999999,455.114799999998,246.619799999999,663.609799999997,0.297849999999999
"2277","Hydro","PDP8_rev_high",2032,35262.7,1528,828,2228,53881.4056,29197.5156,78565.2956,297.849999999999,455.114799999998,246.619799999999,663.609799999997,0.297849999999999
"2278","Hydro","PDP8_rev_high",2033,35560.55,1528,828,2228,54336.5204,29444.1354,79228.9054,297.850000000006,455.114800000009,246.619800000005,663.609800000013,0.297850000000006
"2279","Hydro","PDP8_rev_high",2034,35858.4,1528,828,2228,54791.6352,29690.7552,79892.5152,297.849999999999,455.114799999998,246.619799999999,663.609799999997,0.297849999999999
"2280","Hydro","PDP8_rev_high",2035,36156.25,1528,828,2228,55246.75,29937.375,80556.125,297.849999999999,455.114799999998,246.619799999999,663.609799999997,0.297849999999999
"2281","Hydro","PDP8_rev_high",2036,36454.1,1528,828,2228,55701.8648,30183.9948,81219.7348,297.849999999999,455.114799999998,246.619799999999,663.609799999997,0.297849999999999
"2282","Hydro","PDP8_rev_high",2037,36751.95,1528,828,2228,56156.9796,30430.6146,81883.3446,297.849999999999,455.114799999998,246.619799999999,663.609799999997,0.297849999999999
"2283","Hydro","PDP8_rev_high",2038,37049.8,1528,828,2228,56612.0944,30677.2344,82546.9544,297.850000000006,455.114800000009,246.619800000005,663.609800000013,0.297850000000006
"2284","Hydro","PDP8_rev_high",2039,37347.65,1528,828,2228,57067.2092,30923.8542,83210.5642,297.849999999999,455.114799999998,246.619799999999,663.609799999997,0.297849999999999
"2285","Hydro","PDP8_rev_high",2040,37645.5,1528,828,2228,57522.324,31170.474,83874.174,297.849999999999,455.114799999998,246.619799999999,663.609799999997,0.297849999999999
"2286","Hydro","PDP8_rev_high",2041,37943.35,1528,828,2228,57977.4388,31417.0938,84537.7838,297.849999999999,455.114799999998,246.619799999999,663.609799999997,0.297849999999999
"2287","Hydro","PDP8_rev_high",2042,38241.2,1528,828,2228,58432.5536,31663.7136,85201.3936,297.849999999999,455.114799999998,246.619799999999,663.609799999997,0.297849999999999
"2288","Hydro","PDP8_rev_high",2043,38539.05,1528,828,2228,58887.6684,31910.3334,85865.0034,297.850000000006,455.114800000009,246.619800000005,663.609800000013,0.297850000000006
"2289","Hydro","PDP8_rev_high",2044,38836.9,1528,828,2228,59342.7832,32156.9532,86528.6132,297.849999999999,455.114799999998,246.619799999999,663.609799999997,0.297849999999999
"2290","Hydro","PDP8_rev_high",2045,39134.75,1528,828,2228,59797.898,32403.573,87192.223,297.849999999999,455.114799999998,246.619799999999,663.609799999997,0.297849999999999
"2291","Hydro","PDP8_rev_high",2046,39432.6,1528,828,2228,60253.0128,32650.1928,87855.8328,297.849999999999,455.114799999998,246.619799999999,663.609799999997,0.297849999999999
"2292","Hydro","PDP8_rev_high",2047,39730.45,1528,828,2228,60708.1276,32896.8126,88519.4426,297.849999999999,455.114799999998,246.619799999999,663.609799999997,0.297849999999999
"2293","Hydro","PDP8_rev_high",2048,40028.3,1528,828,2228,61163.2424,33143.4324,89183.0524,297.850000000006,455.114800000009,246.619800000005,663.609800000013,0.297850000000006
"2294","Hydro","PDP8_rev_high",2049,40326.15,1528,828,2228,61618.3572,33390.0522,89846.6622,297.849999999999,455.114799999998,246.619799999999,663.609799999997,0.297849999999999
"2295","Hydro","PDP8_rev_high",2050,40624,1528,828,2228,62073.472,33636.672,90510.272,297.849999999999,455.114799999998,246.619799999999,663.609799999997,0.297849999999999
"2296","Pumped_Hydro","PDP8",2000,NA,NA,NA,NA,NA,NA,NA,NA,NA,NA,NA,NA
"2297","Pumped_Hydro","PDP8",2001,NA,NA,NA,NA,NA,NA,NA,NA,NA,NA,NA,NA
"2298","Pumped_Hydro","PDP8",2002,NA,NA,NA,NA,NA,NA,NA,NA,NA,NA,NA,NA
"2299","Pumped_Hydro","PDP8",2003,NA,NA,NA,NA,NA,NA,NA,NA,NA,NA,NA,NA
"2300","Pumped_Hydro","PDP8",2004,NA,NA,NA,NA,NA,NA,NA,NA,NA,NA,NA,NA
"2301","Pumped_Hydro","PDP8",2005,NA,NA,NA,NA,NA,NA,NA,NA,NA,NA,NA,NA
"2302","Pumped_Hydro","PDP8",2006,NA,NA,NA,NA,NA,NA,NA,NA,NA,NA,NA,NA
"2303","Pumped_Hydro","PDP8",2007,NA,NA,NA,NA,NA,NA,NA,NA,NA,NA,NA,NA
"2304","Pumped_Hydro","PDP8",2008,NA,NA,NA,NA,NA,NA,NA,NA,NA,NA,NA,NA
"2305","Pumped_Hydro","PDP8",2009,NA,NA,NA,NA,NA,NA,NA,NA,NA,NA,NA,NA
"2306","Pumped_Hydro","PDP8",2010,NA,NA,NA,NA,NA,NA,NA,NA,NA,NA,NA,NA
"2307","Pumped_Hydro","PDP8",2011,NA,NA,NA,NA,NA,NA,NA,NA,NA,NA,NA,NA
"2308","Pumped_Hydro","PDP8",2012,NA,NA,NA,NA,NA,NA,NA,NA,NA,NA,NA,NA
"2309","Pumped_Hydro","PDP8",2013,NA,NA,NA,NA,NA,NA,NA,NA,NA,NA,NA,NA
"2310","Pumped_Hydro","PDP8",2014,NA,NA,NA,NA,NA,NA,NA,NA,NA,NA,NA,NA
"2311","Pumped_Hydro","PDP8",2015,NA,NA,NA,NA,NA,NA,NA,NA,NA,NA,NA,NA
"2312","Pumped_Hydro","PDP8",2016,NA,NA,NA,NA,NA,NA,NA,NA,NA,NA,NA,NA
"2313","Pumped_Hydro","PDP8",2017,NA,NA,NA,NA,NA,NA,NA,NA,NA,NA,NA,NA
"2314","Pumped_Hydro","PDP8",2018,NA,NA,NA,NA,NA,NA,NA,NA,NA,NA,NA,NA
"2315","Pumped_Hydro","PDP8",2019,NA,NA,NA,NA,NA,NA,NA,NA,NA,NA,NA,NA
"2316","Pumped_Hydro","PDP8",2020,NA,1528,828,2228,NA,NA,NA,NA,NA,NA,NA,NA
"2317","Pumped_Hydro","PDP8",2021,NA,1528,828,2228,NA,NA,NA,NA,NA,NA,NA,NA
"2318","Pumped_Hydro","PDP8",2022,NA,1528,828,2228,NA,NA,NA,NA,NA,NA,NA,NA
"2319","Pumped_Hydro","PDP8",2023,NA,1528,828,2228,NA,NA,NA,NA,NA,NA,NA,NA
"2320","Pumped_Hydro","PDP8",2024,NA,1528,828,2228,NA,NA,NA,NA,NA,NA,NA,NA
"2321","Pumped_Hydro","PDP8",2025,0,1528,828,2228,0,0,0,NA,NA,NA,NA,NA
"2322","Pumped_Hydro","PDP8",2026,480,1528,828,2228,733.44,397.44,1069.44,480,733.44,397.44,1069.44,0.48
"2323","Pumped_Hydro","PDP8",2027,960,1528,828,2228,1466.88,794.88,2138.88,480,733.44,397.44,1069.44,0.48
"2324","Pumped_Hydro","PDP8",2028,1440,1528,828,2228,2200.32,1192.32,3208.32,480,733.44,397.44,1069.44,0.48
"2325","Pumped_Hydro","PDP8",2029,1920,1528,828,2228,2933.76,1589.76,4277.76,480,733.44,397.44,1069.44,0.48
"2326","Pumped_Hydro","PDP8",2030,2400,1528,828,2228,3667.2,1987.2,5347.2,480,733.44,397.44,1069.44,0.48
"2327","Pumped_Hydro","PDP8",2031,3280,1528,828,2228,5011.84,2715.84,7307.84,880,1344.64,728.64,1960.64,0.88
"2328","Pumped_Hydro","PDP8",2032,4160,1528,828,2228,6356.48,3444.48,9268.48,880,1344.64,728.64,1960.64,0.88
"2329","Pumped_Hydro","PDP8",2033,5040,1528,828,2228,7701.12,4173.12,11229.12,880,1344.64,728.64,1960.64,0.88
"2330","Pumped_Hydro","PDP8",2034,5920,1528,828,2228,9045.76,4901.76,13189.76,880,1344.64,728.64,1960.64,0.88
"2331","Pumped_Hydro","PDP8",2035,6800,1528,828,2228,10390.4,5630.4,15150.4,880,1344.64,728.64,1960.64,0.88
"2332","Pumped_Hydro","PDP8",2036,7680,1528,828,2228,11735.04,6359.04,17111.04,880,1344.64,728.64,1960.64,0.88
"2333","Pumped_Hydro","PDP8",2037,8560,1528,828,2228,13079.68,7087.68,19071.68,880,1344.64,728.64,1960.64,0.88
"2334","Pumped_Hydro","PDP8",2038,9440,1528,828,2228,14424.32,7816.32,21032.32,880,1344.64,728.64,1960.64,0.88
"2335","Pumped_Hydro","PDP8",2039,10320,1528,828,2228,15768.96,8544.96,22992.96,880,1344.64,728.64,1960.64,0.88
"2336","Pumped_Hydro","PDP8",2040,11200,1528,828,2228,17113.6,9273.6,24953.6,880,1344.64,728.64,1960.64,0.88
"2337","Pumped_Hydro","PDP8",2041,12080,1528,828,2228,18458.24,10002.24,26914.24,880,1344.64,728.64,1960.64,0.88
"2338","Pumped_Hydro","PDP8",2042,12960,1528,828,2228,19802.88,10730.88,28874.88,880,1344.64,728.64,1960.64,0.88
"2339","Pumped_Hydro","PDP8",2043,13840,1528,828,2228,21147.52,11459.52,30835.52,880,1344.64,728.64,1960.64,0.88
"2340","Pumped_Hydro","PDP8",2044,14720,1528,828,2228,22492.16,12188.16,32796.16,880,1344.64,728.64,1960.64,0.88
"2341","Pumped_Hydro","PDP8",2045,15600,1528,828,2228,23836.8,12916.8,34756.8,880,1344.64,728.64,1960.64,0.88
"2342","Pumped_Hydro","PDP8",2046,16480,1528,828,2228,25181.44,13645.44,36717.44,880,1344.64,728.64,1960.64,0.88
"2343","Pumped_Hydro","PDP8",2047,17360,1528,828,2228,26526.08,14374.08,38678.08,880,1344.64,728.64,1960.64,0.88
"2344","Pumped_Hydro","PDP8",2048,18240,1528,828,2228,27870.72,15102.72,40638.72,880,1344.64,728.64,1960.64,0.88
"2345","Pumped_Hydro","PDP8",2049,19120,1528,828,2228,29215.36,15831.36,42599.36,880,1344.64,728.64,1960.64,0.88
"2346","Pumped_Hydro","PDP8",2050,20000,1528,828,2228,30560,16560,44560,880,1344.64,728.64,1960.64,0.88
"2347","Pumped_Hydro","PDP8_rev_low",2000,NA,NA,NA,NA,NA,NA,NA,NA,NA,NA,NA,NA
"2348","Pumped_Hydro","PDP8_rev_low",2001,NA,NA,NA,NA,NA,NA,NA,NA,NA,NA,NA,NA
"2349","Pumped_Hydro","PDP8_rev_low",2002,NA,NA,NA,NA,NA,NA,NA,NA,NA,NA,NA,NA
"2350","Pumped_Hydro","PDP8_rev_low",2003,NA,NA,NA,NA,NA,NA,NA,NA,NA,NA,NA,NA
"2351","Pumped_Hydro","PDP8_rev_low",2004,NA,NA,NA,NA,NA,NA,NA,NA,NA,NA,NA,NA
"2352","Pumped_Hydro","PDP8_rev_low",2005,NA,NA,NA,NA,NA,NA,NA,NA,NA,NA,NA,NA
"2353","Pumped_Hydro","PDP8_rev_low",2006,NA,NA,NA,NA,NA,NA,NA,NA,NA,NA,NA,NA
"2354","Pumped_Hydro","PDP8_rev_low",2007,NA,NA,NA,NA,NA,NA,NA,NA,NA,NA,NA,NA
"2355","Pumped_Hydro","PDP8_rev_low",2008,NA,NA,NA,NA,NA,NA,NA,NA,NA,NA,NA,NA
"2356","Pumped_Hydro","PDP8_rev_low",2009,NA,NA,NA,NA,NA,NA,NA,NA,NA,NA,NA,NA
"2357","Pumped_Hydro","PDP8_rev_low",2010,NA,NA,NA,NA,NA,NA,NA,NA,NA,NA,NA,NA
"2358","Pumped_Hydro","PDP8_rev_low",2011,NA,NA,NA,NA,NA,NA,NA,NA,NA,NA,NA,NA
"2359","Pumped_Hydro","PDP8_rev_low",2012,NA,NA,NA,NA,NA,NA,NA,NA,NA,NA,NA,NA
"2360","Pumped_Hydro","PDP8_rev_low",2013,NA,NA,NA,NA,NA,NA,NA,NA,NA,NA,NA,NA
"2361","Pumped_Hydro","PDP8_rev_low",2014,NA,NA,NA,NA,NA,NA,NA,NA,NA,NA,NA,NA
"2362","Pumped_Hydro","PDP8_rev_low",2015,NA,NA,NA,NA,NA,NA,NA,NA,NA,NA,NA,NA
"2363","Pumped_Hydro","PDP8_rev_low",2016,NA,NA,NA,NA,NA,NA,NA,NA,NA,NA,NA,NA
"2364","Pumped_Hydro","PDP8_rev_low",2017,NA,NA,NA,NA,NA,NA,NA,NA,NA,NA,NA,NA
"2365","Pumped_Hydro","PDP8_rev_low",2018,NA,NA,NA,NA,NA,NA,NA,NA,NA,NA,NA,NA
"2366","Pumped_Hydro","PDP8_rev_low",2019,NA,NA,NA,NA,NA,NA,NA,NA,NA,NA,NA,NA
"2367","Pumped_Hydro","PDP8_rev_low",2020,NA,1528,828,2228,NA,NA,NA,NA,NA,NA,NA,NA
"2368","Pumped_Hydro","PDP8_rev_low",2021,NA,1528,828,2228,NA,NA,NA,NA,NA,NA,NA,NA
"2369","Pumped_Hydro","PDP8_rev_low",2022,NA,1528,828,2228,NA,NA,NA,NA,NA,NA,NA,NA
"2370","Pumped_Hydro","PDP8_rev_low",2023,NA,1528,828,2228,NA,NA,NA,NA,NA,NA,NA,NA
"2371","Pumped_Hydro","PDP8_rev_low",2024,NA,1528,828,2228,NA,NA,NA,NA,NA,NA,NA,NA
"2372","Pumped_Hydro","PDP8_rev_low",2025,0,1528,828,2228,0,0,0,NA,NA,NA,NA,NA
"2373","Pumped_Hydro","PDP8_rev_low",2026,480,1528,828,2228,733.44,397.44,1069.44,480,733.44,397.44,1069.44,0.48
"2374","Pumped_Hydro","PDP8_rev_low",2027,960,1528,828,2228,1466.88,794.88,2138.88,480,733.44,397.44,1069.44,0.48
"2375","Pumped_Hydro","PDP8_rev_low",2028,1440,1528,828,2228,2200.32,1192.32,3208.32,480,733.44,397.44,1069.44,0.48
"2376","Pumped_Hydro","PDP8_rev_low",2029,1920,1528,828,2228,2933.76,1589.76,4277.76,480,733.44,397.44,1069.44,0.48
"2377","Pumped_Hydro","PDP8_rev_low",2030,2400,1528,828,2228,3667.2,1987.2,5347.2,480,733.44,397.44,1069.44,0.48
"2378","Pumped_Hydro","PDP8_rev_low",2031,3314.55,1528,828,2228,5064.6324,2744.4474,7384.8174,914.55,1397.4324,757.2474,2037.6174,0.91455
"2379","Pumped_Hydro","PDP8_rev_low",2032,4229.1,1528,828,2228,6462.0648,3501.6948,9422.4348,914.55,1397.4324,757.2474,2037.6174,0.91455
"2380","Pumped_Hydro","PDP8_rev_low",2033,5143.65,1528,828,2228,7859.4972,4258.9422,11460.0522,914.549999999999,1397.4324,757.247399999999,2037.6174,0.914549999999999
"2381","Pumped_Hydro","PDP8_rev_low",2034,6058.2,1528,828,2228,9256.9296,5016.1896,13497.6696,914.550000000001,1397.4324,757.247400000001,2037.6174,0.914550000000001
"2382","Pumped_Hydro","PDP8_rev_low",2035,6972.75,1528,828,2228,10654.362,5773.437,15535.287,914.549999999999,1397.4324,757.247399999999,2037.6174,0.914549999999999
"2383","Pumped_Hydro","PDP8_rev_low",2036,7887.3,1528,828,2228,12051.7944,6530.6844,17572.9044,914.55,1397.4324,757.2474,2037.6174,0.91455
"2384","Pumped_Hydro","PDP8_rev_low",2037,8801.85,1528,828,2228,13449.2268,7287.9318,19610.5218,914.549999999998,1397.4324,757.247399999999,2037.6174,0.914549999999998
"2385","Pumped_Hydro","PDP8_rev_low",2038,9716.4,1528,828,2228,14846.6592,8045.1792,21648.1392,914.550000000003,1397.4324,757.247400000002,2037.61740000001,0.914550000000003
"2386","Pumped_Hydro","PDP8_rev_low",2039,10630.95,1528,828,2228,16244.0916,8802.4266,23685.7566,914.549999999999,1397.4324,757.247399999999,2037.6174,0.914549999999999
"2387","Pumped_Hydro","PDP8_rev_low",2040,11545.5,1528,828,2228,17641.524,9559.674,25723.374,914.549999999999,1397.4324,757.247399999999,2037.6174,0.914549999999999
"2388","Pumped_Hydro","PDP8_rev_low",2041,12460.05,1528,828,2228,19038.9564,10316.9214,27760.9914,914.550000000001,1397.4324,757.247400000001,2037.6174,0.914550000000001
"2389","Pumped_Hydro","PDP8_rev_low",2042,13374.6,1528,828,2228,20436.3888,11074.1688,29798.6088,914.549999999999,1397.4324,757.247399999999,2037.6174,0.914549999999999
"2390","Pumped_Hydro","PDP8_rev_low",2043,14289.15,1528,828,2228,21833.8212,11831.4162,31836.2262,914.549999999999,1397.4324,757.247399999999,2037.6174,0.914549999999999
"2391","Pumped_Hydro","PDP8_rev_low",2044,15203.7,1528,828,2228,23231.2536,12588.6636,33873.8436,914.549999999999,1397.4324,757.247399999999,2037.6174,0.914549999999999
"2392","Pumped_Hydro","PDP8_rev_low",2045,16118.25,1528,828,2228,24628.686,13345.911,35911.461,914.550000000001,1397.4324,757.247400000001,2037.6174,0.914550000000001
"2393","Pumped_Hydro","PDP8_rev_low",2046,17032.8,1528,828,2228,26026.1184,14103.1584,37949.0784,914.550000000003,1397.4324,757.247400000002,2037.61740000001,0.914550000000003
"2394","Pumped_Hydro","PDP8_rev_low",2047,17947.35,1528,828,2228,27423.5508,14860.4058,39986.6958,914.549999999996,1397.43239999999,757.247399999996,2037.61739999999,0.914549999999996
"2395","Pumped_Hydro","PDP8_rev_low",2048,18861.9,1528,828,2228,28820.9832,15617.6532,42024.3132,914.550000000003,1397.4324,757.247400000002,2037.61740000001,0.914550000000003
"2396","Pumped_Hydro","PDP8_rev_low",2049,19776.45,1528,828,2228,30218.4156,16374.9006,44061.9306,914.549999999999,1397.4324,757.247399999999,2037.6174,0.914549999999999
"2397","Pumped_Hydro","PDP8_rev_low",2050,20691,1528,828,2228,31615.848,17132.148,46099.548,914.549999999999,1397.4324,757.247399999999,2037.6174,0.914549999999999
"2398","Pumped_Hydro","PDP8_rev_high",2000,NA,NA,NA,NA,NA,NA,NA,NA,NA,NA,NA,NA
"2399","Pumped_Hydro","PDP8_rev_high",2001,NA,NA,NA,NA,NA,NA,NA,NA,NA,NA,NA,NA
"2400","Pumped_Hydro","PDP8_rev_high",2002,NA,NA,NA,NA,NA,NA,NA,NA,NA,NA,NA,NA
"2401","Pumped_Hydro","PDP8_rev_high",2003,NA,NA,NA,NA,NA,NA,NA,NA,NA,NA,NA,NA
"2402","Pumped_Hydro","PDP8_rev_high",2004,NA,NA,NA,NA,NA,NA,NA,NA,NA,NA,NA,NA
"2403","Pumped_Hydro","PDP8_rev_high",2005,NA,NA,NA,NA,NA,NA,NA,NA,NA,NA,NA,NA
"2404","Pumped_Hydro","PDP8_rev_high",2006,NA,NA,NA,NA,NA,NA,NA,NA,NA,NA,NA,NA
"2405","Pumped_Hydro","PDP8_rev_high",2007,NA,NA,NA,NA,NA,NA,NA,NA,NA,NA,NA,NA
"2406","Pumped_Hydro","PDP8_rev_high",2008,NA,NA,NA,NA,NA,NA,NA,NA,NA,NA,NA,NA
"2407","Pumped_Hydro","PDP8_rev_high",2009,NA,NA,NA,NA,NA,NA,NA,NA,NA,NA,NA,NA
"2408","Pumped_Hydro","PDP8_rev_high",2010,NA,NA,NA,NA,NA,NA,NA,NA,NA,NA,NA,NA
"2409","Pumped_Hydro","PDP8_rev_high",2011,NA,NA,NA,NA,NA,NA,NA,NA,NA,NA,NA,NA
"2410","Pumped_Hydro","PDP8_rev_high",2012,NA,NA,NA,NA,NA,NA,NA,NA,NA,NA,NA,NA
"2411","Pumped_Hydro","PDP8_rev_high",2013,NA,NA,NA,NA,NA,NA,NA,NA,NA,NA,NA,NA
"2412","Pumped_Hydro","PDP8_rev_high",2014,NA,NA,NA,NA,NA,NA,NA,NA,NA,NA,NA,NA
"2413","Pumped_Hydro","PDP8_rev_high",2015,NA,NA,NA,NA,NA,NA,NA,NA,NA,NA,NA,NA
"2414","Pumped_Hydro","PDP8_rev_high",2016,NA,NA,NA,NA,NA,NA,NA,NA,NA,NA,NA,NA
"2415","Pumped_Hydro","PDP8_rev_high",2017,NA,NA,NA,NA,NA,NA,NA,NA,NA,NA,NA,NA
"2416","Pumped_Hydro","PDP8_rev_high",2018,NA,NA,NA,NA,NA,NA,NA,NA,NA,NA,NA,NA
"2417","Pumped_Hydro","PDP8_rev_high",2019,NA,NA,NA,NA,NA,NA,NA,NA,NA,NA,NA,NA
"2418","Pumped_Hydro","PDP8_rev_high",2020,NA,1528,828,2228,NA,NA,NA,NA,NA,NA,NA,NA
"2419","Pumped_Hydro","PDP8_rev_high",2021,NA,1528,828,2228,NA,NA,NA,NA,NA,NA,NA,NA
"2420","Pumped_Hydro","PDP8_rev_high",2022,NA,1528,828,2228,NA,NA,NA,NA,NA,NA,NA,NA
"2421","Pumped_Hydro","PDP8_rev_high",2023,NA,1528,828,2228,NA,NA,NA,NA,NA,NA,NA,NA
"2422","Pumped_Hydro","PDP8_rev_high",2024,NA,1528,828,2228,NA,NA,NA,NA,NA,NA,NA,NA
"2423","Pumped_Hydro","PDP8_rev_high",2025,0,1528,828,2228,0,0,0,NA,NA,NA,NA,NA
"2424","Pumped_Hydro","PDP8_rev_high",2026,1200,1528,828,2228,1833.6,993.6,2673.6,1200,1833.6,993.6,2673.6,1.2
"2425","Pumped_Hydro","PDP8_rev_high",2027,2400,1528,828,2228,3667.2,1987.2,5347.2,1200,1833.6,993.6,2673.6,1.2
"2426","Pumped_Hydro","PDP8_rev_high",2028,3600,1528,828,2228,5500.8,2980.8,8020.8,1200,1833.6,993.6,2673.6,1.2
"2427","Pumped_Hydro","PDP8_rev_high",2029,4800,1528,828,2228,7334.4,3974.4,10694.4,1200,1833.6,993.6,2673.6,1.2
"2428","Pumped_Hydro","PDP8_rev_high",2030,6000,1528,828,2228,9168,4968,13368,1200,1833.6,993.6,2673.6,1.2
"2429","Pumped_Hydro","PDP8_rev_high",2031,6766.35,1528,828,2228,10338.9828,5602.5378,15075.4278,766.35,1170.9828,634.5378,1707.4278,0.76635
"2430","Pumped_Hydro","PDP8_rev_high",2032,7532.7,1528,828,2228,11509.9656,6237.0756,16782.8556,766.349999999999,1170.9828,634.5378,1707.4278,0.766349999999999
"2431","Pumped_Hydro","PDP8_rev_high",2033,8299.05,1528,828,2228,12680.9484,6871.6134,18490.2834,766.349999999999,1170.9828,634.5378,1707.4278,0.766349999999999
"2432","Pumped_Hydro","PDP8_rev_high",2034,9065.4,1528,828,2228,13851.9312,7506.1512,20197.7112,766.35,1170.9828,634.5378,1707.4278,0.76635
"2433","Pumped_Hydro","PDP8_rev_high",2035,9831.75,1528,828,2228,15022.914,8140.689,21905.139,766.35,1170.9828,634.5378,1707.4278,0.76635
"2434","Pumped_Hydro","PDP8_rev_high",2036,10598.1,1528,828,2228,16193.8968,8775.2268,23612.5668,766.349999999999,1170.9828,634.537799999999,1707.4278,0.766349999999999
"2435","Pumped_Hydro","PDP8_rev_high",2037,11364.45,1528,828,2228,17364.8796,9409.7646,25319.9946,766.350000000002,1170.9828,634.537800000002,1707.4278,0.766350000000002
"2436","Pumped_Hydro","PDP8_rev_high",2038,12130.8,1528,828,2228,18535.8624,10044.3024,27027.4224,766.349999999999,1170.9828,634.537799999999,1707.4278,0.766349999999999
"2437","Pumped_Hydro","PDP8_rev_high",2039,12897.15,1528,828,2228,19706.8452,10678.8402,28734.8502,766.350000000002,1170.9828,634.537800000002,1707.4278,0.766350000000002
"2438","Pumped_Hydro","PDP8_rev_high",2040,13663.5,1528,828,2228,20877.828,11313.378,30442.278,766.349999999999,1170.9828,634.537799999999,1707.4278,0.766349999999999
"2439","Pumped_Hydro","PDP8_rev_high",2041,14429.85,1528,828,2228,22048.8108,11947.9158,32149.7058,766.35,1170.9828,634.5378,1707.4278,0.76635
"2440","Pumped_Hydro","PDP8_rev_high",2042,15196.2,1528,828,2228,23219.7936,12582.4536,33857.1336,766.349999999999,1170.9828,634.537799999999,1707.4278,0.766349999999999
"2441","Pumped_Hydro","PDP8_rev_high",2043,15962.55,1528,828,2228,24390.7764,13216.9914,35564.5614,766.350000000002,1170.9828,634.537800000002,1707.4278,0.766350000000002
"2442","Pumped_Hydro","PDP8_rev_high",2044,16728.9,1528,828,2228,25561.7592,13851.5292,37271.9892,766.35,1170.9828,634.5378,1707.4278,0.76635
"2443","Pumped_Hydro","PDP8_rev_high",2045,17495.25,1528,828,2228,26732.742,14486.067,38979.417,766.349999999999,1170.9828,634.537799999999,1707.4278,0.766349999999999
"2444","Pumped_Hydro","PDP8_rev_high",2046,18261.6,1528,828,2228,27903.7248,15120.6048,40686.8448,766.349999999999,1170.9828,634.537799999999,1707.4278,0.766349999999999
"2445","Pumped_Hydro","PDP8_rev_high",2047,19027.95,1528,828,2228,29074.7076,15755.1426,42394.2726,766.349999999999,1170.9828,634.537799999999,1707.4278,0.766349999999999
"2446","Pumped_Hydro","PDP8_rev_high",2048,19794.3,1528,828,2228,30245.6904,16389.6804,44101.7004,766.350000000006,1170.98280000001,634.537800000005,1707.42780000001,0.766350000000006
"2447","Pumped_Hydro","PDP8_rev_high",2049,20560.65,1528,828,2228,31416.6732,17024.2182,45809.1282,766.349999999999,1170.9828,634.537799999999,1707.4278,0.766349999999999
"2448","Pumped_Hydro","PDP8_rev_high",2050,21327,1528,828,2228,32587.656,17658.756,47516.556,766.349999999999,1170.9828,634.537799999999,1707.4278,0.766349999999999
"2449","Nuclear","PDP8",2000,NA,NA,NA,NA,NA,NA,NA,NA,NA,NA,NA,NA
"2450","Nuclear","PDP8",2001,NA,NA,NA,NA,NA,NA,NA,NA,NA,NA,NA,NA
"2451","Nuclear","PDP8",2002,NA,NA,NA,NA,NA,NA,NA,NA,NA,NA,NA,NA
"2452","Nuclear","PDP8",2003,NA,NA,NA,NA,NA,NA,NA,NA,NA,NA,NA,NA
"2453","Nuclear","PDP8",2004,NA,NA,NA,NA,NA,NA,NA,NA,NA,NA,NA,NA
"2454","Nuclear","PDP8",2005,NA,NA,NA,NA,NA,NA,NA,NA,NA,NA,NA,NA
"2455","Nuclear","PDP8",2006,NA,NA,NA,NA,NA,NA,NA,NA,NA,NA,NA,NA
"2456","Nuclear","PDP8",2007,NA,NA,NA,NA,NA,NA,NA,NA,NA,NA,NA,NA
"2457","Nuclear","PDP8",2008,NA,NA,NA,NA,NA,NA,NA,NA,NA,NA,NA,NA
"2458","Nuclear","PDP8",2009,NA,NA,NA,NA,NA,NA,NA,NA,NA,NA,NA,NA
"2459","Nuclear","PDP8",2010,NA,NA,NA,NA,NA,NA,NA,NA,NA,NA,NA,NA
"2460","Nuclear","PDP8",2011,NA,NA,NA,NA,NA,NA,NA,NA,NA,NA,NA,NA
"2461","Nuclear","PDP8",2012,NA,NA,NA,NA,NA,NA,NA,NA,NA,NA,NA,NA
"2462","Nuclear","PDP8",2013,NA,NA,NA,NA,NA,NA,NA,NA,NA,NA,NA,NA
"2463","Nuclear","PDP8",2014,NA,NA,NA,NA,NA,NA,NA,NA,NA,NA,NA,NA
"2464","Nuclear","PDP8",2015,NA,NA,NA,NA,NA,NA,NA,NA,NA,NA,NA,NA
"2465","Nuclear","PDP8",2016,NA,NA,NA,NA,NA,NA,NA,NA,NA,NA,NA,NA
"2466","Nuclear","PDP8",2017,NA,NA,NA,NA,NA,NA,NA,NA,NA,NA,NA,NA
"2467","Nuclear","PDP8",2018,NA,NA,NA,NA,NA,NA,NA,NA,NA,NA,NA,NA
"2468","Nuclear","PDP8",2019,NA,NA,NA,NA,NA,NA,NA,NA,NA,NA,NA,NA
"2469","Nuclear","PDP8",2020,NA,7370,5470,9270,NA,NA,NA,NA,NA,NA,NA,NA
"2470","Nuclear","PDP8",2021,NA,7370,5470,9270,NA,NA,NA,NA,NA,NA,NA,NA
"2471","Nuclear","PDP8",2022,NA,7370,5470,9270,NA,NA,NA,NA,NA,NA,NA,NA
"2472","Nuclear","PDP8",2023,NA,7370,5470,9270,NA,NA,NA,NA,NA,NA,NA,NA
"2473","Nuclear","PDP8",2024,NA,7370,5470,9270,NA,NA,NA,NA,NA,NA,NA,NA
"2474","Nuclear","PDP8",2025,0,7370,5470,9270,0,0,0,NA,NA,NA,NA,NA
"2475","Nuclear","PDP8",2026,0,7370,5470,9270,0,0,0,0,0,0,0,0
"2476","Nuclear","PDP8",2027,0,7370,5470,9270,0,0,0,0,0,0,0,0
"2477","Nuclear","PDP8",2028,0,7370,5470,9270,0,0,0,0,0,0,0,0
"2478","Nuclear","PDP8",2029,0,7370,5470,9270,0,0,0,0,0,0,0,0
"2479","Nuclear","PDP8",2030,0,6680,4780,8580,0,0,0,0,0,0,0,0
"2480","Nuclear","PDP8",2031,0,6680,4780,8580,0,0,0,0,0,0,0,0
"2481","Nuclear","PDP8",2032,0,6680,4780,8580,0,0,0,0,0,0,0,0
"2482","Nuclear","PDP8",2033,0,6680,4780,8580,0,0,0,0,0,0,0,0
"2483","Nuclear","PDP8",2034,0,6680,4780,8580,0,0,0,0,0,0,0,0
"2484","Nuclear","PDP8",2035,0,6680,4780,8580,0,0,0,0,0,0,0,0
"2485","Nuclear","PDP8",2036,0,6680,4780,8580,0,0,0,0,0,0,0,0
"2486","Nuclear","PDP8",2037,0,6680,4780,8580,0,0,0,0,0,0,0,0
"2487","Nuclear","PDP8",2038,0,6680,4780,8580,0,0,0,0,0,0,0,0
"2488","Nuclear","PDP8",2039,0,6680,4780,8580,0,0,0,0,0,0,0,0
"2489","Nuclear","PDP8",2040,0,6680,4780,8580,0,0,0,0,0,0,0,0
"2490","Nuclear","PDP8",2041,0,6680,4780,8580,0,0,0,0,0,0,0,0
"2491","Nuclear","PDP8",2042,0,6680,4780,8580,0,0,0,0,0,0,0,0
"2492","Nuclear","PDP8",2043,0,6680,4780,8580,0,0,0,0,0,0,0,0
"2493","Nuclear","PDP8",2044,0,6680,4780,8580,0,0,0,0,0,0,0,0
"2494","Nuclear","PDP8",2045,0,6680,4780,8580,0,0,0,0,0,0,0,0
"2495","Nuclear","PDP8",2046,0,6680,4780,8580,0,0,0,0,0,0,0,0
"2496","Nuclear","PDP8",2047,0,6680,4780,8580,0,0,0,0,0,0,0,0
"2497","Nuclear","PDP8",2048,0,6680,4780,8580,0,0,0,0,0,0,0,0
"2498","Nuclear","PDP8",2049,0,6680,4780,8580,0,0,0,0,0,0,0,0
"2499","Nuclear","PDP8",2050,0,6190,4290,8090,0,0,0,0,0,0,0,0
"2500","Nuclear","PDP8_rev_low",2000,NA,NA,NA,NA,NA,NA,NA,NA,NA,NA,NA,NA
"2501","Nuclear","PDP8_rev_low",2001,NA,NA,NA,NA,NA,NA,NA,NA,NA,NA,NA,NA
"2502","Nuclear","PDP8_rev_low",2002,NA,NA,NA,NA,NA,NA,NA,NA,NA,NA,NA,NA
"2503","Nuclear","PDP8_rev_low",2003,NA,NA,NA,NA,NA,NA,NA,NA,NA,NA,NA,NA
"2504","Nuclear","PDP8_rev_low",2004,NA,NA,NA,NA,NA,NA,NA,NA,NA,NA,NA,NA
"2505","Nuclear","PDP8_rev_low",2005,NA,NA,NA,NA,NA,NA,NA,NA,NA,NA,NA,NA
"2506","Nuclear","PDP8_rev_low",2006,NA,NA,NA,NA,NA,NA,NA,NA,NA,NA,NA,NA
"2507","Nuclear","PDP8_rev_low",2007,NA,NA,NA,NA,NA,NA,NA,NA,NA,NA,NA,NA
"2508","Nuclear","PDP8_rev_low",2008,NA,NA,NA,NA,NA,NA,NA,NA,NA,NA,NA,NA
"2509","Nuclear","PDP8_rev_low",2009,NA,NA,NA,NA,NA,NA,NA,NA,NA,NA,NA,NA
"2510","Nuclear","PDP8_rev_low",2010,NA,NA,NA,NA,NA,NA,NA,NA,NA,NA,NA,NA
"2511","Nuclear","PDP8_rev_low",2011,NA,NA,NA,NA,NA,NA,NA,NA,NA,NA,NA,NA
"2512","Nuclear","PDP8_rev_low",2012,NA,NA,NA,NA,NA,NA,NA,NA,NA,NA,NA,NA
"2513","Nuclear","PDP8_rev_low",2013,NA,NA,NA,NA,NA,NA,NA,NA,NA,NA,NA,NA
"2514","Nuclear","PDP8_rev_low",2014,NA,NA,NA,NA,NA,NA,NA,NA,NA,NA,NA,NA
"2515","Nuclear","PDP8_rev_low",2015,NA,NA,NA,NA,NA,NA,NA,NA,NA,NA,NA,NA
"2516","Nuclear","PDP8_rev_low",2016,NA,NA,NA,NA,NA,NA,NA,NA,NA,NA,NA,NA
"2517","Nuclear","PDP8_rev_low",2017,NA,NA,NA,NA,NA,NA,NA,NA,NA,NA,NA,NA
"2518","Nuclear","PDP8_rev_low",2018,NA,NA,NA,NA,NA,NA,NA,NA,NA,NA,NA,NA
"2519","Nuclear","PDP8_rev_low",2019,NA,NA,NA,NA,NA,NA,NA,NA,NA,NA,NA,NA
"2520","Nuclear","PDP8_rev_low",2020,NA,7370,5470,9270,NA,NA,NA,NA,NA,NA,NA,NA
"2521","Nuclear","PDP8_rev_low",2021,NA,7370,5470,9270,NA,NA,NA,NA,NA,NA,NA,NA
"2522","Nuclear","PDP8_rev_low",2022,NA,7370,5470,9270,NA,NA,NA,NA,NA,NA,NA,NA
"2523","Nuclear","PDP8_rev_low",2023,NA,7370,5470,9270,NA,NA,NA,NA,NA,NA,NA,NA
"2524","Nuclear","PDP8_rev_low",2024,NA,7370,5470,9270,NA,NA,NA,NA,NA,NA,NA,NA
"2525","Nuclear","PDP8_rev_low",2025,0,7370,5470,9270,0,0,0,NA,NA,NA,NA,NA
"2526","Nuclear","PDP8_rev_low",2026,800,7370,5470,9270,5896,4376,7416,800,5896,4376,7416,0.8
"2527","Nuclear","PDP8_rev_low",2027,1600,7370,5470,9270,11792,8752,14832,800,5896,4376,7416,0.8
"2528","Nuclear","PDP8_rev_low",2028,2400,7370,5470,9270,17688,13128,22248,800,5896,4376,7416,0.8
"2529","Nuclear","PDP8_rev_low",2029,3200,7370,5470,9270,23584,17504,29664,800,5896,4376,7416,0.8
"2530","Nuclear","PDP8_rev_low",2030,4000,6680,4780,8580,26720,19120,34320,800,5344,3824,6864,0.8
"2531","Nuclear","PDP8_rev_low",2031,4400,6680,4780,8580,29392,21032,37752,400,2672,1912,3432,0.4
"2532","Nuclear","PDP8_rev_low",2032,4800,6680,4780,8580,32064,22944,41184,400,2672,1912,3432,0.4
"2533","Nuclear","PDP8_rev_low",2033,5200,6680,4780,8580,34736,24856,44616,400,2672,1912,3432,0.4
"2534","Nuclear","PDP8_rev_low",2034,5600,6680,4780,8580,37408,26768,48048,400,2672,1912,3432,0.4
"2535","Nuclear","PDP8_rev_low",2035,6000,6680,4780,8580,40080,28680,51480,400,2672,1912,3432,0.4
"2536","Nuclear","PDP8_rev_low",2036,6400,6680,4780,8580,42752,30592,54912,400,2672,1912,3432,0.4
"2537","Nuclear","PDP8_rev_low",2037,6800,6680,4780,8580,45424,32504,58344,400,2672,1912,3432,0.4
"2538","Nuclear","PDP8_rev_low",2038,7200,6680,4780,8580,48096,34416,61776,400,2672,1912,3432,0.4
"2539","Nuclear","PDP8_rev_low",2039,7600,6680,4780,8580,50768,36328,65208,400,2672,1912,3432,0.4
"2540","Nuclear","PDP8_rev_low",2040,8000,6680,4780,8580,53440,38240,68640,400,2672,1912,3432,0.4
"2541","Nuclear","PDP8_rev_low",2041,8400,6680,4780,8580,56112,40152,72072,400,2672,1912,3432,0.4
"2542","Nuclear","PDP8_rev_low",2042,8800,6680,4780,8580,58784,42064,75504,400,2672,1912,3432,0.4
"2543","Nuclear","PDP8_rev_low",2043,9200,6680,4780,8580,61456,43976,78936,400,2672,1912,3432,0.4
"2544","Nuclear","PDP8_rev_low",2044,9600,6680,4780,8580,64128,45888,82368,400,2672,1912,3432,0.4
"2545","Nuclear","PDP8_rev_low",2045,10000,6680,4780,8580,66800,47800,85800,400,2672,1912,3432,0.4
"2546","Nuclear","PDP8_rev_low",2046,10400,6680,4780,8580,69472,49712,89232,400,2672,1912,3432,0.4
"2547","Nuclear","PDP8_rev_low",2047,10800,6680,4780,8580,72144,51624,92664,400,2672,1912,3432,0.4
"2548","Nuclear","PDP8_rev_low",2048,11200,6680,4780,8580,74816,53536,96096,400,2672,1912,3432,0.4
"2549","Nuclear","PDP8_rev_low",2049,11600,6680,4780,8580,77488,55448,99528,400,2672,1912,3432,0.4
"2550","Nuclear","PDP8_rev_low",2050,12000,6190,4290,8090,74280,51480,97080,400,2476,1716,3236,0.4
"2551","Nuclear","PDP8_rev_high",2000,NA,NA,NA,NA,NA,NA,NA,NA,NA,NA,NA,NA
"2552","Nuclear","PDP8_rev_high",2001,NA,NA,NA,NA,NA,NA,NA,NA,NA,NA,NA,NA
"2553","Nuclear","PDP8_rev_high",2002,NA,NA,NA,NA,NA,NA,NA,NA,NA,NA,NA,NA
"2554","Nuclear","PDP8_rev_high",2003,NA,NA,NA,NA,NA,NA,NA,NA,NA,NA,NA,NA
"2555","Nuclear","PDP8_rev_high",2004,NA,NA,NA,NA,NA,NA,NA,NA,NA,NA,NA,NA
"2556","Nuclear","PDP8_rev_high",2005,NA,NA,NA,NA,NA,NA,NA,NA,NA,NA,NA,NA
"2557","Nuclear","PDP8_rev_high",2006,NA,NA,NA,NA,NA,NA,NA,NA,NA,NA,NA,NA
"2558","Nuclear","PDP8_rev_high",2007,NA,NA,NA,NA,NA,NA,NA,NA,NA,NA,NA,NA
"2559","Nuclear","PDP8_rev_high",2008,NA,NA,NA,NA,NA,NA,NA,NA,NA,NA,NA,NA
"2560","Nuclear","PDP8_rev_high",2009,NA,NA,NA,NA,NA,NA,NA,NA,NA,NA,NA,NA
"2561","Nuclear","PDP8_rev_high",2010,NA,NA,NA,NA,NA,NA,NA,NA,NA,NA,NA,NA
"2562","Nuclear","PDP8_rev_high",2011,NA,NA,NA,NA,NA,NA,NA,NA,NA,NA,NA,NA
"2563","Nuclear","PDP8_rev_high",2012,NA,NA,NA,NA,NA,NA,NA,NA,NA,NA,NA,NA
"2564","Nuclear","PDP8_rev_high",2013,NA,NA,NA,NA,NA,NA,NA,NA,NA,NA,NA,NA
"2565","Nuclear","PDP8_rev_high",2014,NA,NA,NA,NA,NA,NA,NA,NA,NA,NA,NA,NA
"2566","Nuclear","PDP8_rev_high",2015,NA,NA,NA,NA,NA,NA,NA,NA,NA,NA,NA,NA
"2567","Nuclear","PDP8_rev_high",2016,NA,NA,NA,NA,NA,NA,NA,NA,NA,NA,NA,NA
"2568","Nuclear","PDP8_rev_high",2017,NA,NA,NA,NA,NA,NA,NA,NA,NA,NA,NA,NA
"2569","Nuclear","PDP8_rev_high",2018,NA,NA,NA,NA,NA,NA,NA,NA,NA,NA,NA,NA
"2570","Nuclear","PDP8_rev_high",2019,NA,NA,NA,NA,NA,NA,NA,NA,NA,NA,NA,NA
"2571","Nuclear","PDP8_rev_high",2020,NA,7370,5470,9270,NA,NA,NA,NA,NA,NA,NA,NA
"2572","Nuclear","PDP8_rev_high",2021,NA,7370,5470,9270,NA,NA,NA,NA,NA,NA,NA,NA
"2573","Nuclear","PDP8_rev_high",2022,NA,7370,5470,9270,NA,NA,NA,NA,NA,NA,NA,NA
"2574","Nuclear","PDP8_rev_high",2023,NA,7370,5470,9270,NA,NA,NA,NA,NA,NA,NA,NA
"2575","Nuclear","PDP8_rev_high",2024,NA,7370,5470,9270,NA,NA,NA,NA,NA,NA,NA,NA
"2576","Nuclear","PDP8_rev_high",2025,0,7370,5470,9270,0,0,0,NA,NA,NA,NA,NA
"2577","Nuclear","PDP8_rev_high",2026,1280,7370,5470,9270,9433.6,7001.6,11865.6,1280,9433.6,7001.6,11865.6,1.28
"2578","Nuclear","PDP8_rev_high",2027,2560,7370,5470,9270,18867.2,14003.2,23731.2,1280,9433.6,7001.6,11865.6,1.28
"2579","Nuclear","PDP8_rev_high",2028,3840,7370,5470,9270,28300.8,21004.8,35596.8,1280,9433.6,7001.6,11865.6,1.28
"2580","Nuclear","PDP8_rev_high",2029,5120,7370,5470,9270,37734.4,28006.4,47462.4,1280,9433.6,7001.6,11865.6,1.28
"2581","Nuclear","PDP8_rev_high",2030,6400,6680,4780,8580,42752,30592,54912,1280,8550.4,6118.4,10982.4,1.28
"2582","Nuclear","PDP8_rev_high",2031,6800,6680,4780,8580,45424,32504,58344,400,2672,1912,3432,0.4
"2583","Nuclear","PDP8_rev_high",2032,7200,6680,4780,8580,48096,34416,61776,400,2672,1912,3432,0.4
"2584","Nuclear","PDP8_rev_high",2033,7600,6680,4780,8580,50768,36328,65208,400,2672,1912,3432,0.4
"2585","Nuclear","PDP8_rev_high",2034,8000,6680,4780,8580,53440,38240,68640,400,2672,1912,3432,0.4
"2586","Nuclear","PDP8_rev_high",2035,8400,6680,4780,8580,56112,40152,72072,400,2672,1912,3432,0.4
"2587","Nuclear","PDP8_rev_high",2036,8800,6680,4780,8580,58784,42064,75504,400,2672,1912,3432,0.4
"2588","Nuclear","PDP8_rev_high",2037,9200,6680,4780,8580,61456,43976,78936,400,2672,1912,3432,0.4
"2589","Nuclear","PDP8_rev_high",2038,9600,6680,4780,8580,64128,45888,82368,400,2672,1912,3432,0.4
"2590","Nuclear","PDP8_rev_high",2039,10000,6680,4780,8580,66800,47800,85800,400,2672,1912,3432,0.4
"2591","Nuclear","PDP8_rev_high",2040,10400,6680,4780,8580,69472,49712,89232,400,2672,1912,3432,0.4
"2592","Nuclear","PDP8_rev_high",2041,10800,6680,4780,8580,72144,51624,92664,400,2672,1912,3432,0.4
"2593","Nuclear","PDP8_rev_high",2042,11200,6680,4780,8580,74816,53536,96096,400,2672,1912,3432,0.4
"2594","Nuclear","PDP8_rev_high",2043,11600,6680,4780,8580,77488,55448,99528,400,2672,1912,3432,0.4
"2595","Nuclear","PDP8_rev_high",2044,12000,6680,4780,8580,80160,57360,102960,400,2672,1912,3432,0.4
"2596","Nuclear","PDP8_rev_high",2045,12400,6680,4780,8580,82832,59272,106392,400,2672,1912,3432,0.4
"2597","Nuclear","PDP8_rev_high",2046,12800,6680,4780,8580,85504,61184,109824,400,2672,1912,3432,0.4
"2598","Nuclear","PDP8_rev_high",2047,13200,6680,4780,8580,88176,63096,113256,400,2672,1912,3432,0.4
"2599","Nuclear","PDP8_rev_high",2048,13600,6680,4780,8580,90848,65008,116688,400,2672,1912,3432,0.4
"2600","Nuclear","PDP8_rev_high",2049,14000,6680,4780,8580,93520,66920,120120,400,2672,1912,3432,0.4
"2601","Nuclear","PDP8_rev_high",2050,14400,6190,4290,8090,89136,61776,116496,400,2476,1716,3236,0.4
"2602","Batteries","PDP8",2000,NA,NA,NA,NA,NA,NA,NA,NA,NA,NA,NA,NA
"2603","Batteries","PDP8",2001,NA,NA,NA,NA,NA,NA,NA,NA,NA,NA,NA,NA
"2604","Batteries","PDP8",2002,NA,NA,NA,NA,NA,NA,NA,NA,NA,NA,NA,NA
"2605","Batteries","PDP8",2003,NA,NA,NA,NA,NA,NA,NA,NA,NA,NA,NA,NA
"2606","Batteries","PDP8",2004,NA,NA,NA,NA,NA,NA,NA,NA,NA,NA,NA,NA
"2607","Batteries","PDP8",2005,NA,NA,NA,NA,NA,NA,NA,NA,NA,NA,NA,NA
"2608","Batteries","PDP8",2006,NA,NA,NA,NA,NA,NA,NA,NA,NA,NA,NA,NA
"2609","Batteries","PDP8",2007,NA,NA,NA,NA,NA,NA,NA,NA,NA,NA,NA,NA
"2610","Batteries","PDP8",2008,NA,NA,NA,NA,NA,NA,NA,NA,NA,NA,NA,NA
"2611","Batteries","PDP8",2009,NA,NA,NA,NA,NA,NA,NA,NA,NA,NA,NA,NA
"2612","Batteries","PDP8",2010,NA,NA,NA,NA,NA,NA,NA,NA,NA,NA,NA,NA
"2613","Batteries","PDP8",2011,NA,NA,NA,NA,NA,NA,NA,NA,NA,NA,NA,NA
"2614","Batteries","PDP8",2012,NA,NA,NA,NA,NA,NA,NA,NA,NA,NA,NA,NA
"2615","Batteries","PDP8",2013,NA,NA,NA,NA,NA,NA,NA,NA,NA,NA,NA,NA
"2616","Batteries","PDP8",2014,NA,NA,NA,NA,NA,NA,NA,NA,NA,NA,NA,NA
"2617","Batteries","PDP8",2015,NA,NA,NA,NA,NA,NA,NA,NA,NA,NA,NA,NA
"2618","Batteries","PDP8",2016,NA,NA,NA,NA,NA,NA,NA,NA,NA,NA,NA,NA
"2619","Batteries","PDP8",2017,NA,NA,NA,NA,NA,NA,NA,NA,NA,NA,NA,NA
"2620","Batteries","PDP8",2018,NA,NA,NA,NA,NA,NA,NA,NA,NA,NA,NA,NA
"2621","Batteries","PDP8",2019,NA,NA,NA,NA,NA,NA,NA,NA,NA,NA,NA,NA
"2622","Batteries","PDP8",2020,NA,1670,1670,1670,NA,NA,NA,NA,NA,NA,NA,NA
"2623","Batteries","PDP8",2021,NA,1670,1670,1670,NA,NA,NA,NA,NA,NA,NA,NA
"2624","Batteries","PDP8",2022,NA,1670,1670,1670,NA,NA,NA,NA,NA,NA,NA,NA
"2625","Batteries","PDP8",2023,NA,1670,1670,1670,NA,NA,NA,NA,NA,NA,NA,NA
"2626","Batteries","PDP8",2024,NA,1670,1670,1670,NA,NA,NA,NA,NA,NA,NA,NA
"2627","Batteries","PDP8",2025,0,1670,1670,1670,0,0,0,NA,NA,NA,NA,NA
"2628","Batteries","PDP8",2026,60,1670,1670,1670,100.2,100.2,100.2,60,100.2,100.2,100.2,0.06
"2629","Batteries","PDP8",2027,120,1670,1670,1670,200.4,200.4,200.4,60,100.2,100.2,100.2,0.06
"2630","Batteries","PDP8",2028,180,1670,1670,1670,300.6,300.6,300.6,60,100.2,100.2,100.2,0.06
"2631","Batteries","PDP8",2029,240,1670,1670,1670,400.8,400.8,400.8,60,100.2,100.2,100.2,0.06
"2632","Batteries","PDP8",2030,300,910,910,910,273,273,273,60,54.6,54.6,54.6,0.06
"2633","Batteries","PDP8",2031,1562.5,910,910,910,1421.875,1421.875,1421.875,1262.5,1148.875,1148.875,1148.875,1.2625
"2634","Batteries","PDP8",2032,2825,910,910,910,2570.75,2570.75,2570.75,1262.5,1148.875,1148.875,1148.875,1.2625
"2635","Batteries","PDP8",2033,4087.5,910,910,910,3719.625,3719.625,3719.625,1262.5,1148.875,1148.875,1148.875,1.2625
"2636","Batteries","PDP8",2034,5350,910,910,910,4868.5,4868.5,4868.5,1262.5,1148.875,1148.875,1148.875,1.2625
"2637","Batteries","PDP8",2035,6612.5,910,910,910,6017.375,6017.375,6017.375,1262.5,1148.875,1148.875,1148.875,1.2625
"2638","Batteries","PDP8",2036,7875,910,910,910,7166.25,7166.25,7166.25,1262.5,1148.875,1148.875,1148.875,1.2625
"2639","Batteries","PDP8",2037,9137.5,910,910,910,8315.125,8315.125,8315.125,1262.5,1148.875,1148.875,1148.875,1.2625
"2640","Batteries","PDP8",2038,10400,910,910,910,9464,9464,9464,1262.5,1148.875,1148.875,1148.875,1.2625
"2641","Batteries","PDP8",2039,11662.5,910,910,910,10612.875,10612.875,10612.875,1262.5,1148.875,1148.875,1148.875,1.2625
"2642","Batteries","PDP8",2040,12925,910,910,910,11761.75,11761.75,11761.75,1262.5,1148.875,1148.875,1148.875,1.2625
"2643","Batteries","PDP8",2041,14187.5,910,910,910,12910.625,12910.625,12910.625,1262.5,1148.875,1148.875,1148.875,1.2625
"2644","Batteries","PDP8",2042,15450,910,910,910,14059.5,14059.5,14059.5,1262.5,1148.875,1148.875,1148.875,1.2625
"2645","Batteries","PDP8",2043,16712.5,910,910,910,15208.375,15208.375,15208.375,1262.5,1148.875,1148.875,1148.875,1.2625
"2646","Batteries","PDP8",2044,17975,910,910,910,16357.25,16357.25,16357.25,1262.5,1148.875,1148.875,1148.875,1.2625
"2647","Batteries","PDP8",2045,19237.5,910,910,910,17506.125,17506.125,17506.125,1262.5,1148.875,1148.875,1148.875,1.2625
"2648","Batteries","PDP8",2046,20500,910,910,910,18655,18655,18655,1262.5,1148.875,1148.875,1148.875,1.2625
"2649","Batteries","PDP8",2047,21762.5,910,910,910,19803.875,19803.875,19803.875,1262.5,1148.875,1148.875,1148.875,1.2625
"2650","Batteries","PDP8",2048,23025,910,910,910,20952.75,20952.75,20952.75,1262.5,1148.875,1148.875,1148.875,1.2625
"2651","Batteries","PDP8",2049,24287.5,910,910,910,22101.625,22101.625,22101.625,1262.5,1148.875,1148.875,1148.875,1.2625
"2652","Batteries","PDP8",2050,25550,520,520,520,13286,13286,13286,1262.5,656.5,656.5,656.5,1.2625
"2653","Batteries","PDP8_rev_low",2000,NA,NA,NA,NA,NA,NA,NA,NA,NA,NA,NA,NA
"2654","Batteries","PDP8_rev_low",2001,NA,NA,NA,NA,NA,NA,NA,NA,NA,NA,NA,NA
"2655","Batteries","PDP8_rev_low",2002,NA,NA,NA,NA,NA,NA,NA,NA,NA,NA,NA,NA
"2656","Batteries","PDP8_rev_low",2003,NA,NA,NA,NA,NA,NA,NA,NA,NA,NA,NA,NA
"2657","Batteries","PDP8_rev_low",2004,NA,NA,NA,NA,NA,NA,NA,NA,NA,NA,NA,NA
"2658","Batteries","PDP8_rev_low",2005,NA,NA,NA,NA,NA,NA,NA,NA,NA,NA,NA,NA
"2659","Batteries","PDP8_rev_low",2006,NA,NA,NA,NA,NA,NA,NA,NA,NA,NA,NA,NA
"2660","Batteries","PDP8_rev_low",2007,NA,NA,NA,NA,NA,NA,NA,NA,NA,NA,NA,NA
"2661","Batteries","PDP8_rev_low",2008,NA,NA,NA,NA,NA,NA,NA,NA,NA,NA,NA,NA
"2662","Batteries","PDP8_rev_low",2009,NA,NA,NA,NA,NA,NA,NA,NA,NA,NA,NA,NA
"2663","Batteries","PDP8_rev_low",2010,NA,NA,NA,NA,NA,NA,NA,NA,NA,NA,NA,NA
"2664","Batteries","PDP8_rev_low",2011,NA,NA,NA,NA,NA,NA,NA,NA,NA,NA,NA,NA
"2665","Batteries","PDP8_rev_low",2012,NA,NA,NA,NA,NA,NA,NA,NA,NA,NA,NA,NA
"2666","Batteries","PDP8_rev_low",2013,NA,NA,NA,NA,NA,NA,NA,NA,NA,NA,NA,NA
"2667","Batteries","PDP8_rev_low",2014,NA,NA,NA,NA,NA,NA,NA,NA,NA,NA,NA,NA
"2668","Batteries","PDP8_rev_low",2015,NA,NA,NA,NA,NA,NA,NA,NA,NA,NA,NA,NA
"2669","Batteries","PDP8_rev_low",2016,NA,NA,NA,NA,NA,NA,NA,NA,NA,NA,NA,NA
"2670","Batteries","PDP8_rev_low",2017,NA,NA,NA,NA,NA,NA,NA,NA,NA,NA,NA,NA
"2671","Batteries","PDP8_rev_low",2018,NA,NA,NA,NA,NA,NA,NA,NA,NA,NA,NA,NA
"2672","Batteries","PDP8_rev_low",2019,NA,NA,NA,NA,NA,NA,NA,NA,NA,NA,NA,NA
"2673","Batteries","PDP8_rev_low",2020,NA,1670,1670,1670,NA,NA,NA,NA,NA,NA,NA,NA
"2674","Batteries","PDP8_rev_low",2021,NA,1670,1670,1670,NA,NA,NA,NA,NA,NA,NA,NA
"2675","Batteries","PDP8_rev_low",2022,NA,1670,1670,1670,NA,NA,NA,NA,NA,NA,NA,NA
"2676","Batteries","PDP8_rev_low",2023,NA,1670,1670,1670,NA,NA,NA,NA,NA,NA,NA,NA
"2677","Batteries","PDP8_rev_low",2024,NA,1670,1670,1670,NA,NA,NA,NA,NA,NA,NA,NA
"2678","Batteries","PDP8_rev_low",2025,0,1670,1670,1670,0,0,0,NA,NA,NA,NA,NA
"2679","Batteries","PDP8_rev_low",2026,2000,1670,1670,1670,3340,3340,3340,2000,3340,3340,3340,2
"2680","Batteries","PDP8_rev_low",2027,4000,1670,1670,1670,6680,6680,6680,2000,3340,3340,3340,2
"2681","Batteries","PDP8_rev_low",2028,6000,1670,1670,1670,10020,10020,10020,2000,3340,3340,3340,2
"2682","Batteries","PDP8_rev_low",2029,8000,1670,1670,1670,13360,13360,13360,2000,3340,3340,3340,2
"2683","Batteries","PDP8_rev_low",2030,10000,910,910,910,9100,9100,9100,2000,1820,1820,1820,2
"2684","Batteries","PDP8_rev_low",2031,14299.15,910,910,910,13012.2265,13012.2265,13012.2265,4299.15,3912.2265,3912.2265,3912.2265,4.29915
"2685","Batteries","PDP8_rev_low",2032,18598.3,910,910,910,16924.453,16924.453,16924.453,4299.15,3912.2265,3912.2265,3912.2265,4.29915
"2686","Batteries","PDP8_rev_low",2033,22897.45,910,910,910,20836.6795,20836.6795,20836.6795,4299.14999999999,3912.22649999999,3912.22649999999,3912.22649999999,4.29914999999999
"2687","Batteries","PDP8_rev_low",2034,27196.6,910,910,910,24748.906,24748.906,24748.906,4299.15000000001,3912.2265,3912.2265,3912.2265,4.29915000000001
"2688","Batteries","PDP8_rev_low",2035,31495.75,910,910,910,28661.1325,28661.1325,28661.1325,4299.15,3912.2265,3912.2265,3912.2265,4.29915
"2689","Batteries","PDP8_rev_low",2036,35794.9,910,910,910,32573.359,32573.359,32573.359,4299.14999999999,3912.22649999999,3912.22649999999,3912.22649999999,4.29914999999999
"2690","Batteries","PDP8_rev_low",2037,40094.05,910,910,910,36485.5855,36485.5855,36485.5855,4299.15000000001,3912.22650000001,3912.22650000001,3912.22650000001,4.29915000000001
"2691","Batteries","PDP8_rev_low",2038,44393.2,910,910,910,40397.812,40397.812,40397.812,4299.15,3912.2265,3912.2265,3912.2265,4.29915
"2692","Batteries","PDP8_rev_low",2039,48692.35,910,910,910,44310.0385,44310.0385,44310.0385,4299.14999999999,3912.22649999999,3912.22649999999,3912.22649999999,4.29914999999999
"2693","Batteries","PDP8_rev_low",2040,52991.5,910,910,910,48222.265,48222.265,48222.265,4299.15,3912.2265,3912.2265,3912.2265,4.29915
"2694","Batteries","PDP8_rev_low",2041,57290.65,910,910,910,52134.4915,52134.4915,52134.4915,4299.15,3912.2265,3912.2265,3912.2265,4.29915
"2695","Batteries","PDP8_rev_low",2042,61589.8,910,910,910,56046.718,56046.718,56046.718,4299.14999999999,3912.22649999999,3912.22649999999,3912.22649999999,4.29914999999999
"2696","Batteries","PDP8_rev_low",2043,65888.95,910,910,910,59958.9445,59958.9445,59958.9445,4299.15000000002,3912.22650000001,3912.22650000001,3912.22650000001,4.29915000000002
"2697","Batteries","PDP8_rev_low",2044,70188.1,910,910,910,63871.171,63871.171,63871.171,4299.14999999999,3912.22649999999,3912.22649999999,3912.22649999999,4.29914999999999
"2698","Batteries","PDP8_rev_low",2045,74487.25,910,910,910,67783.3975,67783.3975,67783.3975,4299.14999999999,3912.22649999999,3912.22649999999,3912.22649999999,4.29914999999999
"2699","Batteries","PDP8_rev_low",2046,78786.4,910,910,910,71695.624,71695.624,71695.624,4299.15000000001,3912.22650000001,3912.22650000001,3912.22650000001,4.29915000000001
"2700","Batteries","PDP8_rev_low",2047,83085.55,910,910,910,75607.8505,75607.8505,75607.8505,4299.14999999999,3912.22649999999,3912.22649999999,3912.22649999999,4.29914999999999
"2701","Batteries","PDP8_rev_low",2048,87384.7,910,910,910,79520.077,79520.077,79520.077,4299.14999999999,3912.22649999999,3912.22649999999,3912.22649999999,4.29914999999999
"2702","Batteries","PDP8_rev_low",2049,91683.85,910,910,910,83432.3035,83432.3035,83432.3035,4299.14999999999,3912.22649999999,3912.22649999999,3912.22649999999,4.29914999999999
"2703","Batteries","PDP8_rev_low",2050,95983,520,520,520,49911.16,49911.16,49911.16,4299.15000000001,2235.558,2235.558,2235.558,4.29915000000001
"2704","Batteries","PDP8_rev_high",2000,NA,NA,NA,NA,NA,NA,NA,NA,NA,NA,NA,NA
"2705","Batteries","PDP8_rev_high",2001,NA,NA,NA,NA,NA,NA,NA,NA,NA,NA,NA,NA
"2706","Batteries","PDP8_rev_high",2002,NA,NA,NA,NA,NA,NA,NA,NA,NA,NA,NA,NA
"2707","Batteries","PDP8_rev_high",2003,NA,NA,NA,NA,NA,NA,NA,NA,NA,NA,NA,NA
"2708","Batteries","PDP8_rev_high",2004,NA,NA,NA,NA,NA,NA,NA,NA,NA,NA,NA,NA
"2709","Batteries","PDP8_rev_high",2005,NA,NA,NA,NA,NA,NA,NA,NA,NA,NA,NA,NA
"2710","Batteries","PDP8_rev_high",2006,NA,NA,NA,NA,NA,NA,NA,NA,NA,NA,NA,NA
"2711","Batteries","PDP8_rev_high",2007,NA,NA,NA,NA,NA,NA,NA,NA,NA,NA,NA,NA
"2712","Batteries","PDP8_rev_high",2008,NA,NA,NA,NA,NA,NA,NA,NA,NA,NA,NA,NA
"2713","Batteries","PDP8_rev_high",2009,NA,NA,NA,NA,NA,NA,NA,NA,NA,NA,NA,NA
"2714","Batteries","PDP8_rev_high",2010,NA,NA,NA,NA,NA,NA,NA,NA,NA,NA,NA,NA
"2715","Batteries","PDP8_rev_high",2011,NA,NA,NA,NA,NA,NA,NA,NA,NA,NA,NA,NA
"2716","Batteries","PDP8_rev_high",2012,NA,NA,NA,NA,NA,NA,NA,NA,NA,NA,NA,NA
"2717","Batteries","PDP8_rev_high",2013,NA,NA,NA,NA,NA,NA,NA,NA,NA,NA,NA,NA
"2718","Batteries","PDP8_rev_high",2014,NA,NA,NA,NA,NA,NA,NA,NA,NA,NA,NA,NA
"2719","Batteries","PDP8_rev_high",2015,NA,NA,NA,NA,NA,NA,NA,NA,NA,NA,NA,NA
"2720","Batteries","PDP8_rev_high",2016,NA,NA,NA,NA,NA,NA,NA,NA,NA,NA,NA,NA
"2721","Batteries","PDP8_rev_high",2017,NA,NA,NA,NA,NA,NA,NA,NA,NA,NA,NA,NA
"2722","Batteries","PDP8_rev_high",2018,NA,NA,NA,NA,NA,NA,NA,NA,NA,NA,NA,NA
"2723","Batteries","PDP8_rev_high",2019,NA,NA,NA,NA,NA,NA,NA,NA,NA,NA,NA,NA
"2724","Batteries","PDP8_rev_high",2020,NA,1670,1670,1670,NA,NA,NA,NA,NA,NA,NA,NA
"2725","Batteries","PDP8_rev_high",2021,NA,1670,1670,1670,NA,NA,NA,NA,NA,NA,NA,NA
"2726","Batteries","PDP8_rev_high",2022,NA,1670,1670,1670,NA,NA,NA,NA,NA,NA,NA,NA
"2727","Batteries","PDP8_rev_high",2023,NA,1670,1670,1670,NA,NA,NA,NA,NA,NA,NA,NA
"2728","Batteries","PDP8_rev_high",2024,NA,1670,1670,1670,NA,NA,NA,NA,NA,NA,NA,NA
"2729","Batteries","PDP8_rev_high",2025,0,1670,1670,1670,0,0,0,NA,NA,NA,NA,NA
"2730","Batteries","PDP8_rev_high",2026,3260,1670,1670,1670,5444.2,5444.2,5444.2,3260,5444.2,5444.2,5444.2,3.26
"2731","Batteries","PDP8_rev_high",2027,6520,1670,1670,1670,10888.4,10888.4,10888.4,3260,5444.2,5444.2,5444.2,3.26
"2732","Batteries","PDP8_rev_high",2028,9780,1670,1670,1670,16332.6,16332.6,16332.6,3260,5444.2,5444.2,5444.2,3.26
"2733","Batteries","PDP8_rev_high",2029,13040,1670,1670,1670,21776.8,21776.8,21776.8,3260,5444.2,5444.2,5444.2,3.26
"2734","Batteries","PDP8_rev_high",2030,16300,910,910,910,14833,14833,14833,3260,2966.6,2966.6,2966.6,3.26
"2735","Batteries","PDP8_rev_high",2031,20291,910,910,910,18464.81,18464.81,18464.81,3991,3631.81,3631.81,3631.81,3.991
"2736","Batteries","PDP8_rev_high",2032,24282,910,910,910,22096.62,22096.62,22096.62,3991,3631.81,3631.81,3631.81,3.991
"2737","Batteries","PDP8_rev_high",2033,28273,910,910,910,25728.43,25728.43,25728.43,3991,3631.81,3631.81,3631.81,3.991
"2738","Batteries","PDP8_rev_high",2034,32264,910,910,910,29360.24,29360.24,29360.24,3991,3631.81,3631.81,3631.81,3.991
"2739","Batteries","PDP8_rev_high",2035,36255,910,910,910,32992.05,32992.05,32992.05,3991,3631.81,3631.81,3631.81,3.991
"2740","Batteries","PDP8_rev_high",2036,40246,910,910,910,36623.86,36623.86,36623.86,3991,3631.81,3631.81,3631.81,3.991
"2741","Batteries","PDP8_rev_high",2037,44237,910,910,910,40255.67,40255.67,40255.67,3991,3631.81,3631.81,3631.81,3.991
"2742","Batteries","PDP8_rev_high",2038,48228,910,910,910,43887.48,43887.48,43887.48,3991,3631.81,3631.81,3631.81,3.991
"2743","Batteries","PDP8_rev_high",2039,52219,910,910,910,47519.29,47519.29,47519.29,3991,3631.81,3631.81,3631.81,3.991
"2744","Batteries","PDP8_rev_high",2040,56210,910,910,910,51151.1,51151.1,51151.1,3991,3631.81,3631.81,3631.81,3.991
"2745","Batteries","PDP8_rev_high",2041,60201,910,910,910,54782.91,54782.91,54782.91,3991,3631.81,3631.81,3631.81,3.991
"2746","Batteries","PDP8_rev_high",2042,64192,910,910,910,58414.72,58414.72,58414.72,3991,3631.81,3631.81,3631.81,3.991
"2747","Batteries","PDP8_rev_high",2043,68183,910,910,910,62046.53,62046.53,62046.53,3991,3631.81,3631.81,3631.81,3.991
"2748","Batteries","PDP8_rev_high",2044,72174,910,910,910,65678.34,65678.34,65678.34,3991,3631.81,3631.81,3631.81,3.991
"2749","Batteries","PDP8_rev_high",2045,76165,910,910,910,69310.15,69310.15,69310.15,3991,3631.81,3631.81,3631.81,3.991
"2750","Batteries","PDP8_rev_high",2046,80156,910,910,910,72941.96,72941.96,72941.96,3991,3631.81,3631.81,3631.81,3.991
"2751","Batteries","PDP8_rev_high",2047,84147,910,910,910,76573.77,76573.77,76573.77,3991,3631.81,3631.81,3631.81,3.991
"2752","Batteries","PDP8_rev_high",2048,88138,910,910,910,80205.58,80205.58,80205.58,3991,3631.81,3631.81,3631.81,3.991
"2753","Batteries","PDP8_rev_high",2049,92129,910,910,910,83837.39,83837.39,83837.39,3991,3631.81,3631.81,3631.81,3.991
"2754","Batteries","PDP8_rev_high",2050,96120,520,520,520,49982.4,49982.4,49982.4,3991,2075.32,2075.32,2075.32,3.991
"2755","Grid","PDP8",2000,NA,NA,NA,NA,NA,NA,NA,NA,NA,NA,NA,NA
"2756","Grid","PDP8",2001,NA,NA,NA,NA,NA,NA,NA,NA,NA,NA,NA,NA
"2757","Grid","PDP8",2002,NA,NA,NA,NA,NA,NA,NA,NA,NA,NA,NA,NA
"2758","Grid","PDP8",2003,NA,NA,NA,NA,NA,NA,NA,NA,NA,NA,NA,NA
"2759","Grid","PDP8",2004,NA,NA,NA,NA,NA,NA,NA,NA,NA,NA,NA,NA
"2760","Grid","PDP8",2005,NA,NA,NA,NA,NA,NA,NA,NA,NA,NA,NA,NA
"2761","Grid","PDP8",2006,NA,NA,NA,NA,NA,NA,NA,NA,NA,NA,NA,NA
"2762","Grid","PDP8",2007,NA,NA,NA,NA,NA,NA,NA,NA,NA,NA,NA,NA
"2763","Grid","PDP8",2008,NA,NA,NA,NA,NA,NA,NA,NA,NA,NA,NA,NA
"2764","Grid","PDP8",2009,NA,NA,NA,NA,NA,NA,NA,NA,NA,NA,NA,NA
"2765","Grid","PDP8",2010,NA,NA,NA,NA,NA,NA,NA,NA,NA,NA,NA,NA
"2766","Grid","PDP8",2011,NA,NA,NA,NA,NA,NA,NA,NA,NA,NA,NA,NA
"2767","Grid","PDP8",2012,NA,NA,NA,NA,NA,NA,NA,NA,NA,NA,NA,NA
"2768","Grid","PDP8",2013,NA,NA,NA,NA,NA,NA,NA,NA,NA,NA,NA,NA
"2769","Grid","PDP8",2014,NA,NA,NA,NA,NA,NA,NA,NA,NA,NA,NA,NA
"2770","Grid","PDP8",2015,NA,NA,NA,NA,NA,NA,NA,NA,NA,NA,NA,NA
"2771","Grid","PDP8",2016,NA,NA,NA,NA,NA,NA,NA,NA,NA,NA,NA,NA
"2772","Grid","PDP8",2017,NA,NA,NA,NA,NA,NA,NA,NA,NA,NA,NA,NA
"2773","Grid","PDP8",2018,NA,NA,NA,NA,NA,NA,NA,NA,NA,NA,NA,NA
"2774","Grid","PDP8",2019,NA,NA,NA,NA,NA,NA,NA,NA,NA,NA,NA,NA
"2775","Grid","PDP8",2020,NA,NA,NA,NA,NA,NA,NA,NA,NA,NA,NA,NA
"2776","Grid","PDP8",2021,NA,NA,NA,NA,NA,NA,NA,NA,NA,NA,NA,NA
"2777","Grid","PDP8",2022,NA,NA,NA,NA,NA,NA,NA,NA,NA,NA,NA,NA
"2778","Grid","PDP8",2023,NA,NA,NA,NA,NA,NA,NA,NA,NA,NA,NA,NA
"2779","Grid","PDP8",2024,NA,NA,NA,NA,NA,NA,NA,NA,NA,NA,NA,NA
"2780","Grid","PDP8",2025,NA,NA,NA,NA,NA,NA,NA,NA,NA,NA,NA,NA
"2781","Grid","PDP8",2026,NA,NA,NA,NA,NA,NA,NA,NA,3.62,3.62,3.62,NA
"2782","Grid","PDP8",2027,NA,NA,NA,NA,NA,NA,NA,NA,3.62,3.62,3.62,NA
"2783","Grid","PDP8",2028,NA,NA,NA,NA,NA,NA,NA,NA,3.62,3.62,3.62,NA
"2784","Grid","PDP8",2029,NA,NA,NA,NA,NA,NA,NA,NA,3.62,3.62,3.62,NA
"2785","Grid","PDP8",2030,NA,NA,NA,NA,NA,NA,NA,NA,3.62,3.62,3.62,NA
"2786","Grid","PDP8",2031,NA,NA,NA,NA,NA,NA,NA,NA,3.18,3.18,3.18,NA
"2787","Grid","PDP8",2032,NA,NA,NA,NA,NA,NA,NA,NA,3.18,3.18,3.18,NA
"2788","Grid","PDP8",2033,NA,NA,NA,NA,NA,NA,NA,NA,3.18,3.18,3.18,NA
"2789","Grid","PDP8",2034,NA,NA,NA,NA,NA,NA,NA,NA,3.18,3.18,3.18,NA
"2790","Grid","PDP8",2035,NA,NA,NA,NA,NA,NA,NA,NA,3.18,3.18,3.18,NA
"2791","Grid","PDP8",2036,NA,NA,NA,NA,NA,NA,NA,NA,1.86,1.86,1.86,NA
"2792","Grid","PDP8",2037,NA,NA,NA,NA,NA,NA,NA,NA,1.86,1.86,1.86,NA
"2793","Grid","PDP8",2038,NA,NA,NA,NA,NA,NA,NA,NA,1.86,1.86,1.86,NA
"2794","Grid","PDP8",2039,NA,NA,NA,NA,NA,NA,NA,NA,1.86,1.86,1.86,NA
"2795","Grid","PDP8",2040,NA,NA,NA,NA,NA,NA,NA,NA,1.86,1.86,1.86,NA
"2796","Grid","PDP8",2041,NA,NA,NA,NA,NA,NA,NA,NA,1.86,1.86,1.86,NA
"2797","Grid","PDP8",2042,NA,NA,NA,NA,NA,NA,NA,NA,1.86,1.86,1.86,NA
"2798","Grid","PDP8",2043,NA,NA,NA,NA,NA,NA,NA,NA,1.86,1.86,1.86,NA
"2799","Grid","PDP8",2044,NA,NA,NA,NA,NA,NA,NA,NA,1.86,1.86,1.86,NA
"2800","Grid","PDP8",2045,NA,NA,NA,NA,NA,NA,NA,NA,1.86,1.86,1.86,NA
"2801","Grid","PDP8",2046,NA,NA,NA,NA,NA,NA,NA,NA,1.86,1.86,1.86,NA
"2802","Grid","PDP8",2047,NA,NA,NA,NA,NA,NA,NA,NA,1.86,1.86,1.86,NA
"2803","Grid","PDP8",2048,NA,NA,NA,NA,NA,NA,NA,NA,1.86,1.86,1.86,NA
"2804","Grid","PDP8",2049,NA,NA,NA,NA,NA,NA,NA,NA,1.86,1.86,1.86,NA
"2805","Grid","PDP8",2050,NA,NA,NA,NA,NA,NA,NA,NA,1.86,1.86,1.86,NA
"2806","Grid","PDP8_rev_high",2000,NA,NA,NA,NA,NA,NA,NA,NA,NA,NA,NA,NA
"2807","Grid","PDP8_rev_high",2001,NA,NA,NA,NA,NA,NA,NA,NA,NA,NA,NA,NA
"2808","Grid","PDP8_rev_high",2002,NA,NA,NA,NA,NA,NA,NA,NA,NA,NA,NA,NA
"2809","Grid","PDP8_rev_high",2003,NA,NA,NA,NA,NA,NA,NA,NA,NA,NA,NA,NA
"2810","Grid","PDP8_rev_high",2004,NA,NA,NA,NA,NA,NA,NA,NA,NA,NA,NA,NA
"2811","Grid","PDP8_rev_high",2005,NA,NA,NA,NA,NA,NA,NA,NA,NA,NA,NA,NA
"2812","Grid","PDP8_rev_high",2006,NA,NA,NA,NA,NA,NA,NA,NA,NA,NA,NA,NA
"2813","Grid","PDP8_rev_high",2007,NA,NA,NA,NA,NA,NA,NA,NA,NA,NA,NA,NA
"2814","Grid","PDP8_rev_high",2008,NA,NA,NA,NA,NA,NA,NA,NA,NA,NA,NA,NA
"2815","Grid","PDP8_rev_high",2009,NA,NA,NA,NA,NA,NA,NA,NA,NA,NA,NA,NA
"2816","Grid","PDP8_rev_high",2010,NA,NA,NA,NA,NA,NA,NA,NA,NA,NA,NA,NA
"2817","Grid","PDP8_rev_high",2011,NA,NA,NA,NA,NA,NA,NA,NA,NA,NA,NA,NA
"2818","Grid","PDP8_rev_high",2012,NA,NA,NA,NA,NA,NA,NA,NA,NA,NA,NA,NA
"2819","Grid","PDP8_rev_high",2013,NA,NA,NA,NA,NA,NA,NA,NA,NA,NA,NA,NA
"2820","Grid","PDP8_rev_high",2014,NA,NA,NA,NA,NA,NA,NA,NA,NA,NA,NA,NA
"2821","Grid","PDP8_rev_high",2015,NA,NA,NA,NA,NA,NA,NA,NA,NA,NA,NA,NA
"2822","Grid","PDP8_rev_high",2016,NA,NA,NA,NA,NA,NA,NA,NA,NA,NA,NA,NA
"2823","Grid","PDP8_rev_high",2017,NA,NA,NA,NA,NA,NA,NA,NA,NA,NA,NA,NA
"2824","Grid","PDP8_rev_high",2018,NA,NA,NA,NA,NA,NA,NA,NA,NA,NA,NA,NA
"2825","Grid","PDP8_rev_high",2019,NA,NA,NA,NA,NA,NA,NA,NA,NA,NA,NA,NA
"2826","Grid","PDP8_rev_high",2020,NA,NA,NA,NA,NA,NA,NA,NA,NA,NA,NA,NA
"2827","Grid","PDP8_rev_high",2021,NA,NA,NA,NA,NA,NA,NA,NA,NA,NA,NA,NA
"2828","Grid","PDP8_rev_high",2022,NA,NA,NA,NA,NA,NA,NA,NA,NA,NA,NA,NA
"2829","Grid","PDP8_rev_high",2023,NA,NA,NA,NA,NA,NA,NA,NA,NA,NA,NA,NA
"2830","Grid","PDP8_rev_high",2024,NA,NA,NA,NA,NA,NA,NA,NA,NA,NA,NA,NA
"2831","Grid","PDP8_rev_high",2025,NA,NA,NA,NA,NA,NA,NA,NA,NA,NA,NA,NA
"2832","Grid","PDP8_rev_high",2026,NA,NA,NA,NA,NA,NA,NA,NA,3.62,3.62,3.62,NA
"2833","Grid","PDP8_rev_high",2027,NA,NA,NA,NA,NA,NA,NA,NA,3.62,3.62,3.62,NA
"2834","Grid","PDP8_rev_high",2028,NA,NA,NA,NA,NA,NA,NA,NA,3.62,3.62,3.62,NA
"2835","Grid","PDP8_rev_high",2029,NA,NA,NA,NA,NA,NA,NA,NA,3.62,3.62,3.62,NA
"2836","Grid","PDP8_rev_high",2030,NA,NA,NA,NA,NA,NA,NA,NA,3.62,3.62,3.62,NA
"2837","Grid","PDP8_rev_high",2031,NA,NA,NA,NA,NA,NA,NA,NA,3.18,3.18,3.18,NA
"2838","Grid","PDP8_rev_high",2032,NA,NA,NA,NA,NA,NA,NA,NA,3.18,3.18,3.18,NA
"2839","Grid","PDP8_rev_high",2033,NA,NA,NA,NA,NA,NA,NA,NA,3.18,3.18,3.18,NA
"2840","Grid","PDP8_rev_high",2034,NA,NA,NA,NA,NA,NA,NA,NA,3.18,3.18,3.18,NA
"2841","Grid","PDP8_rev_high",2035,NA,NA,NA,NA,NA,NA,NA,NA,3.18,3.18,3.18,NA
"2842","Grid","PDP8_rev_high",2036,NA,NA,NA,NA,NA,NA,NA,NA,1.86,1.86,1.86,NA
"2843","Grid","PDP8_rev_high",2037,NA,NA,NA,NA,NA,NA,NA,NA,1.86,1.86,1.86,NA
"2844","Grid","PDP8_rev_high",2038,NA,NA,NA,NA,NA,NA,NA,NA,1.86,1.86,1.86,NA
"2845","Grid","PDP8_rev_high",2039,NA,NA,NA,NA,NA,NA,NA,NA,1.86,1.86,1.86,NA
"2846","Grid","PDP8_rev_high",2040,NA,NA,NA,NA,NA,NA,NA,NA,1.86,1.86,1.86,NA
"2847","Grid","PDP8_rev_high",2041,NA,NA,NA,NA,NA,NA,NA,NA,1.86,1.86,1.86,NA
"2848","Grid","PDP8_rev_high",2042,NA,NA,NA,NA,NA,NA,NA,NA,1.86,1.86,1.86,NA
"2849","Grid","PDP8_rev_high",2043,NA,NA,NA,NA,NA,NA,NA,NA,1.86,1.86,1.86,NA
"2850","Grid","PDP8_rev_high",2044,NA,NA,NA,NA,NA,NA,NA,NA,1.86,1.86,1.86,NA
"2851","Grid","PDP8_rev_high",2045,NA,NA,NA,NA,NA,NA,NA,NA,1.86,1.86,1.86,NA
"2852","Grid","PDP8_rev_high",2046,NA,NA,NA,NA,NA,NA,NA,NA,1.86,1.86,1.86,NA
"2853","Grid","PDP8_rev_high",2047,NA,NA,NA,NA,NA,NA,NA,NA,1.86,1.86,1.86,NA
"2854","Grid","PDP8_rev_high",2048,NA,NA,NA,NA,NA,NA,NA,NA,1.86,1.86,1.86,NA
"2855","Grid","PDP8_rev_high",2049,NA,NA,NA,NA,NA,NA,NA,NA,1.86,1.86,1.86,NA
"2856","Grid","PDP8_rev_high",2050,NA,NA,NA,NA,NA,NA,NA,NA,1.86,1.86,1.86,NA
"2857","Grid","PDP8_rev_low",2000,NA,NA,NA,NA,NA,NA,NA,NA,NA,NA,NA,NA
"2858","Grid","PDP8_rev_low",2001,NA,NA,NA,NA,NA,NA,NA,NA,NA,NA,NA,NA
"2859","Grid","PDP8_rev_low",2002,NA,NA,NA,NA,NA,NA,NA,NA,NA,NA,NA,NA
"2860","Grid","PDP8_rev_low",2003,NA,NA,NA,NA,NA,NA,NA,NA,NA,NA,NA,NA
"2861","Grid","PDP8_rev_low",2004,NA,NA,NA,NA,NA,NA,NA,NA,NA,NA,NA,NA
"2862","Grid","PDP8_rev_low",2005,NA,NA,NA,NA,NA,NA,NA,NA,NA,NA,NA,NA
"2863","Grid","PDP8_rev_low",2006,NA,NA,NA,NA,NA,NA,NA,NA,NA,NA,NA,NA
"2864","Grid","PDP8_rev_low",2007,NA,NA,NA,NA,NA,NA,NA,NA,NA,NA,NA,NA
"2865","Grid","PDP8_rev_low",2008,NA,NA,NA,NA,NA,NA,NA,NA,NA,NA,NA,NA
"2866","Grid","PDP8_rev_low",2009,NA,NA,NA,NA,NA,NA,NA,NA,NA,NA,NA,NA
"2867","Grid","PDP8_rev_low",2010,NA,NA,NA,NA,NA,NA,NA,NA,NA,NA,NA,NA
"2868","Grid","PDP8_rev_low",2011,NA,NA,NA,NA,NA,NA,NA,NA,NA,NA,NA,NA
"2869","Grid","PDP8_rev_low",2012,NA,NA,NA,NA,NA,NA,NA,NA,NA,NA,NA,NA
"2870","Grid","PDP8_rev_low",2013,NA,NA,NA,NA,NA,NA,NA,NA,NA,NA,NA,NA
"2871","Grid","PDP8_rev_low",2014,NA,NA,NA,NA,NA,NA,NA,NA,NA,NA,NA,NA
"2872","Grid","PDP8_rev_low",2015,NA,NA,NA,NA,NA,NA,NA,NA,NA,NA,NA,NA
"2873","Grid","PDP8_rev_low",2016,NA,NA,NA,NA,NA,NA,NA,NA,NA,NA,NA,NA
"2874","Grid","PDP8_rev_low",2017,NA,NA,NA,NA,NA,NA,NA,NA,NA,NA,NA,NA
"2875","Grid","PDP8_rev_low",2018,NA,NA,NA,NA,NA,NA,NA,NA,NA,NA,NA,NA
"2876","Grid","PDP8_rev_low",2019,NA,NA,NA,NA,NA,NA,NA,NA,NA,NA,NA,NA
"2877","Grid","PDP8_rev_low",2020,NA,NA,NA,NA,NA,NA,NA,NA,NA,NA,NA,NA
"2878","Grid","PDP8_rev_low",2021,NA,NA,NA,NA,NA,NA,NA,NA,NA,NA,NA,NA
"2879","Grid","PDP8_rev_low",2022,NA,NA,NA,NA,NA,NA,NA,NA,NA,NA,NA,NA
"2880","Grid","PDP8_rev_low",2023,NA,NA,NA,NA,NA,NA,NA,NA,NA,NA,NA,NA
"2881","Grid","PDP8_rev_low",2024,NA,NA,NA,NA,NA,NA,NA,NA,NA,NA,NA,NA
"2882","Grid","PDP8_rev_low",2025,NA,NA,NA,NA,NA,NA,NA,NA,NA,NA,NA,NA
"2883","Grid","PDP8_rev_low",2026,NA,NA,NA,NA,NA,NA,NA,NA,3.62,3.62,3.62,NA
"2884","Grid","PDP8_rev_low",2027,NA,NA,NA,NA,NA,NA,NA,NA,3.62,3.62,3.62,NA
"2885","Grid","PDP8_rev_low",2028,NA,NA,NA,NA,NA,NA,NA,NA,3.62,3.62,3.62,NA
"2886","Grid","PDP8_rev_low",2029,NA,NA,NA,NA,NA,NA,NA,NA,3.62,3.62,3.62,NA
"2887","Grid","PDP8_rev_low",2030,NA,NA,NA,NA,NA,NA,NA,NA,3.62,3.62,3.62,NA
"2888","Grid","PDP8_rev_low",2031,NA,NA,NA,NA,NA,NA,NA,NA,3.18,3.18,3.18,NA
"2889","Grid","PDP8_rev_low",2032,NA,NA,NA,NA,NA,NA,NA,NA,3.18,3.18,3.18,NA
"2890","Grid","PDP8_rev_low",2033,NA,NA,NA,NA,NA,NA,NA,NA,3.18,3.18,3.18,NA
"2891","Grid","PDP8_rev_low",2034,NA,NA,NA,NA,NA,NA,NA,NA,3.18,3.18,3.18,NA
"2892","Grid","PDP8_rev_low",2035,NA,NA,NA,NA,NA,NA,NA,NA,3.18,3.18,3.18,NA
"2893","Grid","PDP8_rev_low",2036,NA,NA,NA,NA,NA,NA,NA,NA,1.86,1.86,1.86,NA
"2894","Grid","PDP8_rev_low",2037,NA,NA,NA,NA,NA,NA,NA,NA,1.86,1.86,1.86,NA
"2895","Grid","PDP8_rev_low",2038,NA,NA,NA,NA,NA,NA,NA,NA,1.86,1.86,1.86,NA
"2896","Grid","PDP8_rev_low",2039,NA,NA,NA,NA,NA,NA,NA,NA,1.86,1.86,1.86,NA
"2897","Grid","PDP8_rev_low",2040,NA,NA,NA,NA,NA,NA,NA,NA,1.86,1.86,1.86,NA
"2898","Grid","PDP8_rev_low",2041,NA,NA,NA,NA,NA,NA,NA,NA,1.86,1.86,1.86,NA
"2899","Grid","PDP8_rev_low",2042,NA,NA,NA,NA,NA,NA,NA,NA,1.86,1.86,1.86,NA
"2900","Grid","PDP8_rev_low",2043,NA,NA,NA,NA,NA,NA,NA,NA,1.86,1.86,1.86,NA
"2901","Grid","PDP8_rev_low",2044,NA,NA,NA,NA,NA,NA,NA,NA,1.86,1.86,1.86,NA
"2902","Grid","PDP8_rev_low",2045,NA,NA,NA,NA,NA,NA,NA,NA,1.86,1.86,1.86,NA
"2903","Grid","PDP8_rev_low",2046,NA,NA,NA,NA,NA,NA,NA,NA,1.86,1.86,1.86,NA
"2904","Grid","PDP8_rev_low",2047,NA,NA,NA,NA,NA,NA,NA,NA,1.86,1.86,1.86,NA
"2905","Grid","PDP8_rev_low",2048,NA,NA,NA,NA,NA,NA,NA,NA,1.86,1.86,1.86,NA
"2906","Grid","PDP8_rev_low",2049,NA,NA,NA,NA,NA,NA,NA,NA,1.86,1.86,1.86,NA
"2907","Grid","PDP8_rev_low",2050,NA,NA,NA,NA,NA,NA,NA,NA,1.86,1.86,1.86,NA
